date,sales,outside,humidity,precip_intensity_max,precip_max_time,precip_type,summary,day_of_week,month,closed,temp_very_cold,temp_cold,temp_warm,temp_hot,temp_very_hot
2017-01-02,12814.84,0,0.93,0.0243,03:00PM,rain,rain,0,1,0,0.0,1.0,0.0,0.0,0.0
2017-01-03,12442.11,0,0.95,0.0919,05:00PM,rain,rain,1,1,0,0.0,0.0,1.0,0.0,0.0
2017-01-04,11877.64,0,0.37,0.018000000000000002,12:00AM,rain,clear-night,2,1,0,0.0,1.0,0.0,0.0,0.0
2017-01-05,14057.79,0,0.49,0.0,05:01AM,none_,cloudy,3,1,0,0.0,1.0,0.0,0.0,0.0
2017-01-06,14531.97,0,0.49,0.0023,12:00PM,snow,partly-cloudy-night,4,1,0,0.0,1.0,0.0,0.0,0.0
2017-01-07,16751.239999999998,0,0.87,0.0004,01:00PM,none_,fog,5,1,0,1.0,0.0,0.0,0.0,0.0
2017-01-08,13628.09,0,0.51,0.0,05:01AM,none_,clear-night,6,1,0,1.0,0.0,0.0,0.0,0.0
2017-01-09,12604.6,0,0.61,0.0,05:01AM,none_,partly-cloudy-night,0,1,0,1.0,0.0,0.0,0.0,0.0
2017-01-10,13227.15,0,0.84,0.0046,11:00PM,rain,cloudy,1,1,0,0.0,1.0,0.0,0.0,0.0
2017-01-11,14294.739999999998,0,0.84,0.0959,03:00AM,rain,partly-cloudy-night,2,1,0,0.0,0.0,1.0,0.0,0.0
2017-01-12,15468.55,0,0.71,0.0878,12:00AM,rain,cloudy,3,1,0,0.0,0.0,0.0,1.0,0.0
2017-01-13,14839.62,0,0.47,0.0,05:01AM,none_,partly-cloudy-night,4,1,0,0.0,1.0,0.0,0.0,0.0
2017-01-14,17289.53,0,0.9,0.0005,05:00PM,none_,cloudy,5,1,0,0.0,1.0,0.0,0.0,0.0
2017-01-15,14541.24,0,0.65,0.0081,12:00PM,rain,clear-night,6,1,0,0.0,1.0,0.0,0.0,0.0
2017-01-16,13852.72,0,0.61,0.0003,02:00PM,none_,partly-cloudy-night,0,1,0,0.0,1.0,0.0,0.0,0.0
2017-01-17,11401.96,0,0.93,0.0615,07:00PM,rain,rain,1,1,0,0.0,0.0,1.0,0.0,0.0
2017-01-18,11972.37,0,0.87,0.022000000000000002,04:00AM,rain,cloudy,2,1,0,0.0,0.0,1.0,0.0,0.0
2017-01-19,14409.93,0,0.74,0.0,05:01AM,none_,partly-cloudy-night,3,1,0,0.0,0.0,1.0,0.0,0.0
2017-01-20,16559.2,0,0.9,0.0229,06:00PM,rain,cloudy,4,1,0,0.0,0.0,1.0,0.0,0.0
2017-01-21,18003.79,0,0.94,0.0018,12:00AM,rain,cloudy,5,1,0,0.0,0.0,1.0,0.0,0.0
2017-01-23,13118.67,0,0.9,0.1399,08:00PM,rain,rain,0,1,0,0.0,1.0,0.0,0.0,0.0
2017-01-24,15002.2,0,0.87,0.1211,12:00AM,rain,rain,1,1,0,0.0,1.0,0.0,0.0,0.0
2017-01-25,15672.27,0,0.73,0.0015,12:00AM,rain,partly-cloudy-night,2,1,0,0.0,0.0,1.0,0.0,0.0
2017-01-26,13125.48,0,0.56,0.0067,11:00AM,rain,partly-cloudy-night,3,1,0,0.0,0.0,1.0,0.0,0.0
2017-01-27,15530.009999999998,0,0.59,0.0,05:01AM,none_,cloudy,4,1,0,0.0,1.0,0.0,0.0,0.0
2017-01-28,17448.77,0,0.57,0.0,05:01AM,none_,cloudy,5,1,0,0.0,1.0,0.0,0.0,0.0
2017-01-29,13307.47,0,0.49,0.0,05:01AM,none_,partly-cloudy-night,6,1,0,0.0,1.0,0.0,0.0,0.0
2017-01-30,13181.96,0,0.45,0.0,05:01AM,none_,clear-night,0,1,0,0.0,1.0,0.0,0.0,0.0
2017-01-31,14939.51,0,0.87,0.0004,03:00PM,none_,cloudy,1,1,0,0.0,1.0,0.0,0.0,0.0
2017-02-01,13323.7,0,0.67,0.005,12:00PM,rain,cloudy,2,2,0,0.0,0.0,1.0,0.0,0.0
2017-02-02,17747.129999999994,0,0.54,0.0,05:01AM,none_,partly-cloudy-night,3,2,0,0.0,1.0,0.0,0.0,0.0
2017-02-03,17399.43,0,0.45,0.0,05:01AM,none_,cloudy,4,2,0,0.0,1.0,0.0,0.0,0.0
2017-02-04,17545.949999999993,0,0.41,0.0,05:01AM,none_,clear-night,5,2,0,0.0,1.0,0.0,0.0,0.0
2017-02-05,0.0,0,0.48,0.0,05:01AM,none_,partly-cloudy-night,6,2,1,0.0,1.0,0.0,0.0,0.0
2017-02-06,11341.53,0,0.73,0.0,05:01AM,none_,clear-night,0,2,0,0.0,0.0,1.0,0.0,0.0
2017-02-07,13435.24,0,0.93,0.0702,12:00PM,rain,cloudy,1,2,0,0.0,1.0,0.0,0.0,0.0
2017-02-08,14382.570000000003,0,0.58,0.0138,04:00AM,rain,partly-cloudy-night,2,2,0,0.0,0.0,1.0,0.0,0.0
2017-02-09,13655.02,0,0.54,0.0076,06:00AM,snow,partly-cloudy-night,3,2,0,1.0,0.0,0.0,0.0,0.0
2017-02-10,15970.63,0,0.57,0.0077,03:00PM,snow,cloudy,4,2,0,1.0,0.0,0.0,0.0,0.0
2017-02-11,16634.659999999996,0,0.66,0.0121,01:00PM,rain,partly-cloudy-night,5,2,0,0.0,0.0,1.0,0.0,0.0
2017-02-12,13399.8,0,0.94,0.0195,01:00PM,rain,rain,6,2,0,0.0,1.0,0.0,0.0,0.0
2017-02-13,14480.929999999997,0,0.59,0.0062,12:00PM,snow,clear-night,0,2,0,0.0,1.0,0.0,0.0,0.0
2017-02-14,14081.16,0,0.67,0.0054,03:00PM,rain,clear-night,1,2,0,0.0,1.0,0.0,0.0,0.0
2017-02-15,15359.01,0,0.75,0.0032,07:00PM,rain,cloudy,2,2,0,0.0,1.0,0.0,0.0,0.0
2017-02-16,15015.679999999997,0,0.54,0.0,05:01AM,none_,partly-cloudy-night,3,2,0,1.0,0.0,0.0,0.0,0.0
2017-02-17,16412.299999999996,0,0.46,0.0,05:01AM,none_,partly-cloudy-night,4,2,0,0.0,1.0,0.0,0.0,0.0
2017-02-18,15832.199999999995,0,0.49,0.0,05:01AM,none_,clear-night,5,2,0,0.0,0.0,0.0,1.0,0.0
2017-02-19,15567.31,0,0.48,0.0,05:01AM,none_,clear-night,6,2,0,0.0,0.0,1.0,0.0,0.0
2017-02-20,12690.499999999998,0,0.32,0.0,05:01AM,none_,clear-night,0,2,0,0.0,0.0,1.0,0.0,0.0
2017-02-21,13479.98,0,0.72,0.0,05:01AM,none_,partly-cloudy-night,1,2,0,0.0,0.0,1.0,0.0,0.0
2017-02-22,12884.12,0,0.76,0.0,05:01AM,none_,partly-cloudy-night,2,2,0,0.0,0.0,1.0,0.0,0.0
2017-02-23,13450.75,0,0.79,0.0,05:01AM,none_,partly-cloudy-night,3,2,0,0.0,0.0,0.0,1.0,0.0
2017-02-24,14834.67,0,0.8,0.0,05:01AM,none_,clear-night,4,2,0,0.0,0.0,0.0,1.0,0.0
2017-02-25,16599.519999999997,0,0.88,0.1655,08:00PM,rain,rain,5,2,0,0.0,0.0,1.0,0.0,0.0
2017-02-26,13563.85,0,0.47,0.0,05:01AM,none_,partly-cloudy-night,6,2,0,0.0,1.0,0.0,0.0,0.0
2017-02-27,13716.86,0,0.54,0.0,05:01AM,none_,partly-cloudy-night,0,2,0,0.0,0.0,1.0,0.0,0.0
2017-02-28,15136.089999999998,0,0.9,0.0,05:01AM,none_,cloudy,1,2,0,0.0,0.0,1.0,0.0,0.0
2017-03-01,13173.48,0,0.61,0.08,12:00PM,rain,clear-night,2,3,0,0.0,0.0,0.0,1.0,0.0
2017-03-02,14391.19,0,0.33,0.0011,02:00AM,rain,clear-night,3,3,0,0.0,1.0,0.0,0.0,0.0
2017-03-03,14819.79,0,0.55,0.0,05:01AM,none_,partly-cloudy-night,4,3,0,1.0,0.0,0.0,0.0,0.0
2017-03-04,18980.78,0,0.31,0.0,05:01AM,none_,clear-night,5,3,0,1.0,0.0,0.0,0.0,0.0
2017-03-05,14517.5,0,0.27,0.0,05:01AM,none_,clear-night,6,3,0,0.0,1.0,0.0,0.0,0.0
2017-03-06,13041.74,0,0.55,0.0,05:01AM,none_,cloudy,0,3,0,0.0,0.0,1.0,0.0,0.0
2017-03-07,13784.06,0,0.87,0.0316,11:00AM,rain,cloudy,1,3,0,0.0,0.0,1.0,0.0,0.0
2017-03-08,14269.45,0,0.35,0.0156,07:00AM,rain,clear-night,2,3,0,0.0,0.0,0.0,1.0,0.0
2017-03-09,14575.669999999998,0,0.33,0.0,05:01AM,none_,partly-cloudy-night,3,3,0,0.0,0.0,1.0,0.0,0.0
2017-03-10,14885.909999999998,0,0.47,0.0232,04:00PM,snow,partly-cloudy-night,4,3,0,1.0,0.0,0.0,0.0,0.0
2017-03-11,16960.54,0,0.5,0.0,05:01AM,none_,partly-cloudy-night,5,3,0,1.0,0.0,0.0,0.0,0.0
2017-03-12,14304.03,0,0.37,0.0,05:01AM,none_,clear-night,6,3,0,1.0,0.0,0.0,0.0,0.0
2017-03-13,13130.57,0,0.53,0.0004,03:00PM,none_,partly-cloudy-night,0,3,0,0.0,1.0,0.0,0.0,0.0
2017-03-14,0.0,0,0.8,0.023,01:00PM,snow,cloudy,1,3,1,1.0,0.0,0.0,0.0,0.0
2017-03-15,13096.54,0,0.56,0.0,05:01AM,none_,cloudy,2,3,0,1.0,0.0,0.0,0.0,0.0
2017-03-16,14506.04,0,0.37,0.022000000000000002,03:00PM,rain,clear-night,3,3,0,0.0,1.0,0.0,0.0,0.0
2017-03-17,18070.45,0,0.4,0.0086,02:00PM,rain,clear-night,4,3,0,0.0,0.0,1.0,0.0,0.0
2017-03-18,17417.11,0,0.89,0.011000000000000001,06:00PM,sleet,sleet,5,3,0,0.0,1.0,0.0,0.0,0.0
2017-03-19,14875.57,0,0.39,0.0004,11:00AM,none_,clear-night,6,3,0,0.0,0.0,1.0,0.0,0.0
2017-03-20,13641.76,0,0.35,0.0,05:01AM,none_,partly-cloudy-night,0,3,0,0.0,0.0,1.0,0.0,0.0
2017-03-21,13840.11,0,0.45,0.0,05:01AM,none_,partly-cloudy-night,1,3,0,0.0,0.0,1.0,0.0,0.0
2017-03-22,13219.24,0,0.28,0.0,05:01AM,none_,clear-night,2,3,0,1.0,0.0,0.0,0.0,0.0
2017-03-24,14918.99,0,0.57,0.0009,02:00PM,none_,partly-cloudy-night,4,3,0,0.0,0.0,1.0,0.0,0.0
2017-03-25,18004.2,0,0.83,0.0027,08:00PM,rain,cloudy,5,3,0,0.0,0.0,1.0,0.0,0.0
2017-03-26,15594.25,0,0.86,0.0088,04:00AM,rain,cloudy,6,3,0,0.0,1.0,0.0,0.0,0.0
2017-03-27,14012.569999999998,0,0.87,0.0767,10:00AM,rain,partly-cloudy-night,0,3,0,0.0,0.0,1.0,0.0,0.0
2017-03-28,13064.82,0,0.94,0.0731,12:00PM,rain,rain,1,3,0,0.0,0.0,1.0,0.0,0.0
2017-03-29,13911.06,0,0.41,0.0049,12:00AM,rain,clear-night,2,3,0,0.0,0.0,1.0,0.0,0.0
2017-03-30,14750.53,0,0.59,0.0,12:00AM,none_,cloudy,3,3,0,0.0,0.0,1.0,0.0,0.0
2017-03-31,14243.56,0,0.92,0.1174,08:00PM,rain,rain,4,3,0,0.0,1.0,0.0,0.0,0.0
2017-04-01,18290.05,0,0.7,0.0241,12:00AM,rain,cloudy,5,4,0,0.0,0.0,1.0,0.0,0.0
2017-04-02,14055.4,0,0.38,0.0,05:01AM,none_,clear-night,6,4,0,0.0,0.0,0.0,1.0,0.0
2017-04-03,14837.15,0,0.61,0.0009,12:00AM,none_,cloudy,0,4,0,0.0,0.0,1.0,0.0,0.0
2017-04-04,12947.14,0,0.9,0.3512,04:00AM,rain,cloudy,1,4,0,0.0,0.0,1.0,0.0,0.0
2017-04-05,12610.13,1,0.78,0.0,05:01AM,none_,clear-night,2,4,0,0.0,0.0,1.0,0.0,0.0
2017-04-06,13564.94,0,0.95,0.2136,05:00PM,rain,partly-cloudy-night,3,4,0,0.0,0.0,1.0,0.0,0.0
2017-04-07,15871.63,0,0.62,0.0011,01:00PM,rain,cloudy,4,4,0,0.0,1.0,0.0,0.0,0.0
2017-04-08,16801.92,0,0.31,0.0,05:01AM,none_,clear-night,5,4,0,0.0,0.0,1.0,0.0,0.0
2017-04-09,13944.97,0,0.47,0.0,05:01AM,none_,clear-night,6,4,0,0.0,0.0,0.0,1.0,0.0
2017-04-10,17458.15,1,0.42,0.0,05:01AM,none_,clear-night,0,4,0,0.0,0.0,0.0,1.0,0.0
2017-04-11,15765.8,1,0.53,0.0,05:01AM,none_,clear-night,1,4,0,0.0,0.0,0.0,1.0,0.0
2017-04-12,19837.87,1,0.41,0.009000000000000001,01:00PM,rain,clear-night,2,4,0,0.0,0.0,0.0,1.0,0.0
2017-04-13,19152.21,1,0.33,0.0,05:01AM,none_,partly-cloudy-night,3,4,0,0.0,0.0,0.0,1.0,0.0
2017-04-14,20412.7,1,0.46,0.0,05:01AM,none_,clear-night,4,4,0,0.0,0.0,0.0,1.0,0.0
2017-04-15,21810.18,1,0.76,0.0,05:01AM,none_,cloudy,5,4,0,0.0,0.0,0.0,1.0,0.0
2017-04-16,17583.989999999998,1,0.4,0.0008,06:00PM,none_,clear-night,6,4,0,0.0,0.0,0.0,0.0,1.0
2017-04-17,15066.579999999998,1,0.28,0.0,05:01AM,none_,clear-night,0,4,0,0.0,0.0,0.0,1.0,0.0
2017-04-18,13545.609999999995,1,0.62,0.0,05:01AM,none_,clear-night,1,4,0,0.0,0.0,1.0,0.0,0.0
2017-04-19,12013.75,0,0.8,0.003,10:00PM,rain,cloudy,2,4,0,0.0,0.0,1.0,0.0,0.0
2017-04-20,14418.24,1,0.77,0.0333,08:00AM,rain,cloudy,3,4,0,0.0,0.0,0.0,1.0,0.0
2017-04-21,16031.95,1,0.9,0.0567,02:00AM,rain,cloudy,4,4,0,0.0,0.0,1.0,0.0,0.0
2017-04-22,17513.949999999993,0,0.78,0.0127,04:00PM,rain,cloudy,5,4,0,0.0,0.0,1.0,0.0,0.0
2017-04-23,17684.269999999997,1,0.66,0.0,05:01AM,none_,partly-cloudy-night,6,4,0,0.0,0.0,1.0,0.0,0.0
2017-04-24,14321.38,0,0.67,0.0,05:01AM,none_,cloudy,0,4,0,0.0,0.0,0.0,1.0,0.0
2017-04-25,15762.3,0,0.94,0.1495,10:00PM,rain,rain,1,4,0,0.0,0.0,1.0,0.0,0.0
2017-04-26,14203.219999999998,1,0.91,0.0172,06:00AM,rain,cloudy,2,4,0,0.0,0.0,0.0,1.0,0.0
2017-04-27,13968.95,1,0.91,0.0014,02:00AM,rain,cloudy,3,4,0,0.0,0.0,0.0,1.0,0.0
2017-04-28,22179.55,1,0.36,0.0014,05:00AM,rain,partly-cloudy-night,4,4,0,0.0,0.0,0.0,0.0,1.0
2017-04-29,23920.469999999994,1,0.53,0.0482,06:00AM,rain,partly-cloudy-night,5,4,0,0.0,0.0,0.0,0.0,1.0
2017-04-30,14023.2,1,0.65,0.0,05:01AM,none_,cloudy,6,4,0,0.0,0.0,1.0,0.0,0.0
2017-05-01,15385.12,1,0.74,0.0,05:01AM,none_,partly-cloudy-night,0,5,0,0.0,0.0,0.0,1.0,0.0
2017-05-02,18539.12,1,0.36,0.0074,07:00AM,rain,partly-cloudy-night,1,5,0,0.0,0.0,0.0,1.0,0.0
2017-05-03,15489.27,1,0.38,0.0,05:01AM,none_,clear-night,2,5,0,0.0,0.0,0.0,1.0,0.0
2017-05-04,14832.34,1,0.64,0.0,05:01AM,none_,partly-cloudy-night,3,5,0,0.0,0.0,1.0,0.0,0.0
2017-05-05,15769.13,0,0.94,0.3874,02:00PM,rain,cloudy,4,5,0,0.0,0.0,0.0,1.0,0.0
2017-05-06,18954.37,1,0.8,0.0238,03:00AM,rain,partly-cloudy-night,5,5,0,0.0,0.0,0.0,1.0,0.0
2017-05-07,14938.69,0,0.69,0.0011,05:00PM,rain,cloudy,6,5,0,0.0,0.0,1.0,0.0,0.0
2017-05-08,14801.45,1,0.44,0.0,05:01AM,none_,partly-cloudy-night,0,5,0,0.0,0.0,0.0,1.0,0.0
2017-05-09,13469.84,1,0.57,0.0,05:01AM,none_,partly-cloudy-night,1,5,0,0.0,0.0,0.0,1.0,0.0
2017-05-10,16527.61,1,0.6,0.0,05:01AM,none_,partly-cloudy-night,2,5,0,0.0,0.0,0.0,1.0,0.0
2017-05-11,17848.78,1,0.6,0.0,05:01AM,none_,partly-cloudy-night,3,5,0,0.0,0.0,0.0,1.0,0.0
2017-05-12,18747.37,1,0.67,0.0,05:01AM,none_,partly-cloudy-night,4,5,0,0.0,0.0,0.0,1.0,0.0
2017-05-13,16634.99,0,0.93,0.1323,04:00PM,rain,rain,5,5,0,0.0,0.0,1.0,0.0,0.0
2017-05-14,17343.57,1,0.6,0.0123,12:00AM,rain,partly-cloudy-day,6,5,0,0.0,0.0,0.0,1.0,0.0
2017-05-15,19517.050000000007,1,0.47,0.0,05:01AM,none_,partly-cloudy-day,0,5,0,0.0,0.0,0.0,1.0,0.0
2017-05-16,20302.869999999995,1,0.41,0.0,05:01AM,none_,partly-cloudy-day,1,5,0,0.0,0.0,0.0,0.0,1.0
2017-05-17,16779.5,1,0.5,0.0,05:01AM,none_,clear-day,2,5,0,0.0,0.0,0.0,0.0,1.0
2017-05-18,18928.199999999993,1,0.48,0.0,05:01AM,none_,clear-day,3,5,0,0.0,0.0,0.0,0.0,1.0
2017-05-19,20266.91,1,0.46,0.0004,05:00PM,none_,partly-cloudy-day,4,5,0,0.0,0.0,0.0,0.0,1.0
2017-05-20,23298.469999999994,1,0.59,0.0015,08:00AM,rain,partly-cloudy-day,5,5,0,0.0,0.0,0.0,1.0,0.0
2017-05-21,18246.0,1,0.52,0.0,05:01AM,none_,partly-cloudy-day,6,5,0,0.0,0.0,0.0,1.0,0.0
2017-05-22,14307.2,0,0.95,0.0779,04:00PM,rain,cloudy,0,5,0,0.0,0.0,0.0,1.0,0.0
2017-05-23,17136.03,1,0.64,0.0,05:01AM,none_,partly-cloudy-day,1,5,0,0.0,0.0,0.0,1.0,0.0
2017-05-24,17580.299999999996,1,0.68,0.0091,07:00AM,rain,partly-cloudy-day,2,5,0,0.0,0.0,0.0,1.0,0.0
2017-05-25,15073.34,0,0.95,0.0742,12:00AM,rain,rain,3,5,0,0.0,0.0,0.0,1.0,0.0
2017-05-26,21286.48,1,0.61,0.0952,01:00AM,rain,partly-cloudy-day,4,5,0,0.0,0.0,0.0,0.0,1.0
2017-05-27,21122.05,1,0.71,0.0,05:01AM,none_,cloudy,5,5,0,0.0,0.0,0.0,1.0,0.0
2017-05-28,21584.69,1,0.67,0.0002,12:00AM,none_,partly-cloudy-day,6,5,0,0.0,0.0,0.0,1.0,0.0
2017-05-29,14086.2,1,0.87,0.0262,06:00AM,rain,cloudy,0,5,0,0.0,0.0,0.0,1.0,0.0
2017-05-30,13965.62,1,0.9,0.0033,03:00PM,rain,cloudy,1,5,0,0.0,0.0,0.0,1.0,0.0
2017-05-31,17932.979999999996,1,0.74,0.0083,07:00AM,rain,clear-day,2,5,0,0.0,0.0,0.0,1.0,0.0
2017-06-01,17090.9,1,0.4,0.0004,12:00AM,none_,clear-day,3,6,0,0.0,0.0,0.0,0.0,1.0
2017-06-02,22712.79,1,0.37,0.0,05:01AM,none_,clear-day,4,6,0,0.0,0.0,0.0,0.0,1.0
2017-06-03,24031.63,1,0.36,0.0062,09:00AM,rain,clear-day,5,6,0,0.0,0.0,0.0,0.0,1.0
2017-06-04,14567.500000000002,0,0.82,0.0082,04:00PM,rain,cloudy,6,6,0,0.0,0.0,0.0,1.0,0.0
2017-06-05,14268.04,1,0.91,0.022000000000000002,04:00AM,rain,cloudy,0,6,0,0.0,0.0,0.0,1.0,0.0
2017-06-06,15728.74,0,0.86,0.0138,09:00AM,rain,cloudy,1,6,0,0.0,0.0,0.0,1.0,0.0
2017-06-07,19252.97,1,0.64,0.0,05:01AM,none_,clear-day,2,6,0,0.0,0.0,0.0,1.0,0.0
2017-06-08,16688.07,1,0.58,0.0,05:01AM,none_,partly-cloudy-day,3,6,0,0.0,0.0,0.0,1.0,0.0
2017-06-09,22651.02,1,0.4,0.0,05:01AM,none_,partly-cloudy-day,4,6,0,0.0,0.0,0.0,0.0,1.0
2017-06-10,22254.239999999994,1,0.5,0.0,05:01AM,none_,partly-cloudy-day,5,6,0,0.0,0.0,0.0,0.0,1.0
2017-06-11,18248.209999999995,1,0.46,0.0,05:01AM,none_,clear-day,6,6,0,0.0,0.0,0.0,0.0,1.0
2017-06-12,17578.510000000002,1,0.45,0.0,05:01AM,none_,clear-day,0,6,0,0.0,0.0,0.0,0.0,1.0
2017-06-13,15456.31,1,0.49,0.0,05:01AM,none_,partly-cloudy-day,1,6,0,0.0,0.0,0.0,0.0,1.0
2017-06-14,18480.99,1,0.49,0.0162,08:00AM,rain,clear-day,2,6,0,0.0,0.0,0.0,0.0,1.0
2017-06-15,20487.230000000003,1,0.63,0.0,05:01AM,none_,partly-cloudy-day,3,6,0,0.0,0.0,0.0,1.0,0.0
2017-06-16,20674.78,1,0.91,0.0128,07:00PM,rain,cloudy,4,6,0,0.0,0.0,0.0,1.0,0.0
2017-06-17,21756.1,1,0.92,0.1281,02:00PM,rain,cloudy,5,6,0,0.0,0.0,0.0,0.0,1.0
2017-06-18,18356.879999999994,1,0.76,0.0,05:01AM,none_,partly-cloudy-day,6,6,0,0.0,0.0,0.0,0.0,1.0
2017-06-19,12991.77,0,0.93,0.1986,07:00PM,rain,rain,0,6,0,0.0,0.0,0.0,0.0,1.0
2017-06-20,18275.86,1,0.43,0.0097,02:00AM,rain,partly-cloudy-day,1,6,0,0.0,0.0,0.0,0.0,1.0
2017-06-21,18679.24,1,0.56,0.0006,06:00PM,none_,partly-cloudy-day,2,6,0,0.0,0.0,0.0,0.0,1.0
2017-06-22,20171.36,1,0.61,0.0,05:01AM,none_,partly-cloudy-day,3,6,0,0.0,0.0,0.0,0.0,1.0
2017-06-23,16353.36,1,0.79,0.0055,09:00PM,rain,rain,4,6,0,0.0,0.0,0.0,0.0,1.0
2017-06-24,23374.39,1,0.45,0.32,08:00AM,rain,partly-cloudy-day,5,6,0,0.0,0.0,0.0,0.0,1.0
2017-06-25,18404.039999999994,1,0.56,0.0002,03:00PM,none_,partly-cloudy-day,6,6,0,0.0,0.0,0.0,0.0,1.0
2017-06-26,17695.88,1,0.49,0.0,05:01AM,none_,clear-day,0,6,0,0.0,0.0,0.0,0.0,1.0
2017-06-27,16514.8,1,0.51,0.0404,06:00AM,rain,partly-cloudy-day,1,6,0,0.0,0.0,0.0,0.0,1.0
2017-06-28,20258.38,1,0.47,0.0,05:01AM,none_,partly-cloudy-day,2,6,0,0.0,0.0,0.0,0.0,1.0
2017-06-29,18345.13,1,0.67,0.0,05:01AM,none_,partly-cloudy-day,3,6,0,0.0,0.0,0.0,0.0,1.0
2017-06-30,20441.16,1,0.64,0.0003,11:00PM,none_,partly-cloudy-day,4,6,0,0.0,0.0,0.0,0.0,1.0
2017-07-01,21355.69,1,0.89,0.0566,08:00PM,rain,rain,5,7,0,0.0,0.0,0.0,0.0,1.0
2017-07-04,16763.649999999998,1,0.5,0.0027,12:00AM,rain,partly-cloudy-day,1,7,0,0.0,0.0,0.0,0.0,1.0
2017-07-05,17305.169999999995,1,0.54,0.0,05:01AM,none_,clear-day,2,7,0,0.0,0.0,0.0,0.0,1.0
2017-07-06,16835.379999999994,1,0.67,0.0,05:01AM,none_,partly-cloudy-day,3,7,0,0.0,0.0,0.0,0.0,1.0
2017-07-07,18709.34,1,0.75,0.337,12:00PM,rain,partly-cloudy-day,4,7,0,0.0,0.0,0.0,0.0,1.0
2017-07-08,23457.75,1,0.62,0.0133,12:00AM,rain,partly-cloudy-day,5,7,0,0.0,0.0,0.0,0.0,1.0
2017-07-09,18854.0,1,0.52,0.0,05:01AM,none_,clear-day,6,7,0,0.0,0.0,0.0,0.0,1.0
2017-07-10,17003.47,1,0.66,0.0,05:01AM,none_,partly-cloudy-day,0,7,0,0.0,0.0,0.0,0.0,1.0
2017-07-11,16950.61,1,0.71,0.0132,05:00AM,rain,partly-cloudy-day,1,7,0,0.0,0.0,0.0,0.0,1.0
2017-07-12,15246.97,1,0.67,0.003,10:00PM,rain,cloudy,2,7,0,0.0,0.0,0.0,0.0,1.0
2017-07-13,13736.99,0,0.84,0.012,07:00PM,rain,rain,3,7,0,0.0,0.0,0.0,0.0,1.0
2017-07-14,15212.84,0,0.94,0.0722,10:00AM,rain,cloudy,4,7,0,0.0,0.0,0.0,1.0,0.0
2017-07-15,22616.17,1,0.6,0.0027,02:00AM,rain,partly-cloudy-day,5,7,0,0.0,0.0,0.0,0.0,1.0
2017-07-16,19423.81,1,0.66,0.0,05:01AM,none_,clear-day,6,7,0,0.0,0.0,0.0,0.0,1.0
2017-07-17,17114.38,1,0.78,0.0018,09:00PM,rain,partly-cloudy-day,0,7,0,0.0,0.0,0.0,0.0,1.0
2017-07-18,18465.34,1,0.72,0.0,05:01AM,none_,partly-cloudy-day,1,7,0,0.0,0.0,0.0,0.0,1.0
2017-07-19,15835.23,1,0.58,0.0,05:01AM,none_,partly-cloudy-day,2,7,0,0.0,0.0,0.0,0.0,1.0
2017-07-20,16617.98,1,0.6,0.0072,09:00PM,rain,partly-cloudy-day,3,7,0,0.0,0.0,0.0,0.0,1.0
2017-07-21,20971.17,1,0.56,0.0,05:01AM,none_,clear-day,4,7,0,0.0,0.0,0.0,0.0,1.0
2017-07-22,19057.54,1,0.67,0.0758,12:00AM,rain,partly-cloudy-day,5,7,0,0.0,0.0,0.0,0.0,1.0
2017-07-24,14590.44,1,0.79,0.1302,06:00AM,rain,partly-cloudy-day,0,7,0,0.0,0.0,0.0,1.0,0.0
2017-07-25,16690.76,1,0.78,0.0,05:01AM,none_,cloudy,1,7,0,0.0,0.0,0.0,1.0,0.0
2017-07-26,19567.17,1,0.62,0.0,05:01AM,none_,partly-cloudy-day,2,7,0,0.0,0.0,0.0,0.0,1.0
2017-07-27,18607.4,1,0.83,0.0,05:01AM,none_,cloudy,3,7,0,0.0,0.0,0.0,0.0,1.0
2017-07-28,20115.74,1,0.75,0.0,05:01AM,none_,partly-cloudy-day,4,7,0,0.0,0.0,0.0,0.0,1.0
2017-07-29,22751.11,1,0.57,0.0009,09:00AM,rain,partly-cloudy-day,5,7,0,0.0,0.0,0.0,0.0,1.0
2017-07-30,20259.24,1,0.5,0.0,05:01AM,none_,clear-day,6,7,0,0.0,0.0,0.0,0.0,1.0
2017-07-31,17848.370000000006,1,0.6,0.0,05:01AM,none_,partly-cloudy-day,0,7,0,0.0,0.0,0.0,0.0,1.0
2017-08-01,14715.86,1,0.6,0.0,05:01AM,none_,partly-cloudy-day,1,8,0,0.0,0.0,0.0,0.0,1.0
2017-08-02,16260.86,1,0.87,0.0423,06:00PM,rain,partly-cloudy-day,2,8,0,0.0,0.0,0.0,0.0,1.0
2017-08-03,19525.259999999995,1,0.73,0.0003,09:00PM,none_,partly-cloudy-day,3,8,0,0.0,0.0,0.0,0.0,1.0
2017-08-04,21803.73,1,0.77,0.0048,09:00AM,rain,partly-cloudy-day,4,8,0,0.0,0.0,0.0,0.0,1.0
2017-08-05,23863.22,1,0.54,0.1806,06:00AM,rain,partly-cloudy-day,5,8,0,0.0,0.0,0.0,0.0,1.0
2017-08-06,20467.84,1,0.57,0.0,05:01AM,none_,partly-cloudy-day,6,8,0,0.0,0.0,0.0,0.0,1.0
2017-08-07,13258.249999999998,0,0.91,0.1158,04:00PM,rain,rain,0,8,0,0.0,0.0,0.0,1.0,0.0
2017-08-08,16367.489999999998,1,0.63,0.0007,12:00AM,none_,partly-cloudy-night,1,8,0,0.0,0.0,0.0,0.0,1.0
2017-08-09,19525.2,1,0.6,0.0,05:01AM,none_,clear-night,2,8,0,0.0,0.0,0.0,0.0,1.0
2017-08-10,20483.489999999994,1,0.63,0.0,05:01AM,none_,partly-cloudy-night,3,8,0,0.0,0.0,0.0,0.0,1.0
2017-08-11,20502.63,1,0.68,0.0026,10:00PM,rain,cloudy,4,8,0,0.0,0.0,0.0,0.0,1.0
2017-08-12,21402.2,1,0.86,0.0903,03:00AM,rain,partly-cloudy-night,5,8,0,0.0,0.0,0.0,0.0,1.0
2017-08-13,19167.46,1,0.58,0.0,05:01AM,none_,partly-cloudy-night,6,8,0,0.0,0.0,0.0,0.0,1.0
2017-08-14,16887.089999999997,1,0.76,0.0,05:01AM,none_,partly-cloudy-night,0,8,0,0.0,0.0,0.0,0.0,1.0
2017-08-15,15814.97,1,0.91,0.0709,04:00AM,rain,cloudy,1,8,0,0.0,0.0,0.0,0.0,1.0
2017-08-16,18402.89,1,0.59,0.0,05:01AM,none_,clear-night,2,8,0,0.0,0.0,0.0,0.0,1.0
2017-08-17,17964.11,1,0.76,0.0,05:01AM,none_,partly-cloudy-night,3,8,0,0.0,0.0,0.0,0.0,1.0
2017-08-18,16952.829999999994,1,0.92,0.113,09:00AM,rain,rain,4,8,0,0.0,0.0,0.0,0.0,1.0
2017-08-19,22582.44,1,0.62,0.0,05:01AM,none_,clear-night,5,8,0,0.0,0.0,0.0,0.0,1.0
2017-08-20,17123.57,1,0.57,0.0,05:01AM,none_,clear-night,6,8,0,0.0,0.0,0.0,0.0,1.0
2017-08-21,17029.72,1,0.71,0.0,05:01AM,none_,clear-night,0,8,0,0.0,0.0,0.0,0.0,1.0
2017-08-22,15595.789999999995,1,0.69,0.0479,12:00AM,rain,partly-cloudy-night,1,8,0,0.0,0.0,0.0,0.0,1.0
2017-08-23,18835.74,1,0.52,0.1138,01:00AM,rain,partly-cloudy-night,2,8,0,0.0,0.0,0.0,0.0,1.0
2017-08-24,18486.74,1,0.49,0.0,05:01AM,none_,clear-night,3,8,0,0.0,0.0,0.0,0.0,1.0
2017-08-25,20794.34,1,0.57,0.0,05:01AM,none_,partly-cloudy-night,4,8,0,0.0,0.0,0.0,0.0,1.0
2017-08-26,19556.75,1,0.53,0.0,05:01AM,none_,clear-night,5,8,0,0.0,0.0,0.0,1.0,0.0
2017-08-27,20214.07,1,0.6,0.0,05:01AM,none_,partly-cloudy-night,6,8,0,0.0,0.0,0.0,1.0,0.0
2017-08-28,19474.14,1,0.6,0.0,05:01AM,none_,partly-cloudy-night,0,8,0,0.0,0.0,0.0,1.0,0.0
2017-08-29,12263.19,0,0.87,0.0296,05:00PM,rain,rain,1,8,0,0.0,0.0,0.0,1.0,0.0
2017-08-30,19401.14,1,0.6,0.0177,12:00AM,rain,partly-cloudy-night,2,8,0,0.0,0.0,0.0,0.0,1.0
2017-08-31,18963.38,1,0.55,0.0,04:00PM,none_,partly-cloudy-night,3,8,0,0.0,0.0,0.0,0.0,1.0
2017-09-01,20902.56,1,0.46,0.0,05:01AM,none_,partly-cloudy-night,4,9,0,0.0,0.0,0.0,1.0,0.0
2017-09-02,15546.439999999995,1,0.78,0.0968,11:00PM,rain,rain,5,9,0,0.0,0.0,0.0,1.0,0.0
2017-09-04,19093.88,1,0.6,0.0,05:01AM,none_,clear-night,0,9,0,0.0,0.0,0.0,0.0,1.0
2017-09-05,15330.969999999998,1,0.76,0.0099,09:00PM,rain,partly-cloudy-night,1,9,0,0.0,0.0,0.0,0.0,1.0
2017-09-06,19011.01,0,0.91,0.0843,10:00PM,rain,rain,2,9,0,0.0,0.0,0.0,1.0,0.0
2017-09-07,17132.96,1,0.57,0.0507,12:00AM,rain,clear-night,3,9,0,0.0,0.0,0.0,1.0,0.0
2017-09-08,20744.69,1,0.61,0.0,05:01AM,none_,partly-cloudy-night,4,9,0,0.0,0.0,0.0,1.0,0.0
2017-09-09,25070.04,1,0.64,0.0,05:01AM,none_,clear-night,5,9,0,0.0,0.0,0.0,1.0,0.0
2017-09-10,19838.99,1,0.54,0.0,05:01AM,none_,clear-night,6,9,0,0.0,0.0,0.0,1.0,0.0
2017-09-11,16540.239999999998,1,0.55,0.0,05:01AM,none_,clear-night,0,9,0,0.0,0.0,0.0,1.0,0.0
2017-09-12,19495.39,1,0.66,0.0,05:01AM,none_,clear-night,1,9,0,0.0,0.0,0.0,0.0,1.0
2017-09-13,16051.940000000002,1,0.88,0.0039,05:00PM,rain,cloudy,2,9,0,0.0,0.0,0.0,0.0,1.0
2017-09-14,18948.97,1,0.76,0.0,05:01AM,none_,partly-cloudy-night,3,9,0,0.0,0.0,0.0,0.0,1.0
2017-09-16,22973.97,1,0.86,0.0,05:01AM,none_,partly-cloudy-night,5,9,0,0.0,0.0,0.0,0.0,1.0
2017-09-17,18674.45,1,0.85,0.0,05:01AM,none_,partly-cloudy-night,6,9,0,0.0,0.0,0.0,0.0,1.0
2017-09-18,15380.44,1,0.84,0.0,05:01AM,none_,partly-cloudy-night,0,9,0,0.0,0.0,0.0,0.0,1.0
2017-09-19,13013.17,0,0.87,0.0191,04:00PM,rain,rain,1,9,0,0.0,0.0,0.0,0.0,1.0
2017-09-20,17127.5,1,0.72,0.0,05:01AM,none_,partly-cloudy-night,2,9,0,0.0,0.0,0.0,0.0,1.0
2017-09-21,17543.5,1,0.69,0.0,05:01AM,none_,clear-night,3,9,0,0.0,0.0,0.0,0.0,1.0
2017-09-22,23849.97,1,0.54,0.0,05:01AM,none_,partly-cloudy-night,4,9,0,0.0,0.0,0.0,0.0,1.0
2017-09-23,22119.18999999999,1,0.51,0.0,05:01AM,none_,clear-night,5,9,0,0.0,0.0,0.0,0.0,1.0
2017-09-24,21105.07,1,0.66,0.0,05:01AM,none_,clear-night,6,9,0,0.0,0.0,0.0,0.0,1.0
2017-09-25,16621.97,1,0.74,0.0,05:01AM,none_,clear-night,0,9,0,0.0,0.0,0.0,0.0,1.0
2017-09-26,15122.889999999998,1,0.81,0.0,05:01AM,none_,clear-night,1,9,0,0.0,0.0,0.0,0.0,1.0
2017-09-27,15899.96,1,0.84,0.0,05:01AM,none_,clear-night,2,9,0,0.0,0.0,0.0,0.0,1.0
2017-09-28,17033.1,1,0.5,0.0,05:01AM,none_,clear-night,3,9,0,0.0,0.0,0.0,1.0,0.0
2017-09-29,21847.5,1,0.61,0.0,05:01AM,none_,clear-night,4,9,0,0.0,0.0,0.0,1.0,0.0
2017-09-30,21802.44,1,0.76,0.0,03:00PM,none_,partly-cloudy-night,5,9,0,0.0,0.0,0.0,1.0,0.0
2017-10-01,18929.99,1,0.62,0.0,05:01AM,none_,clear-night,6,10,0,0.0,0.0,0.0,1.0,0.0
2017-10-02,14954.55,1,0.62,0.0,05:01AM,none_,clear-night,0,10,0,0.0,0.0,0.0,1.0,0.0
2017-10-03,17632.16,1,0.67,0.0,05:01AM,none_,clear-night,1,10,0,0.0,0.0,0.0,1.0,0.0
2017-10-04,16200.509999999998,1,0.72,0.0,05:01AM,none_,clear-night,2,10,0,0.0,0.0,0.0,1.0,0.0
2017-10-05,19582.61,1,0.65,0.0027,12:00AM,rain,partly-cloudy-night,3,10,0,0.0,0.0,0.0,0.0,1.0
2017-10-06,21679.16,1,0.82,0.0027,12:00AM,rain,partly-cloudy-night,4,10,0,0.0,0.0,0.0,0.0,1.0
2017-10-07,20741.32,1,0.82,0.0,05:01AM,none_,partly-cloudy-night,5,10,0,0.0,0.0,0.0,0.0,1.0
2017-10-08,19543.23,1,0.87,0.0407,10:00AM,rain,partly-cloudy-night,6,10,0,0.0,0.0,0.0,0.0,1.0
2017-10-09,11963.9,0,0.93,0.0729,02:00PM,rain,cloudy,0,10,0,0.0,0.0,0.0,0.0,1.0
2017-10-11,16162.21,1,0.84,0.0032,08:00PM,rain,rain,2,10,0,0.0,0.0,0.0,1.0,0.0
2017-10-12,16489.37,1,0.66,0.017,06:00AM,rain,partly-cloudy-night,3,10,0,0.0,0.0,0.0,1.0,0.0
2017-10-13,21280.36,1,0.81,0.0,05:01AM,none_,cloudy,4,10,0,0.0,0.0,0.0,1.0,0.0
2017-10-14,22069.9,1,0.84,0.0044,04:00AM,rain,cloudy,5,10,0,0.0,0.0,0.0,1.0,0.0
2017-10-15,19150.73,1,0.81,0.0,09:00AM,none_,cloudy,6,10,0,0.0,0.0,0.0,1.0,0.0
2017-10-16,13282.99,0,0.55,0.0048,05:00AM,rain,partly-cloudy-night,0,10,0,0.0,0.0,1.0,0.0,0.0
2017-10-17,12756.3,0,0.61,0.0,05:01AM,none_,clear-night,1,10,0,0.0,0.0,1.0,0.0,0.0
2017-10-18,16604.629999999994,1,0.68,0.0,05:01AM,none_,clear-night,2,10,0,0.0,0.0,0.0,1.0,0.0
2017-10-19,18486.050000000007,1,0.58,0.0,05:01AM,none_,clear-night,3,10,0,0.0,0.0,0.0,1.0,0.0
2017-10-20,20765.46,1,0.44,0.0,05:01AM,none_,clear-night,4,10,0,0.0,0.0,0.0,1.0,0.0
2017-10-21,24289.719999999994,1,0.58,0.0,05:01AM,none_,clear-night,5,10,0,0.0,0.0,0.0,1.0,0.0
2017-10-22,19438.08,1,0.7,0.0,05:01AM,none_,clear-night,6,10,0,0.0,0.0,0.0,1.0,0.0
2017-10-23,18651.8,1,0.84,0.0,05:01AM,none_,partly-cloudy-night,0,10,0,0.0,0.0,0.0,1.0,0.0
2017-10-24,13815.61,0,0.93,0.0676,03:00PM,rain,rain,1,10,0,0.0,0.0,0.0,1.0,0.0
2017-10-25,16344.68,1,0.67,0.0015,01:00AM,rain,partly-cloudy-night,2,10,0,0.0,0.0,0.0,1.0,0.0
2017-10-26,18960.79,0,0.58,0.0002,01:00PM,none_,clear-night,3,10,0,0.0,0.0,0.0,1.0,0.0
2017-10-27,18441.58,1,0.66,0.0,05:01AM,none_,clear-night,4,10,0,0.0,0.0,0.0,1.0,0.0
2017-10-28,23789.599999999995,1,0.83,0.0,05:01AM,none_,partly-cloudy-night,5,10,0,0.0,0.0,0.0,1.0,0.0
2017-10-29,13739.55,0,0.95,0.3146,10:00PM,rain,rain,6,10,0,0.0,0.0,0.0,1.0,0.0
2017-10-30,13910.509999999998,0,0.55,0.0606,12:00AM,rain,clear-night,0,10,0,0.0,0.0,1.0,0.0,0.0
2017-10-31,12840.32,0,0.5,0.0,05:01AM,none_,clear-night,1,10,0,0.0,0.0,1.0,0.0,0.0
2017-11-01,17228.12,0,0.71,0.0,05:01AM,none_,partly-cloudy-night,2,11,0,0.0,0.0,0.0,1.0,0.0
2017-11-02,16444.199999999993,1,0.82,0.0,05:01AM,none_,partly-cloudy-night,3,11,0,0.0,0.0,0.0,1.0,0.0
2017-11-03,21446.5,1,0.68,0.0,05:01AM,none_,partly-cloudy-night,4,11,0,0.0,0.0,0.0,1.0,0.0
2017-11-04,17404.57,0,0.72,0.0,05:01AM,none_,clear-night,5,11,0,0.0,0.0,1.0,0.0,0.0
2017-11-05,15677.17,0,0.95,0.0049,02:00AM,rain,cloudy,6,11,0,0.0,0.0,0.0,1.0,0.0
2017-11-06,14282.8,0,0.73,0.0,05:01AM,none_,partly-cloudy-night,0,11,0,0.0,0.0,0.0,1.0,0.0
2017-11-07,12713.13,0,0.91,0.1066,07:00PM,rain,rain,1,11,0,0.0,1.0,0.0,0.0,0.0
2017-11-08,13101.01,0,0.76,0.0174,12:00AM,rain,cloudy,2,11,0,0.0,0.0,1.0,0.0,0.0
2017-11-09,16285.379999999996,0,0.79,0.0004,12:00AM,none_,cloudy,3,11,0,0.0,0.0,1.0,0.0,0.0
2017-11-10,17368.440000000002,0,0.44,0.0009,01:00AM,none_,clear-night,4,11,0,1.0,0.0,0.0,0.0,0.0
2017-11-11,15200.3,0,0.47,0.0,05:01AM,none_,clear-night,5,11,0,0.0,1.0,0.0,0.0,0.0
2017-11-12,14552.36,0,0.64,0.0,05:01AM,none_,partly-cloudy-night,6,11,0,0.0,0.0,1.0,0.0,0.0
2017-11-13,13097.0,0,0.78,0.0133,09:00AM,rain,clear-night,0,11,0,0.0,0.0,1.0,0.0,0.0
2017-11-14,14153.13,0,0.74,0.0,05:01AM,none_,cloudy,1,11,0,0.0,0.0,1.0,0.0,0.0
2017-11-16,16831.98,0,0.63,0.0293,07:00AM,rain,clear-night,3,11,0,0.0,0.0,1.0,0.0,0.0
2017-11-17,16040.229999999998,0,0.44,0.0,05:01AM,none_,clear-night,4,11,0,0.0,0.0,1.0,0.0,0.0
2017-11-18,19809.02,0,0.87,0.0304,07:00PM,rain,rain,5,11,0,0.0,0.0,1.0,0.0,0.0
2017-11-19,16132.04,0,0.54,0.0443,05:00AM,rain,partly-cloudy-night,6,11,0,0.0,0.0,1.0,0.0,0.0
2017-11-20,14078.5,0,0.53,0.0,05:01AM,none_,clear-night,0,11,0,0.0,0.0,1.0,0.0,0.0
2017-11-21,16669.8,0,0.65,0.0,05:01AM,none_,clear-night,1,11,0,0.0,0.0,1.0,0.0,0.0
2017-11-22,15824.55,0,0.59,0.0373,09:00AM,rain,partly-cloudy-night,2,11,0,0.0,1.0,0.0,0.0,0.0
2017-11-23,0.0,0,0.59,0.0,05:01AM,none_,partly-cloudy-night,3,11,1,0.0,1.0,0.0,0.0,0.0
2017-11-26,12832.36,0,0.58,0.0,05:01AM,none_,clear-night,6,11,0,0.0,0.0,1.0,0.0,0.0
2017-11-27,12281.51,0,0.51,0.0,05:01AM,none_,clear-night,0,11,0,0.0,0.0,1.0,0.0,0.0
2017-11-28,15149.48,0,0.79,0.0,05:01AM,none_,clear-night,1,11,0,0.0,0.0,1.0,0.0,0.0
2017-11-29,14774.669999999998,0,0.47,0.0,05:01AM,none_,clear-night,2,11,0,0.0,0.0,1.0,0.0,0.0
2017-11-30,14446.5,0,0.81,0.0085,12:00AM,rain,partly-cloudy-night,3,11,0,0.0,0.0,1.0,0.0,0.0
2017-12-01,15761.27,0,0.63,0.0085,12:00AM,rain,clear-night,4,12,0,0.0,0.0,1.0,0.0,0.0
2017-12-02,17556.11,0,0.7,0.0,05:01AM,none_,partly-cloudy-night,5,12,0,0.0,0.0,1.0,0.0,0.0
2017-12-03,15075.48,0,0.82,0.0,05:01AM,none_,partly-cloudy-night,6,12,0,0.0,0.0,1.0,0.0,0.0
2017-12-04,19433.48,0,0.76,0.0,05:01AM,none_,cloudy,0,12,0,0.0,0.0,1.0,0.0,0.0
2017-12-05,13039.21,0,0.93,0.07,10:00PM,rain,rain,1,12,0,0.0,0.0,0.0,1.0,0.0
2017-12-06,12937.31,0,0.46,0.0368,12:00AM,rain,partly-cloudy-night,2,12,0,0.0,1.0,0.0,0.0,0.0
2017-12-07,19497.05,0,0.51,0.0,05:01AM,none_,partly-cloudy-night,3,12,0,0.0,1.0,0.0,0.0,0.0
2017-12-08,18926.06,0,0.5,0.0,05:01AM,none_,partly-cloudy-night,4,12,0,0.0,1.0,0.0,0.0,0.0
2017-12-09,15644.28,0,0.93,0.0005,04:00PM,snow,cloudy,5,12,0,0.0,1.0,0.0,0.0,0.0
2017-12-10,14265.0,0,0.62,0.0216,02:00PM,rain,partly-cloudy-night,6,12,0,0.0,1.0,0.0,0.0,0.0
2017-12-12,13767.97,0,0.71,0.001,02:00PM,rain,cloudy,1,12,0,0.0,1.0,0.0,0.0,0.0
2017-12-13,13246.48,0,0.46,0.0,05:01AM,none_,clear-night,2,12,0,1.0,0.0,0.0,0.0,0.0
2017-12-14,12647.89,0,0.49,0.0045,01:00PM,snow,clear-night,3,12,0,1.0,0.0,0.0,0.0,0.0
2017-12-15,14550.3,0,0.87,0.0,06:00PM,none_,cloudy,4,12,0,0.0,1.0,0.0,0.0,0.0
2017-12-17,18217.0,0,0.71,0.0014,02:00PM,rain,partly-cloudy-night,6,12,0,0.0,1.0,0.0,0.0,0.0
2017-12-18,13820.6,0,0.72,0.0006,03:00AM,rain,cloudy,0,12,0,0.0,0.0,1.0,0.0,0.0
2017-12-19,15659.839999999995,1,0.59,0.0,05:01AM,none_,clear-night,1,12,0,0.0,0.0,1.0,0.0,0.0
2017-12-20,18482.14,0,0.49,0.0,05:01AM,none_,clear-night,2,12,0,0.0,1.0,0.0,0.0,0.0
2017-12-21,14255.11,0,0.5,0.0,05:01AM,none_,partly-cloudy-night,3,12,0,0.0,1.0,0.0,0.0,0.0
2017-12-22,14888.14,0,0.79,0.0,05:01AM,none_,cloudy,4,12,0,0.0,0.0,1.0,0.0,0.0
2017-12-23,14996.86,0,0.93,0.0768,01:00PM,rain,rain,5,12,0,0.0,0.0,1.0,0.0,0.0
2017-12-24,0.0,0,0.67,0.0032,12:00AM,rain,cloudy,6,12,1,0.0,1.0,0.0,0.0,0.0
2017-12-25,0.0,0,0.47,0.02,06:00AM,rain,partly-cloudy-night,0,12,1,1.0,0.0,0.0,0.0,0.0
2017-12-26,13796.17,0,0.47,0.0,05:01AM,none_,clear-night,1,12,0,0.0,1.0,0.0,0.0,0.0
2017-12-27,13399.65,0,0.44,0.0,05:01AM,none_,clear-night,2,12,0,1.0,0.0,0.0,0.0,0.0
2017-12-28,17199.480000000003,0,0.44,0.0,05:01AM,none_,clear-night,3,12,0,1.0,0.0,0.0,0.0,0.0
2017-12-29,16439.64,0,0.54,0.0,05:01AM,none_,clear-night,4,12,0,1.0,0.0,0.0,0.0,0.0
2017-12-30,14915.91,1,0.77,0.0,05:01AM,none_,clear-night,5,12,0,1.0,0.0,0.0,0.0,0.0
2017-12-31,15399.589999999998,0,0.54,0.0,05:01AM,none_,clear-night,6,12,0,1.0,0.0,0.0,0.0,0.0
2018-01-02,11791.75,1,0.56,0.0,05:01AM,none_,clear-night,1,1,0,1.0,0.0,0.0,0.0,0.0
2018-01-03,12052.11,1,0.55,0.0,05:01AM,none_,partly-cloudy-night,2,1,0,0.0,1.0,0.0,0.0,0.0
2018-01-05,16431.14,0,0.42,0.0,05:01AM,none_,clear-night,4,1,0,1.0,0.0,0.0,0.0,0.0
2018-01-06,17706.94,0,0.43,0.0,05:01AM,none_,clear-night,5,1,0,1.0,0.0,0.0,0.0,0.0
2018-01-09,13713.21,0,0.59,0.0047,01:00PM,rain,clear-night,1,1,0,0.0,1.0,0.0,0.0,0.0
2018-01-10,13153.22,0,0.77,0.0,05:01AM,none_,cloudy,2,1,0,0.0,1.0,0.0,0.0,0.0
2018-01-11,13116.3,0,0.9,0.0,05:01AM,none_,partly-cloudy-night,3,1,0,0.0,0.0,1.0,0.0,0.0
2018-01-12,16269.51,0,0.96,0.1302,04:00PM,rain,rain,4,1,0,0.0,0.0,0.0,1.0,0.0
2018-01-14,14887.05,1,0.44,0.0,05:01AM,none_,clear-night,6,1,0,1.0,0.0,0.0,0.0,0.0
2018-01-15,14474.18,1,0.73,0.0,05:01AM,none_,clear-night,0,1,0,0.0,1.0,0.0,0.0,0.0
2018-01-16,12975.52,0,0.82,0.0,05:01AM,none_,cloudy,1,1,0,0.0,1.0,0.0,0.0,0.0
2018-01-17,12990.01,0,0.73,0.0092,07:00AM,snow,partly-cloudy-night,2,1,0,1.0,0.0,0.0,0.0,0.0
2018-01-18,13446.48,0,0.58,0.0,05:01AM,none_,clear-night,3,1,0,0.0,1.0,0.0,0.0,0.0
2018-01-19,14100.47,0,0.58,0.0005,03:00PM,none_,clear-night,4,1,0,0.0,1.0,0.0,0.0,0.0
2018-01-20,16153.19,0,0.56,0.0022,11:00AM,rain,partly-cloudy-night,5,1,0,0.0,0.0,1.0,0.0,0.0
2018-01-21,13986.0,0,0.67,0.0,05:01AM,none_,cloudy,6,1,0,0.0,0.0,1.0,0.0,0.0
2018-01-22,13145.0,0,0.9,0.0006,03:00AM,none_,cloudy,0,1,0,0.0,0.0,1.0,0.0,0.0
2018-01-23,14883.92,1,0.59,0.0585,08:00AM,rain,partly-cloudy-night,1,1,0,0.0,0.0,1.0,0.0,0.0
2018-01-24,14518.75,0,0.56,0.0,05:01AM,none_,clear-night,2,1,0,0.0,1.0,0.0,0.0,0.0
2018-01-25,14497.44,0,0.34,0.0,05:01AM,none_,clear-night,3,1,0,0.0,1.0,0.0,0.0,0.0
2018-01-26,15793.57,0,0.63,0.0,05:01AM,none_,clear-night,4,1,0,0.0,1.0,0.0,0.0,0.0
2018-01-27,17697.83,0,0.67,0.0,05:01AM,none_,partly-cloudy-night,5,1,0,0.0,0.0,1.0,0.0,0.0
2018-01-28,15862.86,0,0.78,0.0273,06:00AM,rain,partly-cloudy-night,6,1,0,0.0,0.0,1.0,0.0,0.0
2018-01-29,11993.61,0,0.66,0.0,05:01AM,none_,cloudy,0,1,0,0.0,1.0,0.0,0.0,0.0
2018-01-31,14233.5,0,0.53,0.0,05:01AM,none_,partly-cloudy-night,2,1,0,0.0,1.0,0.0,0.0,0.0
2018-02-01,15137.0,0,0.75,0.0185,12:00AM,rain,cloudy,3,2,0,0.0,0.0,1.0,0.0,0.0
2018-02-02,16261.74,0,0.46,0.0471,03:00AM,rain,clear-night,4,2,0,1.0,0.0,0.0,0.0,0.0
2018-02-03,17275.07,0,0.49,0.0,05:01AM,none_,clear-night,5,2,0,1.0,0.0,0.0,0.0,0.0
2018-02-04,0.0,0,0.94,0.1468,10:00PM,rain,rain,6,2,1,0.0,0.0,1.0,0.0,0.0
2018-02-05,12881.65,0,0.49,0.0265,12:00AM,rain,clear-night,0,2,0,0.0,1.0,0.0,0.0,0.0
2018-02-06,12596.82,0,0.68,0.0,05:01AM,none_,clear-night,1,2,0,0.0,1.0,0.0,0.0,0.0
2018-02-08,16081.5,0,0.58,0.0003,12:00AM,none_,partly-cloudy-night,3,2,0,0.0,1.0,0.0,0.0,0.0
2018-02-09,18509.32,0,0.72,0.0,05:01AM,none_,partly-cloudy-night,4,2,0,0.0,1.0,0.0,0.0,0.0
2018-02-10,15810.230000000005,0,0.94,0.0822,08:00PM,rain,rain,5,2,0,0.0,0.0,1.0,0.0,0.0
2018-02-11,15937.24,0,0.94,0.0964,10:00AM,rain,rain,6,2,0,0.0,0.0,1.0,0.0,0.0
2018-02-12,16637.839999999997,0,0.4,0.0003,12:00AM,none_,clear-night,0,2,0,0.0,1.0,0.0,0.0,0.0
2018-02-13,13257.24,0,0.69,0.0,05:01AM,none_,cloudy,1,2,0,0.0,1.0,0.0,0.0,0.0
2018-02-14,15317.94,0,0.73,0.0201,12:00AM,rain,partly-cloudy-night,2,2,0,0.0,0.0,1.0,0.0,0.0
2018-02-15,14609.26,0,0.84,0.026000000000000002,12:00AM,rain,partly-cloudy-night,3,2,0,0.0,0.0,0.0,1.0,0.0
2018-02-16,14064.83,0,0.6,0.026000000000000002,12:00AM,rain,partly-cloudy-night,4,2,0,0.0,1.0,0.0,0.0,0.0
2018-02-17,15503.48,0,0.91,0.0052,11:00PM,snow,fog,5,2,0,0.0,1.0,0.0,0.0,0.0
2018-02-18,17342.63,0,0.66,0.0726,01:00PM,rain,clear-night,6,2,0,0.0,1.0,0.0,0.0,0.0
2018-02-19,13904.0,0,0.93,0.0116,09:00PM,rain,rain,0,2,0,0.0,0.0,1.0,0.0,0.0
2018-02-20,12742.07,0,0.81,0.0008,12:00AM,none_,clear-night,1,2,0,0.0,0.0,0.0,1.0,0.0
2018-02-21,13815.33,0,0.71,0.0129,10:00PM,rain,partly-cloudy-night,2,2,0,0.0,0.0,0.0,1.0,0.0
2018-02-22,15877.63,0,0.9,0.0397,05:00PM,rain,cloudy,3,2,0,0.0,1.0,0.0,0.0,0.0
2018-02-23,13772.15,0,0.94,0.0251,07:00PM,rain,rain,4,2,0,0.0,0.0,1.0,0.0,0.0
2018-02-24,22876.76,0,0.9,0.0201,05:00PM,rain,rain,5,2,0,0.0,0.0,1.0,0.0,0.0
2018-02-25,13971.81,0,0.94,0.1377,07:00AM,rain,cloudy,6,2,0,0.0,0.0,1.0,0.0,0.0
2018-02-26,17876.87,0,0.56,0.0,05:01AM,none_,clear-night,0,2,0,0.0,0.0,1.0,0.0,0.0
2018-02-27,13987.64,0,0.54,0.0,05:01AM,none_,clear-night,1,2,0,0.0,0.0,1.0,0.0,0.0
2018-02-28,12350.94,0,0.58,0.0,05:01AM,none_,partly-cloudy-night,2,2,0,0.0,0.0,1.0,0.0,0.0
2018-03-01,14255.8,0,0.69,0.1191,11:00PM,rain,cloudy,3,3,0,0.0,0.0,1.0,0.0,0.0
2018-03-02,13590.15,0,0.87,0.1685,04:00AM,rain,sleet,4,3,0,0.0,1.0,0.0,0.0,0.0
2018-03-03,18256.16,0,0.67,0.0019,11:00AM,rain,cloudy,5,3,0,0.0,1.0,0.0,0.0,0.0
2018-03-04,14359.569999999998,0,0.51,0.0,05:01AM,none_,partly-cloudy-night,6,3,0,0.0,1.0,0.0,0.0,0.0
2018-03-05,13305.0,0,0.61,0.0,05:01AM,none_,partly-cloudy-night,0,3,0,0.0,1.0,0.0,0.0,0.0
2018-03-07,13285.18,0,0.95,0.0376,01:00PM,snow,snow,2,3,0,0.0,1.0,0.0,0.0,0.0
2018-03-08,14277.66,0,0.62,0.0507,01:00PM,rain,cloudy,3,3,0,0.0,1.0,0.0,0.0,0.0
2018-03-09,17974.440000000002,0,0.58,0.0104,01:00PM,rain,partly-cloudy-night,4,3,0,0.0,1.0,0.0,0.0,0.0
2018-03-10,19734.19,0,0.5,0.0006,02:00PM,rain,cloudy,5,3,0,0.0,1.0,0.0,0.0,0.0
2018-03-11,13677.669999999998,0,0.51,0.0,05:01AM,none_,clear-night,6,3,0,0.0,0.0,1.0,0.0,0.0
2018-03-12,12434.9,0,0.61,0.0077,12:00AM,rain,cloudy,0,3,0,0.0,1.0,0.0,0.0,0.0
2018-03-13,12997.63,0,0.56,0.0161,01:00PM,snow,partly-cloudy-night,1,3,0,0.0,1.0,0.0,0.0,0.0
2018-03-14,13295.0,0,0.74,0.0,05:01AM,none_,cloudy,2,3,0,0.0,1.0,0.0,0.0,0.0
2018-03-15,13203.02,0,0.63,0.0,05:01AM,none_,partly-cloudy-night,3,3,0,0.0,1.0,0.0,0.0,0.0
2018-03-16,15502.47,0,0.46,0.0,05:01AM,none_,clear-night,4,3,0,0.0,1.0,0.0,0.0,0.0
2018-03-17,17215.66,0,0.33,0.0,05:01AM,none_,clear-night,5,3,0,0.0,0.0,1.0,0.0,0.0
2018-03-18,14037.34,0,0.32,0.0,05:01AM,none_,clear-night,6,3,0,0.0,0.0,1.0,0.0,0.0
2018-03-19,12737.97,0,0.3,0.0,05:01AM,none_,clear-night,0,3,0,0.0,0.0,1.0,0.0,0.0
2018-03-20,12845.02,0,0.48,0.0,05:01AM,none_,cloudy,1,3,0,0.0,1.0,0.0,0.0,0.0
2018-03-21,13036.93,0,0.93,0.0056,04:00PM,snow,snow,2,3,0,0.0,1.0,0.0,0.0,0.0
2018-03-22,14031.820000000003,0,0.45,0.0989,01:00PM,rain,clear-night,3,3,0,0.0,0.0,1.0,0.0,0.0
2018-03-23,16048.579999999998,0,0.5,0.0,05:01AM,none_,cloudy,4,3,0,0.0,0.0,1.0,0.0,0.0
2018-03-24,17664.66,0,0.36,0.0,05:01AM,none_,partly-cloudy-night,5,3,0,0.0,0.0,1.0,0.0,0.0
2018-03-25,14533.32,0,0.55,0.0,05:01AM,none_,partly-cloudy-night,6,3,0,0.0,0.0,1.0,0.0,0.0
2018-03-26,11714.67,0,0.62,0.0,05:01AM,none_,clear-night,0,3,0,0.0,0.0,1.0,0.0,0.0
2018-03-27,13754.0,0,0.51,0.0008,12:00AM,none_,cloudy,1,3,0,0.0,0.0,1.0,0.0,0.0
2018-03-28,13569.489999999998,0,0.78,0.0135,06:00AM,rain,cloudy,2,3,0,0.0,0.0,1.0,0.0,0.0
2018-03-29,14332.87,0,0.93,0.006999999999999999,11:00AM,rain,fog,3,3,0,0.0,0.0,1.0,0.0,0.0
2018-03-30,14656.24,0,0.69,0.0142,06:00PM,rain,cloudy,4,3,0,0.0,0.0,1.0,0.0,0.0
2018-03-31,15249.67,0,0.45,0.0,05:01AM,none_,clear-night,5,3,0,0.0,0.0,1.0,0.0,0.0
2018-04-01,15046.22,1,0.4,0.0,05:01AM,none_,partly-cloudy-night,6,4,0,0.0,0.0,1.0,0.0,0.0
2018-04-02,12480.719999999998,0,0.73,0.0754,03:00PM,rain,partly-cloudy-night,0,4,0,0.0,0.0,1.0,0.0,0.0
2018-04-03,13825.48,0,0.94,0.0448,01:00PM,rain,rain,1,4,0,0.0,0.0,1.0,0.0,0.0
2018-04-04,13318.67,0,0.38,0.0222,03:00PM,rain,clear-night,2,4,0,0.0,0.0,1.0,0.0,0.0
2018-04-05,12431.53,0,0.34,0.0,05:01AM,none_,partly-cloudy-night,3,4,0,0.0,1.0,0.0,0.0,0.0
2018-04-06,18609.07,1,0.48,0.0209,10:00AM,rain,cloudy,4,4,0,0.0,0.0,0.0,1.0,0.0
2018-04-07,19217.6,1,0.36,0.0,05:01AM,none_,cloudy,5,4,0,0.0,0.0,1.0,0.0,0.0
2018-04-08,16561.0,0,0.38,0.0,05:01AM,none_,partly-cloudy-night,6,4,0,0.0,1.0,0.0,0.0,0.0
2018-04-09,12958.0,0,0.56,0.0,05:01AM,none_,cloudy,0,4,0,0.0,0.0,1.0,0.0,0.0
2018-04-10,14129.44,0,0.44,0.0028,05:00AM,rain,partly-cloudy-night,1,4,0,0.0,0.0,1.0,0.0,0.0
2018-04-11,17145.749999999996,1,0.58,0.0,05:01AM,none_,partly-cloudy-night,2,4,0,0.0,0.0,1.0,0.0,0.0
2018-04-12,14746.57,1,0.64,0.0,05:01AM,none_,partly-cloudy-night,3,4,0,0.0,0.0,0.0,1.0,0.0
2018-04-13,22190.31,1,0.43,0.0,05:01AM,none_,partly-cloudy-night,4,4,0,0.0,0.0,0.0,0.0,1.0
2018-04-14,19007.77,1,0.73,0.0,05:01AM,none_,cloudy,5,4,0,0.0,0.0,1.0,0.0,0.0
2018-04-15,15019.12,0,0.9,0.0548,09:00PM,rain,rain,6,4,0,0.0,1.0,0.0,0.0,0.0
2018-04-16,18479.83,1,0.74,0.3833,10:00AM,rain,cloudy,0,4,0,0.0,0.0,1.0,0.0,0.0
2018-04-17,11657.1,0,0.65,0.0,05:01AM,none_,cloudy,1,4,0,0.0,1.0,0.0,0.0,0.0
2018-04-18,16056.62,1,0.49,0.0,05:01AM,none_,clear-night,2,4,0,0.0,0.0,1.0,0.0,0.0
2018-04-19,14609.5,0,0.53,0.0299,03:00PM,rain,partly-cloudy-night,3,4,0,0.0,1.0,0.0,0.0,0.0
2018-04-20,15356.5,1,0.48,0.0,05:01AM,none_,clear-night,4,4,0,0.0,0.0,1.0,0.0,0.0
2018-04-21,24282.07,1,0.29,0.0,05:01AM,none_,partly-cloudy-night,5,4,0,0.0,0.0,0.0,1.0,0.0
2018-04-22,18758.61999999999,1,0.38,0.0,05:01AM,none_,clear-night,6,4,0,0.0,0.0,0.0,1.0,0.0
2018-04-23,13654.19,1,0.58,0.0,05:01AM,none_,clear-night,0,4,0,0.0,0.0,1.0,0.0,0.0
2018-04-24,12074.46,1,0.61,0.0121,12:00AM,rain,cloudy,1,4,0,0.0,0.0,0.0,1.0,0.0
2018-04-25,14522.48,0,0.94,0.0756,08:00AM,rain,fog,2,4,0,0.0,0.0,0.0,1.0,0.0
2018-04-26,20257.34,1,0.46,0.0157,02:00AM,rain,clear-night,3,4,0,0.0,0.0,0.0,1.0,0.0
2018-04-27,15075.84,0,0.92,0.0209,12:00PM,rain,cloudy,4,4,0,0.0,0.0,1.0,0.0,0.0
2018-04-28,21188.16,1,0.82,0.0462,09:00PM,rain,rain,5,4,0,0.0,0.0,0.0,1.0,0.0
2018-04-29,15004.260000000002,1,0.56,0.0129,04:00AM,rain,partly-cloudy-night,6,4,0,0.0,0.0,1.0,0.0,0.0
2018-04-30,15611.31,0,0.76,0.0037,07:00PM,rain,cloudy,0,4,0,0.0,0.0,1.0,0.0,0.0
2018-05-01,17634.510000000002,1,0.26,0.0,05:01AM,none_,partly-cloudy-night,1,5,0,0.0,0.0,0.0,0.0,1.0
2018-05-03,16680.77,1,0.76,0.0244,08:00PM,rain,rain,3,5,0,0.0,0.0,0.0,0.0,1.0
2018-05-04,21425.9,1,0.52,0.0008,12:00AM,rain,partly-cloudy-night,4,5,0,0.0,0.0,0.0,0.0,1.0
2018-05-05,20346.1,1,0.47,0.0,05:01AM,none_,partly-cloudy-night,5,5,0,0.0,0.0,0.0,1.0,0.0
2018-05-06,15222.5,1,0.73,0.0037,10:00AM,rain,cloudy,6,5,0,0.0,0.0,0.0,1.0,0.0
2018-05-07,17844.809999999998,1,0.67,0.0,05:01AM,none_,partly-cloudy-night,0,5,0,0.0,0.0,0.0,1.0,0.0
2018-05-08,16382.43,1,0.65,0.0,05:01AM,none_,partly-cloudy-night,1,5,0,0.0,0.0,0.0,1.0,0.0
2018-05-09,16113.94,1,0.58,0.0,05:01AM,none_,clear-night,2,5,0,0.0,0.0,0.0,1.0,0.0
2018-05-10,15654.999999999995,1,0.74,0.0625,10:00PM,rain,partly-cloudy-night,3,5,0,0.0,0.0,0.0,1.0,0.0
2018-05-11,22731.73,1,0.32,0.0035,12:00AM,rain,partly-cloudy-night,4,5,0,0.0,0.0,0.0,1.0,0.0
2018-05-12,15829.940000000002,0,0.91,0.0394,06:00AM,rain,rain,5,5,0,0.0,0.0,0.0,1.0,0.0
2018-05-13,13837.93,0,0.89,0.0437,02:00PM,rain,cloudy,6,5,0,0.0,0.0,1.0,0.0,0.0
2018-05-14,18929.08,1,0.82,0.011000000000000001,02:00AM,rain,partly-cloudy-day,0,5,0,0.0,0.0,0.0,1.0,0.0
2018-05-15,13352.73,0,0.93,0.1186,06:00PM,rain,rain,1,5,0,0.0,0.0,0.0,1.0,0.0
2018-05-16,18828.09,0,0.94,0.047,03:00PM,rain,rain,2,5,0,0.0,0.0,0.0,1.0,0.0
2018-05-18,22387.87,1,0.53,0.0,05:01AM,none_,cloudy,4,5,0,0.0,0.0,0.0,1.0,0.0
2018-05-19,16571.239999999998,0,0.97,0.0855,02:00PM,rain,fog,5,5,0,0.0,0.0,0.0,1.0,0.0
2018-05-20,20117.6,1,0.61,0.0018,03:00AM,rain,partly-cloudy-day,6,5,0,0.0,0.0,0.0,0.0,1.0
2018-05-21,19246.0,1,0.52,0.0,05:01AM,none_,clear-day,0,5,0,0.0,0.0,0.0,1.0,0.0
2018-05-22,16704.53,0,0.93,0.0989,04:00PM,rain,cloudy,1,5,0,0.0,0.0,0.0,1.0,0.0
2018-05-23,17960.140000000007,1,0.4,0.1057,04:00AM,rain,clear-day,2,5,0,0.0,0.0,0.0,0.0,1.0
2018-05-24,19722.75,1,0.35,0.0,05:01AM,none_,clear-day,3,5,0,0.0,0.0,0.0,0.0,1.0
2018-05-25,21675.5,1,0.46,0.0,05:01AM,none_,clear-day,4,5,0,0.0,0.0,0.0,0.0,1.0
2018-05-26,19234.18,1,0.62,0.0,05:01AM,none_,partly-cloudy-day,5,5,0,0.0,0.0,0.0,0.0,1.0
2018-05-27,19327.08,1,0.83,0.0925,09:00AM,rain,cloudy,6,5,0,0.0,0.0,0.0,1.0,0.0
2018-05-28,17146.93,1,0.78,0.0,05:01AM,none_,cloudy,0,5,0,0.0,0.0,0.0,1.0,0.0
2018-05-29,17720.8,1,0.6,0.0,05:01AM,none_,partly-cloudy-day,1,5,0,0.0,0.0,0.0,0.0,1.0
2018-05-30,14912.059999999998,1,0.81,0.0,05:01AM,none_,partly-cloudy-day,2,5,0,0.0,0.0,0.0,1.0,0.0
2018-05-31,13780.36,0,0.97,0.0061,02:00PM,rain,cloudy,3,5,0,0.0,0.0,0.0,1.0,0.0
2018-06-01,19551.050000000007,1,0.83,0.0112,06:00AM,rain,partly-cloudy-day,4,6,0,0.0,0.0,0.0,0.0,1.0
2018-06-02,18325.91,1,0.67,0.0193,01:00AM,rain,partly-cloudy-day,5,6,0,0.0,0.0,0.0,0.0,1.0
2018-06-03,16504.33,1,0.73,0.0505,12:00AM,rain,partly-cloudy-day,6,6,0,0.0,0.0,0.0,1.0,0.0
2018-06-04,16769.17,1,0.71,0.0844,01:00AM,rain,cloudy,0,6,0,0.0,0.0,0.0,1.0,0.0
2018-06-05,18304.52,1,0.51,0.0,05:01AM,none_,partly-cloudy-day,1,6,0,0.0,0.0,0.0,1.0,0.0
2018-06-06,15805.22,1,0.71,0.0,05:01AM,none_,partly-cloudy-day,2,6,0,0.0,0.0,0.0,1.0,0.0
2018-06-07,17601.44,1,0.73,0.0,05:01AM,none_,clear-day,3,6,0,0.0,0.0,0.0,1.0,0.0
2018-06-08,21328.43,1,0.51,0.0,05:01AM,none_,partly-cloudy-day,4,6,0,0.0,0.0,0.0,0.0,1.0
2018-06-09,21367.95,1,0.58,0.0,05:01AM,none_,partly-cloudy-day,5,6,0,0.0,0.0,0.0,0.0,1.0
2018-06-10,14906.83,0,0.7,0.0011,12:00AM,rain,cloudy,6,6,0,0.0,0.0,0.0,1.0,0.0
2018-06-11,16658.189999999995,1,0.49,0.0064,01:00AM,rain,clear-day,0,6,0,0.0,0.0,0.0,1.0,0.0
2018-06-12,18536.7,1,0.58,0.0,05:01AM,none_,clear-day,1,6,0,0.0,0.0,0.0,1.0,0.0
2018-06-13,19010.18,1,0.75,0.0125,02:00PM,rain,partly-cloudy-day,2,6,0,0.0,0.0,0.0,0.0,1.0
2018-06-14,17594.98,1,0.31,0.0019,01:00AM,rain,clear-day,3,6,0,0.0,0.0,0.0,0.0,1.0
2018-06-15,20647.76,1,0.49,0.0,05:01AM,none_,partly-cloudy-day,4,6,0,0.0,0.0,0.0,0.0,1.0
2018-06-16,21734.46,1,0.42,0.0,05:01AM,none_,partly-cloudy-day,5,6,0,0.0,0.0,0.0,0.0,1.0
2018-06-17,18795.02,1,0.44,0.0,05:01AM,none_,clear-day,6,6,0,0.0,0.0,0.0,0.0,1.0
2018-06-18,16538.61,1,0.59,0.0564,09:00PM,rain,partly-cloudy-day,0,6,0,0.0,0.0,0.0,0.0,1.0
2018-06-19,19166.09,1,0.33,0.0107,03:00AM,rain,clear-day,1,6,0,0.0,0.0,0.0,0.0,1.0
2018-06-20,17807.35,1,0.68,0.0,05:01AM,none_,partly-cloudy-day,2,6,0,0.0,0.0,0.0,0.0,1.0
2018-06-21,20304.76,1,0.51,0.068,02:00AM,rain,partly-cloudy-day,3,6,0,0.0,0.0,0.0,0.0,1.0
2018-06-23,19985.83,1,0.85,0.0132,01:00AM,none_,cloudy,5,6,0,0.0,0.0,0.0,1.0,0.0
2018-06-24,17888.939999999995,1,0.58,0.0143,09:00PM,none_,partly-cloudy-day,6,6,0,0.0,0.0,0.0,0.0,1.0
2018-06-25,18901.460000000006,1,0.33,0.0,05:01AM,none_,partly-cloudy-day,0,6,0,0.0,0.0,0.0,0.0,1.0
2018-06-26,15597.729999999996,1,0.67,0.0,05:01AM,none_,partly-cloudy-day,1,6,0,0.0,0.0,0.0,0.0,1.0
2018-06-27,14888.95,1,0.77,0.0017,10:00PM,rain,cloudy,2,6,0,0.0,0.0,0.0,0.0,1.0
2018-06-28,18333.31,1,0.83,0.0807,07:00AM,none_,partly-cloudy-day,3,6,0,0.0,0.0,0.0,0.0,1.0
2018-06-29,15604.35,1,0.4,0.0,05:01AM,none_,clear-day,4,6,0,0.0,0.0,0.0,0.0,1.0
2018-06-30,21152.63,1,0.45,0.0,05:01AM,none_,clear-day,5,6,0,0.0,0.0,0.0,0.0,1.0
2018-07-01,19225.53,1,0.55,0.0,05:01AM,none_,partly-cloudy-day,6,7,0,0.0,0.0,0.0,0.0,1.0
2018-07-02,19459.07,1,0.66,0.0,05:01AM,none_,clear-day,0,7,0,0.0,0.0,0.0,0.0,1.0
2018-07-03,17903.760000000002,1,0.84,0.1256,05:00PM,rain,partly-cloudy-day,1,7,0,0.0,0.0,0.0,0.0,1.0
2018-07-04,16164.129999999996,1,0.77,0.0005,03:00PM,none_,partly-cloudy-day,2,7,0,0.0,0.0,0.0,0.0,1.0
2018-07-05,17454.53,1,0.75,0.0,05:01AM,none_,partly-cloudy-day,3,7,0,0.0,0.0,0.0,0.0,1.0
2018-07-06,17613.89,1,0.49,0.0799,06:00AM,rain,partly-cloudy-day,4,7,0,0.0,0.0,0.0,0.0,1.0
2018-07-07,20520.03,1,0.51,0.0,05:01AM,none_,clear-day,5,7,0,0.0,0.0,0.0,1.0,0.0
2018-07-08,19462.42,1,0.48,0.0,05:01AM,none_,clear-day,6,7,0,0.0,0.0,0.0,0.0,1.0
2018-07-10,17876.0,1,0.47,0.0,05:01AM,none_,partly-cloudy-day,1,7,0,0.0,0.0,0.0,0.0,1.0
2018-07-11,19468.219999999994,1,0.69,0.0,05:01AM,none_,partly-cloudy-day,2,7,0,0.0,0.0,0.0,0.0,1.0
2018-07-12,18166.52,1,0.57,0.0,05:01AM,none_,partly-cloudy-day,3,7,0,0.0,0.0,0.0,0.0,1.0
2018-07-13,18490.84,1,0.48,0.0,05:01AM,none_,clear-day,4,7,0,0.0,0.0,0.0,0.0,1.0
2018-07-14,21812.869999999995,1,0.48,0.0012,12:00AM,none_,partly-cloudy-day,5,7,0,0.0,0.0,0.0,0.0,1.0
2018-07-15,19200.45,1,0.69,0.1422,05:00AM,rain,clear-day,6,7,0,0.0,0.0,0.0,0.0,1.0
2018-07-16,17532.43,1,0.69,0.0,05:01AM,none_,partly-cloudy-day,0,7,0,0.0,0.0,0.0,0.0,1.0
2018-07-17,13153.74,1,0.94,0.1932,03:00PM,none_,cloudy,1,7,0,0.0,0.0,0.0,0.0,1.0
2018-07-18,18495.94,1,0.37,0.0,05:01AM,none_,clear-day,2,7,0,0.0,0.0,0.0,0.0,1.0
2018-07-19,19486.22,1,0.51,0.0,05:01AM,none_,clear-day,3,7,0,0.0,0.0,0.0,0.0,1.0
2018-07-20,19032.370000000006,1,0.58,0.0,05:01AM,none_,partly-cloudy-day,4,7,0,0.0,0.0,0.0,0.0,1.0
2018-07-21,18751.66,1,0.58,0.0755,10:00PM,none_,clear-night,5,7,0,0.0,0.0,0.0,0.0,1.0
2018-07-22,14391.490000000002,1,0.94,0.1193,02:00AM,none_,rain,6,7,0,0.0,0.0,0.0,0.0,1.0
2018-07-23,16179.2,1,0.85,0.0288,05:00AM,rain,cloudy,0,7,0,0.0,0.0,0.0,0.0,1.0
2018-07-24,18471.5,1,0.84,0.0006,03:00AM,none_,partly-cloudy-day,1,7,0,0.0,0.0,0.0,0.0,1.0
2018-07-25,12408.51,0,0.94,0.1612,07:00AM,none_,rain,2,7,0,0.0,0.0,0.0,0.0,1.0
2018-07-26,19237.19,1,0.67,0.0074,01:00AM,rain,partly-cloudy-day,3,7,0,0.0,0.0,0.0,0.0,1.0
2018-07-28,23515.34,1,0.74,0.0021,12:00AM,rain,partly-cloudy-day,5,7,0,0.0,0.0,0.0,0.0,1.0
2018-07-29,17437.0,1,0.59,0.0,05:01AM,none_,partly-cloudy-day,6,7,0,0.0,0.0,0.0,0.0,1.0
2018-07-30,14636.919999999998,1,0.75,0.0,05:01AM,none_,partly-cloudy-day,0,7,0,0.0,0.0,0.0,0.0,1.0
2018-07-31,17754.35,1,0.69,0.0,05:01AM,none_,partly-cloudy-day,1,7,0,0.0,0.0,0.0,0.0,1.0
2018-08-01,16807.44,1,0.69,0.0831,02:00PM,rain,partly-cloudy-day,2,8,0,0.0,0.0,0.0,0.0,1.0
2018-08-02,18001.46,1,0.79,0.0625,05:00PM,rain,partly-cloudy-day,3,8,0,0.0,0.0,0.0,0.0,1.0
2018-08-03,18817.99,1,0.83,0.1215,04:00PM,rain,partly-cloudy-day,4,8,0,0.0,0.0,0.0,0.0,1.0
2018-08-04,19036.8,1,0.65,0.175,10:00AM,rain,partly-cloudy-day,5,8,0,0.0,0.0,0.0,0.0,1.0
2018-08-05,16912.96,1,0.62,0.0,05:01AM,none_,clear-day,6,8,0,0.0,0.0,0.0,0.0,1.0
2018-08-06,15930.68,1,0.66,0.0,05:01AM,none_,partly-cloudy-day,0,8,0,0.0,0.0,0.0,0.0,1.0
2018-08-07,14436.0,1,0.86,0.05,08:00PM,rain,rain,1,8,0,0.0,0.0,0.0,0.0,1.0
2018-08-08,18439.75,1,0.72,0.0,05:01AM,none_,partly-cloudy-night,2,8,0,0.0,0.0,0.0,0.0,1.0
2018-08-09,18732.41,1,0.49,0.0649,03:00AM,rain,clear-night,3,8,0,0.0,0.0,0.0,0.0,1.0
2018-08-10,19621.11,1,0.68,0.0,05:01AM,none_,cloudy,4,8,0,0.0,0.0,0.0,0.0,1.0
2018-08-11,18665.55,1,0.91,0.2068,06:00PM,rain,rain,5,8,0,0.0,0.0,0.0,0.0,1.0
2018-08-12,16544.5,1,0.83,0.0019,08:00PM,rain,partly-cloudy-night,6,8,0,0.0,0.0,0.0,0.0,1.0
2018-08-13,15843.99,1,0.94,0.0672,11:00AM,rain,cloudy,0,8,0,0.0,0.0,0.0,0.0,1.0
2018-08-14,14021.0,1,0.86,0.0318,04:00PM,rain,partly-cloudy-night,1,8,0,0.0,0.0,0.0,0.0,1.0
2018-08-15,18027.25,1,0.62,0.0,05:01AM,none_,partly-cloudy-night,2,8,0,0.0,0.0,0.0,0.0,1.0
2018-08-16,17058.75,1,0.6,0.0,05:01AM,none_,partly-cloudy-night,3,8,0,0.0,0.0,0.0,0.0,1.0
2018-08-17,18602.79,1,0.8,0.1753,12:00AM,rain,partly-cloudy-night,4,8,0,0.0,0.0,0.0,0.0,1.0
2018-08-18,16693.42,1,0.9,0.272,01:00AM,rain,rain,5,8,0,0.0,0.0,0.0,0.0,1.0
2018-08-19,16915.760000000002,1,0.79,0.0022,03:00PM,rain,cloudy,6,8,0,0.0,0.0,0.0,0.0,1.0
2018-08-20,17508.99,1,0.8,0.0,05:01AM,none_,partly-cloudy-night,0,8,0,0.0,0.0,0.0,0.0,1.0
2018-08-21,16520.0,1,0.81,0.0023,12:00AM,rain,partly-cloudy-night,1,8,0,0.0,0.0,0.0,0.0,1.0
2018-08-22,18468.65,1,0.6,0.2243,02:00AM,rain,partly-cloudy-night,2,8,0,0.0,0.0,0.0,0.0,1.0
2018-08-23,18457.36,1,0.47,0.0022,08:00AM,rain,clear-night,3,8,0,0.0,0.0,0.0,0.0,1.0
2018-08-24,20671.67,1,0.53,0.0,05:01AM,none_,clear-night,4,8,0,0.0,0.0,0.0,0.0,1.0
2018-08-25,21394.140000000007,1,0.65,0.0,05:01AM,none_,clear-night,5,8,0,0.0,0.0,0.0,0.0,1.0
2018-08-26,17948.489999999998,1,0.63,0.0,05:01AM,none_,cloudy,6,8,0,0.0,0.0,0.0,0.0,1.0
2018-08-27,15743.67,1,0.69,0.0,05:01AM,none_,partly-cloudy-night,0,8,0,0.0,0.0,0.0,0.0,1.0
2018-08-28,16426.75,1,0.59,0.0,05:01AM,none_,clear-night,1,8,0,0.0,0.0,0.0,0.0,1.0
2018-08-29,16096.66,1,0.56,0.0,05:01AM,none_,clear-night,2,8,0,0.0,0.0,0.0,0.0,1.0
2018-08-30,18462.61,1,0.55,0.0,05:01AM,none_,clear-night,3,8,0,0.0,0.0,0.0,0.0,1.0
2018-08-31,18168.68,1,0.78,0.0349,03:00PM,none_,cloudy,4,8,0,0.0,0.0,0.0,0.0,1.0
2018-09-01,20437.75,1,0.74,0.0,05:01AM,none_,partly-cloudy-night,5,9,0,0.0,0.0,0.0,0.0,1.0
2018-09-02,18696.14,1,0.81,0.0,05:01AM,none_,partly-cloudy-night,6,9,0,0.0,0.0,0.0,0.0,1.0
2018-09-03,16762.980000000003,1,0.76,0.0,05:01AM,none_,clear-night,0,9,0,0.0,0.0,0.0,0.0,1.0
2018-09-04,16015.25,1,0.66,0.0,05:01AM,none_,partly-cloudy-night,1,9,0,0.0,0.0,0.0,0.0,1.0
2018-09-05,15439.42,1,0.78,0.0,05:01AM,none_,clear-night,2,9,0,0.0,0.0,0.0,0.0,1.0
2018-09-07,18680.0,1,0.8,0.0,05:01AM,none_,cloudy,4,9,0,0.0,0.0,0.0,0.0,1.0
2018-09-08,15178.5,0,0.84,0.0035,09:00PM,rain,rain,5,9,0,0.0,0.0,0.0,1.0,0.0
2018-09-09,14679.25,0,0.88,0.0335,07:00PM,rain,rain,6,9,0,0.0,0.0,0.0,1.0,0.0
2018-09-10,12763.67,0,0.96,0.0769,05:00AM,rain,rain,0,9,0,0.0,0.0,0.0,1.0,0.0
2018-09-11,15832.75,1,0.91,0.005,12:00AM,rain,cloudy,1,9,0,0.0,0.0,0.0,0.0,1.0
2018-09-12,13564.72,0,0.95,0.0123,09:00PM,rain,rain,2,9,0,0.0,0.0,0.0,0.0,1.0
2018-09-13,17284.8,1,0.87,0.018000000000000002,04:00AM,rain,cloudy,3,9,0,0.0,0.0,0.0,0.0,1.0
2018-09-14,19072.09,1,0.79,0.0003,07:00AM,none_,cloudy,4,9,0,0.0,0.0,0.0,0.0,1.0
2018-09-15,19974.0,1,0.77,0.0,05:01AM,none_,clear-night,5,9,0,0.0,0.0,0.0,0.0,1.0
2018-09-16,17065.79,1,0.76,0.0,05:01AM,none_,clear-night,6,9,0,0.0,0.0,0.0,0.0,1.0
2018-09-17,14932.88,1,0.88,0.0046,06:00PM,rain,partly-cloudy-night,0,9,0,0.0,0.0,0.0,0.0,1.0
2018-09-18,18315.5,1,0.92,0.1106,02:00PM,rain,partly-cloudy-night,1,9,0,0.0,0.0,0.0,0.0,1.0
2018-09-19,16643.539999999994,1,0.85,0.0,05:01AM,none_,partly-cloudy-night,2,9,0,0.0,0.0,0.0,0.0,1.0
2018-09-20,15009.7,1,0.76,0.0,05:01AM,none_,cloudy,3,9,0,0.0,0.0,0.0,1.0,0.0
2018-09-21,21252.0,1,0.78,0.0,05:01AM,none_,cloudy,4,9,0,0.0,0.0,0.0,0.0,1.0
2018-09-22,20649.25,1,0.58,0.0,05:01AM,none_,partly-cloudy-night,5,9,0,0.0,0.0,0.0,1.0,0.0
2018-09-23,15416.27,1,0.8,0.0,05:01AM,none_,cloudy,6,9,0,0.0,0.0,0.0,1.0,0.0
2018-09-24,19496.46,1,0.7,0.0,05:01AM,none_,partly-cloudy-night,0,9,0,0.0,0.0,0.0,1.0,0.0
2018-09-25,13328.38,0,0.96,0.1834,03:00PM,rain,rain,1,9,0,0.0,0.0,0.0,0.0,1.0
2018-09-26,15864.5,1,0.89,0.0455,10:00PM,rain,partly-cloudy-night,2,9,0,0.0,0.0,0.0,0.0,1.0
2018-09-27,15575.25,1,0.71,0.0163,12:00AM,rain,cloudy,3,9,0,0.0,0.0,0.0,1.0,0.0
2018-09-28,19322.93,1,0.84,0.1935,05:00AM,rain,clear-night,4,9,0,0.0,0.0,0.0,1.0,0.0
2018-09-29,22224.75,1,0.65,0.0,05:01AM,none_,partly-cloudy-night,5,9,0,0.0,0.0,0.0,1.0,0.0
2018-09-30,18367.01,1,0.76,0.0,05:01AM,none_,clear-night,6,9,0,0.0,0.0,0.0,1.0,0.0
2018-10-02,16216.34,1,0.82,0.3114,11:00PM,rain,partly-cloudy-night,1,10,0,0.0,0.0,0.0,0.0,1.0
2018-10-05,19032.6,1,0.76,0.0,05:01AM,none_,partly-cloudy-night,4,10,0,0.0,0.0,0.0,1.0,0.0
2018-10-06,20786.38,1,0.92,0.0013,07:00PM,rain,cloudy,5,10,0,0.0,0.0,0.0,1.0,0.0
2018-10-07,19098.41,1,0.86,0.0008,01:00AM,none_,partly-cloudy-night,6,10,0,0.0,0.0,0.0,0.0,1.0
2018-10-08,15722.99,1,0.92,0.0015,08:00PM,rain,cloudy,0,10,0,0.0,0.0,0.0,1.0,0.0
2018-10-09,15684.59,1,0.89,0.0028,03:00AM,rain,partly-cloudy-night,1,10,0,0.0,0.0,0.0,0.0,1.0
2018-10-10,18442.77,1,0.92,0.0,05:01AM,none_,partly-cloudy-night,2,10,0,0.0,0.0,0.0,0.0,1.0
2018-10-11,15418.14,0,0.98,0.0823,12:00PM,rain,rain,3,10,0,0.0,0.0,0.0,0.0,1.0
2018-10-12,19191.42,1,0.58,0.0679,05:00AM,rain,clear-night,4,10,0,0.0,0.0,0.0,1.0,0.0
2018-10-13,20660.75,1,0.65,0.0275,08:00AM,rain,clear-night,5,10,0,0.0,0.0,1.0,0.0,0.0
2018-10-14,18563.63,1,0.65,0.0,05:01AM,none_,partly-cloudy-night,6,10,0,0.0,0.0,0.0,1.0,0.0
2018-10-15,14750.25,1,0.79,0.0068,07:00AM,rain,cloudy,0,10,0,0.0,0.0,0.0,1.0,0.0
2018-10-16,15190.07,1,0.58,0.0095,01:00AM,rain,clear-night,1,10,0,0.0,0.0,1.0,0.0,0.0
2018-10-17,13724.67,1,0.47,0.0,05:01AM,none_,partly-cloudy-night,2,10,0,0.0,0.0,0.0,1.0,0.0
2018-10-18,14878.0,0,0.45,0.0,05:01AM,none_,clear-night,3,10,0,0.0,0.0,1.0,0.0,0.0
2018-10-19,16887.5,1,0.6,0.0,05:01AM,none_,clear-night,4,10,0,0.0,0.0,0.0,1.0,0.0
2018-10-20,18547.04,1,0.68,0.0098,04:00AM,rain,clear-night,5,10,0,0.0,0.0,0.0,1.0,0.0
2018-10-21,14927.0,0,0.52,0.0014,02:00AM,rain,clear-night,6,10,0,0.0,1.0,0.0,0.0,0.0
2018-10-22,13160.74,0,0.6,0.0,05:01AM,none_,partly-cloudy-night,0,10,0,0.0,0.0,1.0,0.0,0.0
2018-10-23,14008.51,1,0.55,0.0,07:00PM,none_,partly-cloudy-night,1,10,0,0.0,0.0,0.0,1.0,0.0
2018-10-24,15935.0,0,0.54,0.0,05:01AM,none_,partly-cloudy-night,2,10,0,0.0,0.0,1.0,0.0,0.0
2018-10-25,14465.01,0,0.56,0.0,05:01AM,none_,clear-night,3,10,0,0.0,0.0,1.0,0.0,0.0
2018-10-26,14558.0,0,0.69,0.0,05:01AM,none_,cloudy,4,10,0,0.0,0.0,1.0,0.0,0.0
2018-10-27,16526.96,0,0.95,0.0936,06:00AM,rain,rain,5,10,0,0.0,0.0,1.0,0.0,0.0
2018-10-28,14556.23,1,0.76,0.0064,12:00AM,rain,cloudy,6,10,0,0.0,0.0,1.0,0.0,0.0
2018-10-29,14752.499999999998,0,0.76,0.0109,01:00AM,none_,clear-night,0,10,0,0.0,0.0,1.0,0.0,0.0
2018-10-30,13185.25,0,0.45,0.0,05:01AM,none_,clear-night,1,10,0,0.0,0.0,1.0,0.0,0.0
2018-10-31,15653.8,1,0.72,0.0,05:01AM,none_,partly-cloudy-night,2,10,0,0.0,0.0,0.0,1.0,0.0
2018-11-01,16452.25,1,0.78,0.0,05:01AM,none_,partly-cloudy-night,3,11,0,0.0,0.0,0.0,1.0,0.0
2018-11-02,17802.78,1,0.95,0.0825,11:00PM,rain,rain,4,11,0,0.0,0.0,0.0,1.0,0.0
2018-11-03,20010.5,1,0.51,0.1288,03:00AM,rain,clear-night,5,11,0,0.0,0.0,1.0,0.0,0.0
2018-11-04,19146.5,1,0.67,0.0,05:01AM,none_,clear-night,6,11,0,0.0,0.0,1.0,0.0,0.0
2018-11-05,14828.91,0,0.96,0.0515,11:00AM,rain,rain,0,11,0,0.0,0.0,1.0,0.0,0.0
2018-11-06,12192.5,0,0.96,0.1228,12:00PM,rain,partly-cloudy-night,1,11,0,0.0,0.0,0.0,1.0,0.0
2018-11-07,20467.5,1,0.5,0.0002,05:00AM,none_,partly-cloudy-night,2,11,0,0.0,0.0,0.0,1.0,0.0
2018-11-08,13734.5,0,0.51,0.0,05:01AM,none_,clear-night,3,11,0,0.0,0.0,1.0,0.0,0.0
2018-11-09,14426.65,0,0.94,0.1551,07:00PM,rain,rain,4,11,0,0.0,0.0,1.0,0.0,0.0
2018-11-10,15439.52,0,0.42,0.0107,12:00AM,none_,clear-night,5,11,0,0.0,1.0,0.0,0.0,0.0
2018-11-11,13939.95,0,0.54,0.0,05:01AM,none_,clear-night,6,11,0,0.0,1.0,0.0,0.0,0.0
2018-11-12,11892.0,0,0.67,0.0172,12:00AM,none_,partly-cloudy-night,0,11,0,0.0,0.0,1.0,0.0,0.0
2018-11-13,13397.5,0,0.64,0.1317,08:00AM,rain,cloudy,1,11,0,0.0,0.0,1.0,0.0,0.0
2018-11-14,13446.0,0,0.44,0.0,05:01AM,none_,partly-cloudy-night,2,11,0,0.0,1.0,0.0,0.0,0.0
2018-11-15,13457.0,0,0.95,0.034,05:00PM,snow,sleet,3,11,0,1.0,0.0,0.0,0.0,0.0
2018-11-16,15187.25,0,0.65,0.0575,07:00AM,rain,clear-night,4,11,0,0.0,1.0,0.0,0.0,0.0
2018-11-17,19525.25,0,0.59,0.0,05:01AM,none_,cloudy,5,11,0,0.0,0.0,1.0,0.0,0.0
2018-11-18,14531.0,0,0.66,0.0,05:01AM,none_,cloudy,6,11,0,0.0,0.0,1.0,0.0,0.0
2018-11-19,13200.24,0,0.77,0.0,05:01AM,none_,partly-cloudy-night,0,11,0,0.0,0.0,1.0,0.0,0.0
2018-11-20,14088.25,0,0.59,0.0,05:01AM,none_,cloudy,1,11,0,0.0,1.0,0.0,0.0,0.0
2018-11-21,14029.99,0,0.54,0.0,05:01AM,none_,partly-cloudy-night,2,11,0,0.0,1.0,0.0,0.0,0.0
2018-11-22,0.0,0,0.34,0.0,05:01AM,none_,clear-night,3,11,1,1.0,0.0,0.0,0.0,0.0
2018-11-23,14565.5,0,0.37,0.0,05:01AM,none_,clear-night,4,11,0,0.0,1.0,0.0,0.0,0.0
2018-11-24,15461.75,0,0.93,0.2564,11:00PM,rain,rain,5,11,0,0.0,0.0,1.0,0.0,0.0
2018-11-26,12201.5,0,0.94,0.18899999999999997,04:00PM,rain,rain,0,11,0,0.0,0.0,1.0,0.0,0.0
2018-11-27,13653.0,0,0.58,0.0135,12:00AM,rain,cloudy,1,11,0,0.0,1.0,0.0,0.0,0.0
2018-11-28,14088.95,0,0.57,0.0,05:01AM,none_,cloudy,2,11,0,0.0,1.0,0.0,0.0,0.0
2018-11-29,14179.59,0,0.56,0.0,05:01AM,none_,cloudy,3,11,0,0.0,1.0,0.0,0.0,0.0
2018-11-30,16363.37,0,0.81,0.0032,03:00PM,rain,cloudy,4,11,0,0.0,0.0,1.0,0.0,0.0
2018-12-01,15720.91,0,0.82,0.0103,09:00PM,rain,rain,5,12,0,0.0,1.0,0.0,0.0,0.0
2018-12-02,13512.75,0,0.99,0.0964,04:00AM,rain,rain,6,12,0,0.0,0.0,1.0,0.0,0.0
2018-12-03,11313.5,0,0.58,0.0,05:01AM,none_,partly-cloudy-night,0,12,0,0.0,0.0,1.0,0.0,0.0
2018-12-04,12529.75,0,0.48,0.0,05:01AM,none_,clear-night,1,12,0,0.0,1.0,0.0,0.0,0.0
2018-12-06,15825.84,0,0.53,0.0,05:01AM,none_,cloudy,3,12,0,0.0,1.0,0.0,0.0,0.0
2018-12-07,16930.08,0,0.45,0.0,05:01AM,none_,clear-night,4,12,0,1.0,0.0,0.0,0.0,0.0
2018-12-08,15826.49,0,0.59,0.0,05:01AM,none_,clear-night,5,12,0,0.0,1.0,0.0,0.0,0.0
2018-12-09,14290.71,0,0.55,0.0,05:01AM,none_,clear-night,6,12,0,0.0,1.0,0.0,0.0,0.0
2018-12-10,14184.25,0,0.53,0.0,05:01AM,none_,clear-night,0,12,0,0.0,1.0,0.0,0.0,0.0
2018-12-12,13305.57,0,0.63,0.0,05:01AM,none_,partly-cloudy-night,2,12,0,0.0,1.0,0.0,0.0,0.0
2018-12-14,18720.16,0,0.94,0.0167,12:00AM,rain,cloudy,4,12,0,0.0,0.0,1.0,0.0,0.0
2018-12-15,16371.82,0,0.7,0.0269,02:00AM,rain,partly-cloudy-night,5,12,0,0.0,0.0,1.0,0.0,0.0
2018-12-16,13708.5,0,0.93,0.1307,07:00AM,rain,rain,6,12,0,0.0,1.0,0.0,0.0,0.0
2018-12-17,16433.0,0,0.5,0.0,05:01AM,none_,cloudy,0,12,0,0.0,1.0,0.0,0.0,0.0
2018-12-18,17217.589999999997,0,0.5,0.0,05:01AM,none_,clear-night,1,12,0,1.0,0.0,0.0,0.0,0.0
2018-12-19,15203.41,0,0.61,0.0,05:01AM,none_,clear-night,2,12,0,0.0,1.0,0.0,0.0,0.0
2018-12-20,15216.0,0,0.95,0.0434,08:00PM,none_,rain,3,12,0,0.0,0.0,1.0,0.0,0.0
2018-12-22,16637.989999999998,0,0.55,0.0028,03:00AM,rain,cloudy,5,12,0,0.0,1.0,0.0,0.0,0.0
2018-12-23,14078.37,0,0.61,0.0,05:01AM,none_,partly-cloudy-night,6,12,0,0.0,1.0,0.0,0.0,0.0
2018-12-24,0.0,0,0.57,0.0105,04:00AM,rain,partly-cloudy-night,0,12,1,0.0,1.0,0.0,0.0,0.0
2018-12-25,0.0,0,0.5,0.0,05:01AM,none_,partly-cloudy-night,1,12,1,0.0,1.0,0.0,0.0,0.0
2018-12-26,13206.7,0,0.63,0.0,05:01AM,none_,clear-night,2,12,0,0.0,1.0,0.0,0.0,0.0
2018-12-27,15357.03,0,0.72,0.0,05:01AM,none_,partly-cloudy-night,3,12,0,0.0,1.0,0.0,0.0,0.0
2018-12-28,15497.37,0,0.97,0.1195,11:00AM,rain,cloudy,4,12,0,0.0,0.0,0.0,1.0,0.0
2018-12-29,16236.11,0,0.58,0.0,05:01AM,none_,partly-cloudy-night,5,12,0,0.0,1.0,0.0,0.0,0.0
2018-12-30,15208.0,0,0.77,0.0,05:01AM,none_,partly-cloudy-night,6,12,0,0.0,1.0,0.0,0.0,0.0
2018-12-31,15099.0,0,0.94,0.1784,10:00PM,rain,rain,0,12,0,0.0,1.0,0.0,0.0,0.0
2019-01-01,0.0,0,0.58,0.1385,12:00AM,rain,partly-cloudy-night,1,1,1,0.0,1.0,0.0,0.0,0.0
2019-01-02,12685.24,0,0.61,0.0,05:01AM,none_,cloudy,2,1,0,0.0,1.0,0.0,0.0,0.0
2019-01-03,13580.96,0,0.6,0.0,03:00AM,none_,partly-cloudy-night,3,1,0,0.0,1.0,0.0,0.0,0.0
2019-01-04,16002.75,0,0.74,0.0,05:01AM,none_,clear-night,4,1,0,0.0,0.0,1.0,0.0,0.0
2019-01-05,16463.62,0,0.85,0.0781,03:00AM,rain,partly-cloudy-night,5,1,0,0.0,0.0,1.0,0.0,0.0
2019-01-06,12405.14,0,0.46,0.0,05:01AM,none_,partly-cloudy-night,6,1,0,0.0,1.0,0.0,0.0,0.0
2019-01-07,14222.669999999998,0,0.37,0.0,05:01AM,none_,partly-cloudy-night,0,1,0,0.0,1.0,0.0,0.0,0.0
2019-01-09,12985.09,0,0.45,0.05,12:00AM,rain,partly-cloudy-night,2,1,0,0.0,1.0,0.0,0.0,0.0
2019-01-10,15196.76,0,0.54,0.0,05:01AM,none_,partly-cloudy-night,3,1,0,1.0,0.0,0.0,0.0,0.0
2019-01-11,14699.25,0,0.37,0.0,05:01AM,none_,clear-night,4,1,0,1.0,0.0,0.0,0.0,0.0
2019-01-12,17112.96,0,0.41,0.0,05:01AM,none_,partly-cloudy-night,5,1,0,0.0,1.0,0.0,0.0,0.0
2019-01-13,14285.0,0,0.48,0.0,05:01AM,none_,clear-night,6,1,0,1.0,0.0,0.0,0.0,0.0
2019-01-14,14422.25,0,0.49,0.0,05:01AM,none_,clear-night,0,1,0,0.0,1.0,0.0,0.0,0.0
2019-01-15,13893.17,0,0.56,0.0,05:01AM,none_,clear-night,1,1,0,0.0,1.0,0.0,0.0,0.0
2019-01-16,12378.42,0,0.52,0.0,05:01AM,none_,partly-cloudy-night,2,1,0,0.0,1.0,0.0,0.0,0.0
2019-01-17,13888.74,0,0.54,0.0,05:01AM,none_,partly-cloudy-night,3,1,0,0.0,1.0,0.0,0.0,0.0
2019-01-18,15526.62,0,0.85,0.0036,12:00PM,snow,partly-cloudy-night,4,1,0,0.0,1.0,0.0,0.0,0.0
2019-01-19,15916.88,0,0.82,0.0616,12:00AM,rain,cloudy,5,1,0,0.0,1.0,0.0,0.0,0.0
2019-01-20,16673.0,0,0.59,0.14,03:00AM,rain,clear-night,6,1,0,1.0,0.0,0.0,0.0,0.0
2019-01-21,11967.25,0,0.47,0.0,05:01AM,none_,clear-night,0,1,0,1.0,0.0,0.0,0.0,0.0
2019-01-22,13409.07,0,0.44,0.0,05:01AM,none_,partly-cloudy-night,1,1,0,0.0,1.0,0.0,0.0,0.0
2019-01-23,13602.0,0,0.74,0.0,05:01AM,none_,partly-cloudy-night,2,1,0,0.0,0.0,1.0,0.0,0.0
2019-01-24,13681.91,0,0.68,0.1806,12:00PM,rain,cloudy,3,1,0,0.0,1.0,0.0,0.0,0.0
2019-01-25,19980.69,0,0.31,0.0,05:01AM,none_,clear-night,4,1,0,0.0,1.0,0.0,0.0,0.0
2019-01-27,13926.0,0,0.52,0.0,05:01AM,none_,partly-cloudy-night,6,1,0,0.0,1.0,0.0,0.0,0.0
2019-01-28,15725.4,0,0.44,0.0,05:01AM,none_,clear-night,0,1,0,1.0,0.0,0.0,0.0,0.0
2019-01-29,15610.53,0,0.91,0.0596,08:00PM,rain,rain,1,1,0,0.0,1.0,0.0,0.0,0.0
2019-01-30,14601.53,0,0.31,0.0034,12:00AM,rain,clear-night,2,1,0,1.0,0.0,0.0,0.0,0.0
2019-01-31,15421.91,0,0.37,0.0,05:01AM,none_,clear-night,3,1,0,1.0,0.0,0.0,0.0,0.0
2019-02-01,16049.24,0,0.48,0.0,05:01AM,none_,clear-night,4,2,0,1.0,0.0,0.0,0.0,0.0
2019-02-02,20353.31,0,0.64,0.0,05:01AM,none_,partly-cloudy-night,5,2,0,1.0,0.0,0.0,0.0,0.0
2019-02-03,0.0,0,0.76,0.0,05:01AM,none_,clear-night,6,2,1,0.0,1.0,0.0,0.0,0.0
2019-02-04,11976.75,0,0.76,0.0,05:01AM,none_,clear-night,0,2,0,0.0,0.0,1.0,0.0,0.0
2019-02-05,14941.96,0,0.65,0.0,05:01AM,none_,clear-night,1,2,0,0.0,0.0,1.0,0.0,0.0
2019-02-06,14392.54,0,0.92,0.0998,10:00PM,none_,rain,2,2,0,0.0,1.0,0.0,0.0,0.0
2019-02-07,14755.85,0,0.92,0.0442,01:00AM,none_,cloudy,3,2,0,0.0,0.0,1.0,0.0,0.0
2019-02-08,14796.74,0,0.38,0.0815,02:00AM,none_,clear-night,4,2,0,0.0,1.0,0.0,0.0,0.0
2019-02-09,18597.28,0,0.42,0.0,05:01AM,none_,clear-night,5,2,0,1.0,0.0,0.0,0.0,0.0
2019-02-10,14265.28,0,0.38,0.0,05:01AM,none_,partly-cloudy-night,6,2,0,0.0,1.0,0.0,0.0,0.0
2019-02-11,13817.81,0,0.5,0.0,05:01AM,none_,partly-cloudy-night,0,2,0,0.0,1.0,0.0,0.0,0.0
2019-02-12,13575.01,0,0.94,0.028999999999999998,10:00PM,snow,rain,1,2,0,0.0,1.0,0.0,0.0,0.0
2019-02-13,15300.51,0,0.51,0.0243,11:00AM,rain,clear-night,2,2,0,0.0,1.0,0.0,0.0,0.0
2019-02-14,15169.45,0,0.43,0.0076,01:00PM,rain,partly-cloudy-night,3,2,0,0.0,0.0,1.0,0.0,0.0
2019-02-15,16749.409999999996,0,0.6,0.0,05:01AM,none_,cloudy,4,2,0,0.0,0.0,1.0,0.0,0.0
2019-02-16,16851.88,0,0.45,0.0,05:01AM,none_,clear-night,5,2,0,0.0,1.0,0.0,0.0,0.0
2019-02-17,16455.36,0,0.63,0.0068,11:00PM,rain,cloudy,6,2,0,0.0,1.0,0.0,0.0,0.0
2019-02-18,15747.65,0,0.54,0.0199,06:00AM,rain,partly-cloudy-night,0,2,0,1.0,0.0,0.0,0.0,0.0
2019-02-19,13941.2,0,0.35,0.0,05:01AM,none_,clear-night,1,2,0,0.0,1.0,0.0,0.0,0.0
2019-02-20,15769.0,0,0.94,0.0583,12:00AM,none_,sleet,2,2,0,0.0,1.0,0.0,0.0,0.0
2019-02-21,14799.51,0,0.56,0.0915,01:00AM,rain,clear-night,3,2,0,0.0,0.0,1.0,0.0,0.0
2019-02-22,17253.5,0,0.5,0.0,05:01AM,none_,clear-night,4,2,0,0.0,1.0,0.0,0.0,0.0
2019-02-23,17842.149999999998,0,0.76,0.0021,12:00AM,rain,cloudy,5,2,0,0.0,1.0,0.0,0.0,0.0
2019-02-24,13862.72,0,0.75,0.1289,07:00AM,none_,partly-cloudy-night,6,2,0,0.0,0.0,1.0,0.0,0.0
2019-02-25,13771.25,0,0.36,0.0,05:01AM,none_,clear-night,0,2,0,0.0,1.0,0.0,0.0,0.0
2019-02-26,13913.67,0,0.38,0.0,05:01AM,none_,clear-night,1,2,0,1.0,0.0,0.0,0.0,0.0
2019-02-28,14560.02,0,0.43,0.0042,03:00AM,snow,clear-night,3,2,0,0.0,1.0,0.0,0.0,0.0
2019-03-01,14837.11,0,0.79,0.0165,01:00PM,none_,cloudy,4,3,0,0.0,1.0,0.0,0.0,0.0
2019-03-02,21093.57,0,0.73,0.0335,02:00PM,none_,cloudy,5,3,0,0.0,1.0,0.0,0.0,0.0
2019-03-03,13957.5,0,0.95,0.0342,12:00AM,none_,snow,6,3,0,0.0,1.0,0.0,0.0,0.0
2019-03-04,13369.25,0,0.49,0.0462,01:00AM,none_,partly-cloudy-night,0,3,0,0.0,1.0,0.0,0.0,0.0
2019-03-05,13599.77,0,0.41,0.0018,01:00PM,none_,clear-night,1,3,0,1.0,0.0,0.0,0.0,0.0
2019-03-06,11925.17,0,0.47,0.0,05:01AM,none_,partly-cloudy-night,2,3,0,1.0,0.0,0.0,0.0,0.0
2019-03-07,15261.42,0,0.45,0.0,05:01AM,none_,partly-cloudy-night,3,3,0,0.0,1.0,0.0,0.0,0.0
2019-03-08,17086.85,0,0.57,0.0049,12:00PM,rain,partly-cloudy-night,4,3,0,0.0,1.0,0.0,0.0,0.0
2019-03-09,19019.559999999983,0,0.59,0.0035,11:00AM,none_,clear-night,5,3,0,0.0,1.0,0.0,0.0,0.0
2019-03-10,15061.3,0,0.96,0.0787,11:00AM,none_,cloudy,6,3,0,0.0,0.0,1.0,0.0,0.0
2019-03-11,14179.58,0,0.31,0.0,05:01AM,none_,clear-night,0,3,0,0.0,0.0,1.0,0.0,0.0
2019-03-12,14019.5,0,0.41,0.0,05:01AM,none_,clear-night,1,3,0,0.0,1.0,0.0,0.0,0.0
2019-03-13,16744.55,0,0.59,0.0,05:01AM,none_,partly-cloudy-night,2,3,0,0.0,1.0,0.0,0.0,0.0
2019-03-14,14913.4,0,0.72,0.0,05:01AM,none_,partly-cloudy-night,3,3,0,0.0,0.0,1.0,0.0,0.0
2019-03-15,15491.38,0,0.71,0.1271,10:00PM,none_,partly-cloudy-night,4,3,0,0.0,0.0,0.0,1.0,0.0
2019-03-16,16980.42,0,0.4,0.0003,12:00AM,none_,partly-cloudy-night,5,3,0,0.0,1.0,0.0,0.0,0.0
2019-03-17,14554.25,0,0.3,0.0,05:01AM,none_,clear-night,6,3,0,0.0,1.0,0.0,0.0,0.0
2019-03-18,14174.46,0,0.36,0.0,05:01AM,none_,partly-cloudy-night,0,3,0,0.0,0.0,1.0,0.0,0.0
2019-03-19,13480.41,0,0.43,0.0,05:01AM,none_,partly-cloudy-night,1,3,0,0.0,0.0,1.0,0.0,0.0
2019-03-20,12259.69,0,0.62,0.0,05:01AM,none_,partly-cloudy-night,2,3,0,0.0,1.0,0.0,0.0,0.0
2019-03-21,13971.17,0,0.86,0.0757,12:00AM,none_,rain,3,3,0,0.0,1.0,0.0,0.0,0.0
2019-03-22,15905.089999999998,0,0.56,0.1114,01:00AM,rain,partly-cloudy-night,4,3,0,0.0,1.0,0.0,0.0,0.0
2019-03-23,17432.25,0,0.25,0.0,05:01AM,none_,clear-night,5,3,0,0.0,1.0,0.0,0.0,0.0
2019-03-24,14232.999999999995,0,0.25,0.0,05:01AM,none_,partly-cloudy-night,6,3,0,0.0,0.0,0.0,1.0,0.0
2019-03-25,14034.25,0,0.47,0.0,05:01AM,none_,cloudy,0,3,0,0.0,0.0,1.0,0.0,0.0
2019-03-26,14285.5,0,0.18,0.0,05:01AM,none_,clear-night,1,3,0,0.0,0.0,1.0,0.0,0.0
2019-03-27,15776.1,0,0.52,0.0,05:01AM,none_,clear-night,2,3,0,0.0,1.0,0.0,0.0,0.0
2019-03-28,13559.5,0,0.7,0.0,05:01AM,none_,partly-cloudy-night,3,3,0,0.0,0.0,1.0,0.0,0.0
2019-03-29,16291.09,0,0.67,0.0,05:01AM,none_,cloudy,4,3,0,0.0,0.0,0.0,1.0,0.0
2019-03-30,17937.190000000002,0,0.56,0.0,05:01AM,none_,partly-cloudy-night,5,3,0,0.0,0.0,0.0,1.0,0.0
2019-03-31,14248.72,0,0.49,0.0235,12:00PM,rain,partly-cloudy-night,6,3,0,0.0,0.0,1.0,0.0,0.0
2019-04-01,12858.5,0,0.27,0.0,05:01AM,none_,clear-night,0,4,0,0.0,0.0,1.0,0.0,0.0
2019-04-02,13983.0,0,0.63,0.0,05:01AM,none_,cloudy,1,4,0,0.0,0.0,1.0,0.0,0.0
2019-04-03,15275.979999999998,1,0.17,0.0,05:01AM,none_,clear-night,2,4,0,0.0,0.0,0.0,1.0,0.0
2019-04-04,14172.839999999998,0,0.23,0.0,05:01AM,none_,clear-night,3,4,0,0.0,0.0,1.0,0.0,0.0
2019-04-05,17164.91,0,0.89,0.0267,11:00PM,rain,rain,4,4,0,0.0,1.0,0.0,0.0,0.0
2019-04-06,19636.7,0,0.48,0.013000000000000001,12:00AM,rain,clear-night,5,4,0,0.0,0.0,0.0,1.0,0.0
2019-04-07,15262.66,0,0.61,0.0,05:01AM,none_,partly-cloudy-night,6,4,0,0.0,0.0,0.0,1.0,0.0
2019-04-08,13748.75,0,0.45,0.0872,03:00AM,rain,partly-cloudy-night,0,4,0,0.0,0.0,0.0,0.0,1.0
2019-04-09,15610.75,0,0.93,0.0209,07:00PM,none_,cloudy,1,4,0,0.0,0.0,1.0,0.0,0.0
2019-04-10,16141.53,1,0.38,0.0,05:01AM,none_,clear-night,2,4,0,0.0,0.0,1.0,0.0,0.0
2019-04-11,15233.42,1,0.46,0.0,05:01AM,none_,cloudy,3,4,0,0.0,0.0,1.0,0.0,0.0
2019-04-12,15499.54,0,0.84,0.1577,11:00PM,rain,rain,4,4,0,0.0,0.0,0.0,1.0,0.0
2019-04-13,22044.699999999993,1,0.59,0.079,06:00AM,rain,partly-cloudy-night,5,4,0,0.0,0.0,0.0,1.0,0.0
2019-04-14,19197.14,1,0.91,0.0116,11:00PM,rain,cloudy,6,4,0,0.0,0.0,0.0,1.0,0.0
2019-04-15,15071.21,0,0.51,0.2115,06:00AM,rain,partly-cloudy-night,0,4,0,0.0,0.0,1.0,0.0,0.0
2019-04-16,16704.25,1,0.3,0.0,05:01AM,none_,partly-cloudy-night,1,4,0,0.0,0.0,0.0,1.0,0.0
2019-04-17,15640.2,1,0.44,0.0,04:00AM,none_,partly-cloudy-night,2,4,0,0.0,0.0,1.0,0.0,0.0
2019-04-18,18789.73,1,0.77,0.0,05:01AM,none_,partly-cloudy-night,3,4,0,0.0,0.0,0.0,1.0,0.0
2019-04-19,18099.51,1,0.81,0.028999999999999998,10:00PM,none_,cloudy,4,4,0,0.0,0.0,0.0,1.0,0.0
2019-04-20,19922.12,1,0.73,0.1866,08:00AM,rain,partly-cloudy-night,5,4,0,0.0,0.0,0.0,1.0,0.0
2019-04-21,17947.379999999994,1,0.67,0.0,05:01AM,none_,partly-cloudy-night,6,4,0,0.0,0.0,0.0,1.0,0.0
2019-04-22,14521.0,0,0.92,0.0472,04:00PM,rain,rain,0,4,0,0.0,0.0,0.0,1.0,0.0
2019-04-23,15124.71,1,0.64,0.0011,12:00AM,rain,partly-cloudy-night,1,4,0,0.0,0.0,0.0,1.0,0.0
2019-04-24,18315.590000000004,1,0.37,0.0039,01:00AM,rain,clear-night,2,4,0,0.0,0.0,0.0,1.0,0.0
2019-04-25,15795.0,0,0.78,0.0013,08:00PM,rain,cloudy,3,4,0,0.0,0.0,1.0,0.0,0.0
2019-04-26,15665.17,0,0.95,0.1338,01:00PM,rain,rain,4,4,0,0.0,0.0,0.0,1.0,0.0
2019-04-27,24572.2,1,0.43,0.0182,04:00AM,rain,clear-night,5,4,0,0.0,0.0,0.0,1.0,0.0
2019-04-28,13385.27,1,0.69,0.001,01:00PM,rain,partly-cloudy-night,6,4,0,0.0,0.0,1.0,0.0,0.0
2019-04-29,13533.34,1,0.53,0.0,05:01AM,none_,cloudy,0,4,0,0.0,0.0,1.0,0.0,0.0
2019-04-30,19476.48,1,0.76,0.0169,05:00AM,rain,partly-cloudy-night,1,4,0,0.0,0.0,0.0,1.0,0.0
2019-05-01,13112.839999999998,0,0.92,0.0,10:00PM,none_,cloudy,2,5,0,0.0,0.0,1.0,0.0,0.0
2019-05-02,18046.26,1,0.8,0.0131,07:00PM,rain,cloudy,3,5,0,0.0,0.0,0.0,1.0,0.0
2019-05-03,17950.989999999994,1,0.95,0.0002,03:00PM,none_,cloudy,4,5,0,0.0,0.0,1.0,0.0,0.0
2019-05-04,21879.9,1,0.89,0.1083,02:00AM,rain,partly-cloudy-night,5,5,0,0.0,0.0,0.0,1.0,0.0
2019-05-05,14566.4,0,0.96,0.1066,08:00PM,rain,rain,6,5,0,0.0,0.0,1.0,0.0,0.0
2019-05-06,15982.0,1,0.68,0.0226,12:00AM,rain,cloudy,0,5,0,0.0,0.0,0.0,1.0,0.0
2019-05-07,16030.75,1,0.74,0.0477,09:00PM,rain,partly-cloudy-night,1,5,0,0.0,0.0,0.0,1.0,0.0
2019-05-08,13849.69,1,0.66,0.0,05:01AM,none_,clear-night,2,5,0,0.0,0.0,0.0,1.0,0.0
2019-05-09,16304.6,1,0.71,0.0,05:01AM,none_,cloudy,3,5,0,0.0,0.0,0.0,1.0,0.0
2019-05-11,20713.68,1,0.47,0.016,04:00AM,rain,cloudy,5,5,0,0.0,0.0,0.0,1.0,0.0
2019-05-12,12262.59,0,0.88,0.1263,03:00PM,rain,cloudy,6,5,0,0.0,0.0,1.0,0.0,0.0
2019-05-13,13163.0,0,0.91,0.1379,06:00PM,rain,cloudy,0,5,0,0.0,0.0,1.0,0.0,0.0
2019-05-14,14125.75,0,0.93,0.0629,08:00PM,rain,rain,1,5,0,0.0,0.0,1.0,0.0,0.0
2019-05-15,17601.21,1,0.6,0.0062,12:00AM,rain,partly-cloudy-day,2,5,0,0.0,0.0,0.0,1.0,0.0
2019-05-16,18423.49,1,0.53,0.013999999999999999,05:00AM,rain,partly-cloudy-day,3,5,0,0.0,0.0,0.0,1.0,0.0
2019-05-17,21350.49,1,0.57,0.0299,10:00PM,rain,partly-cloudy-day,4,5,0,0.0,0.0,0.0,0.0,1.0
2019-05-18,24635.399999999994,1,0.54,0.0005,12:00AM,none_,partly-cloudy-day,5,5,0,0.0,0.0,0.0,1.0,0.0
2019-05-19,17560.63,1,0.81,0.0145,08:00AM,rain,partly-cloudy-day,6,5,0,0.0,0.0,0.0,0.0,1.0
2019-05-20,17033.5,1,0.48,0.1306,02:00AM,rain,partly-cloudy-day,0,5,0,0.0,0.0,0.0,0.0,1.0
2019-05-22,17455.46,1,0.39,0.0,05:01AM,none_,clear-day,2,5,0,0.0,0.0,0.0,1.0,0.0
2019-05-23,16084.5,1,0.87,0.0815,05:00PM,rain,partly-cloudy-day,3,5,0,0.0,0.0,0.0,1.0,0.0
2019-05-24,21672.14,1,0.49,0.0013,12:00AM,rain,partly-cloudy-day,4,5,0,0.0,0.0,0.0,1.0,0.0
2019-05-26,20863.74,1,0.84,0.0505,07:00PM,rain,partly-cloudy-day,6,5,0,0.0,0.0,0.0,0.0,1.0
2019-05-27,19083.489999999983,1,0.41,0.0005,12:00AM,none_,clear-day,0,5,0,0.0,0.0,0.0,0.0,1.0
2019-05-28,13647.99,1,0.84,0.0569,10:00PM,rain,cloudy,1,5,0,0.0,0.0,0.0,1.0,0.0
2019-05-29,13669.77,0,0.96,0.3805,06:00PM,rain,rain,2,5,0,0.0,0.0,0.0,1.0,0.0
2019-05-30,14610.13,0,0.94,0.33899999999999997,07:00PM,rain,rain,3,5,0,0.0,0.0,0.0,1.0,0.0
2019-05-31,22367.26,1,0.55,0.0223,01:00AM,rain,partly-cloudy-day,4,5,0,0.0,0.0,0.0,0.0,1.0
2019-06-02,17890.579999999998,1,0.64,0.0717,10:00PM,rain,partly-cloudy-day,6,6,0,0.0,0.0,0.0,0.0,1.0
2019-06-03,18854.799999999992,1,0.31,0.0073,12:00AM,rain,clear-day,0,6,0,0.0,0.0,0.0,1.0,0.0
2019-06-04,19001.46,1,0.4,0.0006,11:00AM,none_,partly-cloudy-day,1,6,0,0.0,0.0,0.0,1.0,0.0
2019-06-05,15613.58,1,0.77,0.0003,04:00PM,none_,partly-cloudy-day,2,6,0,0.0,0.0,0.0,0.0,1.0
2019-06-06,18421.26,1,0.53,0.1395,01:00AM,rain,partly-cloudy-day,3,6,0,0.0,0.0,0.0,0.0,1.0
2019-06-07,21023.88,1,0.8,0.0004,05:00PM,rain,partly-cloudy-day,4,6,0,0.0,0.0,0.0,1.0,0.0
2019-06-08,21201.51,1,0.44,0.0001,01:00AM,none_,clear-day,5,6,0,0.0,0.0,0.0,1.0,0.0
2019-06-09,20616.1,1,0.4,0.0,05:01AM,none_,clear-day,6,6,0,0.0,0.0,0.0,1.0,0.0
