date,inside_sales,outside_sales,inside_covers,outside_covers,reserved_covers,walkin_covers,waitlist_covers,no_show_covers,no_show_parties,apparent_temperature,humidity,precip_intensity_max,precip_max_time,precip_prob,precip_type,pressure,summary,temperature
2017-01-02,13159.84,,174,0,106,26,42,17,6,35.58,0.92,0.0242,15:00:00,0.79,rain,1027.98,rain,39.06
2017-01-03,12442.11,,181,0,119,31,31,14,4,41.5,0.94,0.0913,17:00:00,0.77,rain,1000.08,rain,43.19
2017-01-04,12927.64,,174,0,131,17,26,5,2,36.81,0.4,0.0176,00:00:00,0.0,rain,1002.55,clear-night,42.29
2017-01-05,14457.79,,191,0,138,25,28,4,2,27.11,0.48,0.0,05:01:00,0.0,none,1014.61,cloudy,31.36
2017-01-06,15331.97,,200,0,130,16,54,6,3,24.74,0.48,0.0019,12:00:00,0.0,snow,1022.8,partly-cloudy-night,29.42
2017-01-07,16245.74,,209,0,115,22,72,4,1,12.75,0.86,0.0005,16:00:00,0.0,snow,1019.96,fog,20.76
2017-01-08,14428.09,,188,0,135,13,40,8,3,12.43,0.5,0.0,05:01:00,0.0,none,1032.24,partly-cloudy-night,20.61
2017-01-09,12604.6,,175,0,131,25,19,4,2,20.6,0.6,0.0,05:01:00,0.0,none,1038.82,partly-cloudy-night,20.6
2017-01-10,13227.15,,179,0,134,15,30,11,3,36.32,0.82,0.0046,23:00:00,0.1,rain,1028.4,cloudy,36.32
2017-01-11,15294.74,,187,0,139,18,30,3,2,45.38,0.83,0.0999,03:00:00,0.0,rain,1024.75,partly-cloudy-night,45.38
2017-01-12,15518.55,,182,0,124,17,41,13,7,61.38,0.7,0.0873,00:00:00,0.0,rain,1016.83,partly-cloudy-night,61.38
2017-01-13,14839.62,,201,0,131,25,45,19,5,30.67,0.46,0.0,05:01:00,0.0,none,1036.88,clear-night,35.67
2017-01-14,17289.53,,222,0,155,10,57,10,4,29.35,0.9,0.0007,17:00:00,0.0,none,1029.87,cloudy,29.35
2017-01-15,15491.24,,222,0,146,21,55,18,6,32.81,0.64,0.0076,12:00:00,0.0,rain,1028.75,clear-night,32.81
2017-01-16,13852.72,,200,0,143,14,43,2,1,38.64,0.61,0.0003,14:00:00,0.0,none,1027.4,partly-cloudy-night,38.64
2017-01-17,11401.96,,139,0,105,19,15,4,2,39.16,0.92,0.0614,19:00:00,1.0,rain,1017.45,rain,39.16
2017-01-18,13072.37,,173,0,121,24,28,14,6,40.71,0.87,0.0218,04:00:00,0.0,rain,1017.04,cloudy,40.71
2017-01-19,14309.93,,186,0,129,23,34,5,3,41.9,0.73,0.0,05:01:00,0.0,none,1017.13,partly-cloudy-night,41.9
2017-01-20,16909.2,,202,0,140,14,48,6,2,40.89,0.9,0.023,18:00:00,0.56,rain,1013.34,rain,40.89
2017-01-21,17803.79,,241,0,163,20,58,4,2,45.52,0.93,0.0016,00:00:00,0.0,rain,1009.74,cloudy,45.52
2017-01-22,11864.92,,167,0,116,26,25,6,3,46.11,0.85,0.0034,18:00:00,0.07,rain,1007.34,cloudy,47.89
2017-01-23,13118.67,,164,0,129,18,17,16,5,30.42,0.9,0.1405,20:00:00,1.0,rain,1003.1,rain,37.0
2017-01-24,15002.2,,179,0,136,2,41,10,4,33.08,0.86,0.1224,00:00:00,0.65,rain,995.82,rain,38.69
2017-01-25,15672.27,,198,0,151,15,32,2,1,43.1,0.71,0.0015,00:00:00,0.0,rain,1004.03,partly-cloudy-night,43.1
2017-01-26,13775.48,,148,0,89,17,42,10,4,40.0,0.56,0.0061,11:00:00,0.0,rain,998.44,partly-cloudy-night,44.19
2017-01-27,15530.01,,202,0,140,17,45,8,4,34.08,0.58,0.0,05:01:00,0.0,none,1003.06,cloudy,38.99
2017-01-28,17798.77,,217,0,142,25,50,8,3,33.72,0.57,0.0,05:01:00,0.0,none,1007.07,cloudy,36.61
2017-01-29,13957.47,,198,0,130,17,51,6,3,37.06,0.47,0.0,05:01:00,0.0,none,1006.94,partly-cloudy-night,37.06
2017-01-30,13181.96,,183,0,139,11,33,9,4,31.76,0.44,0.0,05:01:00,0.0,none,1012.54,clear-night,31.76
2017-01-31,14639.51,,161,0,117,15,29,10,4,30.62,0.86,0.0003,15:00:00,0.0,none,1010.03,cloudy,30.62
2017-02-01,14123.7,,194,0,145,8,41,8,3,39.55,0.66,0.0052,12:00:00,0.0,rain,1015.95,partly-cloudy-night,41.24
2017-02-02,17747.13,,178,0,130,14,34,10,3,33.14,0.53,0.0,05:01:00,0.0,none,1020.64,partly-cloudy-night,36.37
2017-02-03,17399.43,,206,0,147,17,42,8,2,24.85,0.45,0.0,05:01:00,0.0,none,1020.68,cloudy,30.71
2017-02-04,17545.95,,217,0,152,24,41,0,0,28.06,0.4,0.0,05:01:00,0.0,none,1026.33,clear-night,31.29
2017-02-06,12541.53,,168,0,127,20,21,8,3,39.99,0.69,0.0,05:01:00,0.0,none,1018.27,clear-night,39.99
2017-02-07,14185.24,,176,0,133,14,29,9,3,35.25,0.93,0.0731,12:00:00,0.0,rain,1007.25,cloudy,38.14
2017-02-08,14382.57,,186,0,129,16,41,16,7,47.83,0.58,0.0147,04:00:00,0.0,rain,1006.03,partly-cloudy-night,47.83
2017-02-09,13655.02,,181,0,112,16,53,12,7,9.89,0.54,0.0075,06:00:00,0.0,snow,1011.08,partly-cloudy-night,20.88
2017-02-10,15970.63,,177,0,136,10,31,2,1,23.96,0.56,0.0071,15:00:00,0.0,snow,1022.18,cloudy,28.87
2017-02-11,16634.66,,222,0,140,27,55,11,4,40.32,0.65,0.0127,13:00:00,0.13,rain,1016.38,partly-cloudy-night,40.32
2017-02-12,14299.8,,200,0,138,28,34,7,3,34.4,0.94,0.0181,13:00:00,0.5,rain,1005.48,rain,34.4
2017-02-13,14230.93,,190,0,143,24,23,20,7,25.59,0.58,0.0061,12:00:00,0.0,snow,1014.03,partly-cloudy-night,32.6
2017-02-14,14481.16,,186,0,123,20,43,10,4,36.52,0.65,0.0059,15:00:00,0.0,rain,1008.79,clear-night,36.52
2017-02-15,15609.01,,196,0,144,17,35,9,4,32.07,0.78,0.0032,13:00:00,0.26,rain,995.37,cloudy,37.47
2017-02-16,15115.68,,196,0,144,22,30,4,1,23.62,0.53,0.0,05:01:00,0.0,none,1006.68,partly-cloudy-night,30.87
2017-02-17,16962.3,,210,0,149,23,38,5,2,37.94,0.45,0.0,05:01:00,0.0,none,1011.67,clear-night,37.94
2017-02-18,15932.2,,215,0,139,33,43,4,2,55.52,0.47,0.0,05:01:00,0.0,none,1004.57,clear-night,55.52
2017-02-19,15567.31,,200,0,140,22,38,8,2,54.49,0.46,0.0,05:01:00,0.0,none,1012.24,clear-night,54.49
2017-02-20,12690.5,,183,0,124,25,34,18,6,41.97,0.31,0.0,05:01:00,0.0,none,1026.07,clear-night,44.46
2017-02-21,13379.98,,186,0,127,20,39,6,2,41.45,0.71,0.0,05:01:00,0.0,none,1022.59,partly-cloudy-night,41.45
2017-02-22,12914.12,,172,0,126,11,35,5,2,49.82,0.73,0.0,05:01:00,0.0,none,1012.75,partly-cloudy-night,49.82
2017-02-23,13450.75,,186,0,129,19,38,0,0,56.74,0.78,0.0,05:01:00,0.0,none,1011.24,partly-cloudy-night,56.74
2017-02-24,14834.67,,209,0,140,16,53,4,1,61.06,0.77,0.0,05:01:00,0.0,none,1011.06,partly-cloudy-night,61.06
2017-02-25,16599.52,,231,0,154,33,44,12,4,52.18,0.9,0.1641,20:00:00,1.0,rain,1000.85,rain,52.18
2017-02-26,14263.85,,201,0,125,38,38,17,7,34.59,0.46,0.0,02:00:00,0.0,none,1022.15,partly-cloudy-night,37.75
2017-02-27,13716.86,,171,0,138,14,19,3,2,48.55,0.52,0.0,05:01:00,0.0,none,1029.25,partly-cloudy-night,48.55
2017-02-28,15136.09,,161,0,113,33,15,4,2,51.81,0.9,0.0,05:01:00,0.0,none,1020.57,cloudy,51.81
2017-03-01,13773.48,,179,0,134,14,31,0,0,65.76,0.61,0.0827,12:00:00,0.0,rain,997.46,clear-night,65.76
2017-03-02,15066.19,,179,0,133,17,29,14,6,35.75,0.34,0.0014,02:00:00,0.0,rain,1016.13,clear-night,40.41
2017-03-03,14819.79,,190,0,125,17,48,9,4,24.47,0.55,0.0,05:01:00,0.0,none,1026.66,partly-cloudy-night,31.1
2017-03-04,18980.78,,240,0,164,4,72,0,0,13.64,0.31,0.0,05:01:00,0.0,none,1034.61,clear-night,22.65
2017-03-05,14517.5,,217,0,140,30,47,9,4,30.91,0.26,0.0,05:01:00,0.0,none,1033.91,clear-night,30.91
2017-03-06,13041.74,,166,0,119,21,26,4,2,39.38,0.54,0.0,05:01:00,0.0,none,1030.78,cloudy,39.38
2017-03-07,13784.06,,167,0,133,11,23,6,2,48.34,0.87,0.0318,11:00:00,0.0,rain,1019.58,partly-cloudy-night,48.34
2017-03-08,14269.45,,185,0,136,11,38,10,4,55.23,0.33,0.0146,07:00:00,0.0,rain,1012.25,clear-night,55.23
2017-03-09,14775.67,,193,0,143,18,32,8,3,52.4,0.32,0.0,05:01:00,0.0,none,1014.93,partly-cloudy-night,52.4
2017-03-10,15135.91,,195,0,135,21,39,11,4,24.96,0.47,0.0232,16:00:00,0.13,snow,1012.52,partly-cloudy-night,31.61
2017-03-11,18060.54,,209,0,140,17,52,13,5,17.49,0.49,0.0,05:01:00,0.0,none,1022.62,partly-cloudy-night,25.07
2017-03-12,14304.03,,192,0,138,30,24,16,6,20.81,0.37,0.0,05:01:00,0.0,none,1026.9,clear-night,27.72
2017-03-13,13130.57,,179,0,133,35,11,1,1,27.76,0.49,0.0005,15:00:00,0.0,none,1028.04,partly-cloudy-night,31.26
2017-03-15,13946.54,,172,0,125,28,19,6,2,16.76,0.55,0.0,05:01:00,0.0,none,1006.81,cloudy,25.77
2017-03-16,14506.04,,187,0,132,20,35,10,5,33.02,0.35,0.021,15:00:00,0.19,rain,1015.55,clear-night,37.42
2017-03-17,18270.45,,210,0,142,24,44,10,3,41.57,0.37,0.0088,14:00:00,0.0,rain,1022.36,clear-night,41.57
2017-03-18,17417.11,,226,0,154,19,53,10,5,30.53,0.89,0.0109,19:00:00,0.83,sleet,1021.4,sleet,34.81
2017-03-19,15175.57,,197,0,127,34,36,18,8,43.82,0.37,0.0004,11:00:00,0.0,none,1020.4,clear-night,43.82
2017-03-20,13641.76,,191,0,131,18,42,5,3,48.54,0.32,0.0,05:01:00,0.0,none,1015.28,partly-cloudy-night,48.54
2017-03-21,13990.11,,179,0,130,20,29,10,5,54.19,0.43,0.0,05:01:00,0.0,none,1010.56,partly-cloudy-night,54.19
2017-03-22,13219.24,,181,0,120,22,39,11,5,21.24,0.27,0.0,05:01:00,0.0,none,1026.71,clear-night,29.42
2017-03-23,12274.55,,171,0,120,20,31,18,7,39.66,0.25,0.0,05:01:00,0.0,none,1033.22,clear-night,39.66
2017-03-24,14918.99,,193,0,142,14,37,11,5,52.53,0.55,0.001,14:00:00,0.0,none,1019.86,partly-cloudy-night,52.53
2017-03-25,17790.2,,233,0,169,22,42,5,2,44.57,0.8,0.0028,20:00:00,0.28,rain,1026.05,cloudy,45.58
2017-03-26,15494.25,,213,0,140,29,44,16,7,37.21,0.84,0.0083,04:00:00,0.0,rain,1028.38,cloudy,40.23
2017-03-27,14012.57,,177,0,111,28,38,16,7,50.48,0.85,0.0789,10:00:00,0.0,rain,1015.37,partly-cloudy-night,50.48
2017-03-28,13764.82,,188,0,132,24,32,10,5,42.62,0.94,0.0675,12:00:00,0.98,rain,1012.63,rain,42.62
2017-03-29,13511.06,,193,0,119,19,55,21,9,51.27,0.39,0.0047,00:00:00,0.0,rain,1020.19,clear-night,51.27
2017-03-30,14750.53,,178,0,129,8,41,14,7,43.81,0.57,0.0,05:01:00,0.0,none,1020.54,cloudy,45.03
2017-03-31,14993.56,,196,0,134,14,48,10,4,34.03,0.92,0.1179,20:00:00,1.0,rain,1008.21,rain,39.55
2017-04-01,18240.05,,229,0,154,14,61,10,4,44.38,0.69,0.0229,00:00:00,0.0,rain,1014.78,cloudy,45.85
2017-04-02,13855.4,,206,0,137,29,40,8,2,58.42,0.35,0.0,05:01:00,0.0,none,1017.19,clear-night,58.42
2017-04-03,14837.15,,184,0,129,16,39,12,3,52.91,0.59,0.0,05:01:00,0.0,none,1014.52,partly-cloudy-night,52.91
2017-04-04,13197.14,,175,0,126,17,32,6,3,49.02,0.9,0.3501,04:00:00,0.0,rain,1003.76,cloudy,49.02
2017-04-05,12734.13,26.0,167,2,119,10,40,10,3,52.08,0.73,0.0,05:01:00,0.0,none,1014.6,clear-night,52.08
2017-04-06,13259.94,,179,0,117,27,35,12,4,48.43,0.94,0.2229,17:00:00,0.49,rain,989.22,rain,48.94
2017-04-07,15871.63,,202,0,147,13,42,6,3,38.8,0.61,0.0013,13:00:00,0.0,rain,1000.1,cloudy,43.56
2017-04-08,17201.92,,233,0,152,20,61,9,4,53.42,0.3,0.0,05:01:00,0.0,none,1011.65,clear-night,53.42
2017-04-09,13944.97,,209,0,136,24,49,14,5,56.58,0.42,0.0,05:01:00,0.0,none,1019.94,clear-night,56.58
2017-04-10,13294.15,4164.0,185,71,130,80,46,22,8,71.46,0.38,0.0,05:01:00,0.0,none,1018.55,clear-night,71.46
2017-04-11,11246.8,4619.0,164,89,121,60,72,10,5,71.97,0.49,0.0,05:01:00,0.0,none,1017.87,clear-night,71.97
2017-04-12,14836.66,5001.21,191,84,150,56,69,8,4,71.18,0.37,0.0094,13:00:00,0.0,rain,1020.55,clear-night,71.18
2017-04-13,15669.83,3782.38,193,67,157,53,50,2,1,60.35,0.32,0.0,05:01:00,0.0,none,1026.5,partly-cloudy-night,60.35
2017-04-14,16497.2,3915.5,207,76,135,67,81,28,10,57.04,0.42,0.0,05:01:00,0.0,none,1027.5,clear-night,57.04
2017-04-15,17041.18,4769.0,210,81,131,91,69,14,5,60.0,0.73,0.0,05:01:00,0.0,none,1021.51,cloudy,60.0
2017-04-16,13162.99,4921.0,199,106,128,76,101,21,8,80.52,0.41,0.0009,17:00:00,0.0,rain,1008.26,clear-day,80.52
2017-04-17,11764.6,3301.98,165,61,123,88,15,17,8,66.91,0.26,0.0,05:01:00,0.0,none,1016.94,clear-day,66.91
2017-04-18,13129.11,366.5,173,8,134,17,30,10,4,52.69,0.59,0.0,05:01:00,0.0,none,1030.36,clear-day,52.69
2017-04-19,12213.75,,176,0,113,30,33,8,4,46.95,0.79,0.003,22:00:00,0.0,rain,1026.43,cloudy,48.52
2017-04-20,13549.07,1669.17,184,30,127,49,38,14,6,59.59,0.75,0.0329,08:00:00,0.0,rain,1017.07,cloudy,59.59
2017-04-21,15855.95,176.0,199,2,133,10,58,15,5,51.96,0.89,0.0599,02:00:00,0.0,rain,1012.3,cloudy,51.96
2017-04-22,17513.95,,232,0,143,27,62,8,4,54.0,0.77,0.0123,16:00:00,0.0,rain,1014.26,cloudy,54.0
2017-04-23,15399.77,2084.5,203,43,119,70,57,22,8,55.1,0.61,0.0,05:01:00,0.0,none,1018.95,partly-cloudy-day,55.1
2017-04-24,14321.38,,200,0,131,20,49,16,5,55.3,0.66,0.0,05:01:00,0.0,none,1020.21,cloudy,55.3
2017-04-25,15762.3,,166,0,102,14,50,12,5,53.51,0.94,0.1511,22:00:00,1.0,rain,1012.24,rain,53.51
2017-04-26,13659.22,544.0,163,11,111,26,37,11,3,60.21,0.9,0.0166,00:00:00,0.0,rain,1008.91,cloudy,60.21
2017-04-27,14241.45,1327.5,202,33,127,60,48,30,10,60.92,0.89,0.0016,02:00:00,0.0,rain,1011.89,cloudy,60.92
2017-04-28,14681.55,7498.0,183,114,140,68,89,26,9,78.5,0.34,0.0015,05:00:00,0.0,rain,1015.52,clear-day,78.5
2017-04-29,17023.25,7897.22,188,127,142,43,130,12,5,79.39,0.51,0.0539,06:00:00,0.0,rain,1015.61,partly-cloudy-day,79.36
2017-04-30,13939.2,84.0,205,2,139,17,51,22,8,54.02,0.64,0.0,05:01:00,0.0,none,1022.75,cloudy,54.02
2017-05-01,11624.23,3760.89,162,60,110,61,51,16,7,69.73,0.72,0.0,05:01:00,0.0,none,1006.44,partly-cloudy-day,69.68
2017-05-02,13417.57,5621.55,180,86,129,61,76,13,6,68.36,0.35,0.0082,07:00:00,0.0,rain,1004.74,partly-cloudy-day,68.36
2017-05-03,12843.27,2846.0,175,42,107,51,59,24,8,59.72,0.36,0.0,05:01:00,0.0,none,1016.59,clear-day,59.72
2017-05-04,14497.92,334.42,185,14,126,35,38,16,6,53.62,0.62,0.0,05:01:00,0.0,none,1022.08,partly-cloudy-day,53.62
2017-05-05,15769.13,,205,0,135,21,49,4,2,59.08,0.94,0.391,14:00:00,0.0,rain,1001.27,cloudy,59.05
2017-05-06,16751.37,2253.0,225,46,136,65,70,18,6,60.39,0.77,0.0265,03:00:00,0.04,rain,994.98,partly-cloudy-day,60.39
2017-05-07,14938.69,,200,0,123,16,61,21,8,50.4,0.69,0.0011,17:00:00,0.0,rain,1006.53,cloudy,50.4
2017-05-08,13171.45,1630.0,171,39,102,69,39,9,4,55.7,0.42,0.0,05:01:00,0.0,none,1012.09,partly-cloudy-day,55.7
2017-05-09,14515.84,104.0,185,3,127,21,40,14,4,55.85,0.51,0.0,05:01:00,0.0,none,1014.82,partly-cloudy-day,55.85
2017-05-10,13333.11,3194.5,173,53,124,70,32,21,8,56.65,0.57,0.0,05:01:00,0.0,none,1016.27,partly-cloudy-day,56.65
2017-05-11,16600.78,2098.0,195,36,131,48,52,10,4,55.96,0.57,0.0,05:01:00,0.0,none,1015.44,partly-cloudy-day,55.96
2017-05-12,16186.37,2761.0,198,54,132,51,69,21,7,54.46,0.65,0.0,05:01:00,0.0,none,1016.98,partly-cloudy-day,54.46
2017-05-13,16634.99,,217,0,132,39,46,17,6,43.22,0.93,0.132,16:00:00,1.0,rain,1008.91,rain,46.41
2017-05-14,14104.57,3714.0,221,56,149,76,52,10,6,61.13,0.58,0.012,00:00:00,0.1,rain,1001.47,partly-cloudy-day,61.13
2017-05-15,14619.05,4898.0,162,81,121,73,49,13,5,65.81,0.45,0.0,05:01:00,0.0,none,1009.75,partly-cloudy-day,65.81
2017-05-16,13584.74,6678.13,184,103,145,44,98,20,9,74.97,0.39,0.0,05:01:00,0.0,none,1014.16,partly-cloudy-day,74.97
2017-05-17,12554.89,5574.61,170,100,126,60,84,14,7,86.35,0.46,0.0,05:01:00,0.0,none,1012.67,clear-day,85.59
2017-05-18,14528.9,5349.3,196,84,127,70,83,18,7,88.36,0.44,0.0,05:01:00,0.0,none,1010.21,clear-day,87.52
2017-05-19,14493.43,5773.48,194,105,155,45,99,13,7,87.03,0.43,0.0002,17:00:00,0.0,none,1011.19,partly-cloudy-day,86.7
2017-05-20,18713.63,4784.84,213,102,143,52,120,9,4,60.24,0.57,0.0015,08:00:00,0.0,rain,1026.08,partly-cloudy-day,60.24
2017-05-21,13555.5,4690.5,190,91,121,82,78,33,12,59.52,0.49,0.0,05:01:00,0.0,none,1025.58,partly-cloudy-day,59.52
2017-05-22,14307.2,,190,0,124,25,41,11,5,60.36,0.95,0.0784,16:00:00,0.48,rain,1014.7,rain,60.18
2017-05-23,13687.53,4048.5,168,79,115,65,67,14,7,65.15,0.62,0.0,05:01:00,0.0,none,1010.11,partly-cloudy-day,65.15
2017-05-24,13219.46,4360.84,184,77,128,69,64,27,12,63.35,0.67,0.0087,07:00:00,0.0,rain,1008.61,partly-cloudy-day,63.35
2017-05-25,15073.34,,187,0,111,24,52,13,5,58.22,0.95,0.07,11:00:00,0.41,rain,999.88,rain,58.22
2017-05-26,15074.0,6612.48,197,100,132,42,123,16,7,71.59,0.59,0.0978,01:00:00,0.0,rain,1005.1,partly-cloudy-day,71.59
2017-05-27,15183.88,6186.17,212,102,145,44,125,12,6,68.63,0.68,0.0,05:01:00,0.0,none,1011.78,cloudy,68.63
2017-05-28,16041.19,5743.5,220,101,132,79,110,12,5,63.69,0.66,0.0,23:00:00,0.0,none,1013.89,partly-cloudy-day,63.69
2017-05-29,12522.7,1563.5,182,26,118,32,58,27,11,57.07,0.86,0.0248,06:00:00,0.0,rain,1018.12,cloudy,57.07
2017-05-30,13781.12,184.5,194,3,118,22,57,13,6,58.11,0.89,0.0035,15:00:00,0.0,rain,1019.81,cloudy,58.11
2017-05-31,14624.48,4208.5,176,80,123,72,61,22,9,71.83,0.69,0.0082,07:00:00,0.0,rain,1013.05,partly-cloudy-day,71.74
2017-06-01,12063.4,5377.5,176,86,111,81,70,32,10,75.22,0.39,0.0004,00:00:00,0.0,none,1012.01,partly-cloudy-day,75.22
2017-06-02,15566.88,7445.91,168,137,131,60,114,6,3,71.76,0.35,0.0,05:01:00,0.0,none,1012.49,clear-day,71.76
2017-06-03,16106.63,7925.0,203,128,152,44,135,7,3,72.09,0.34,0.0061,09:00:00,0.0,rain,1014.05,clear-day,72.09
2017-06-04,14567.5,,211,0,121,33,57,7,3,62.38,0.81,0.0086,16:00:00,0.1,rain,1011.63,cloudy,62.38
2017-06-05,12927.54,1090.5,171,27,109,31,58,12,5,63.66,0.9,0.0232,04:00:00,0.0,rain,1006.99,cloudy,63.41
2017-06-06,15728.74,,185,0,128,25,32,18,9,55.76,0.84,0.0151,08:00:00,0.0,rain,1011.09,cloudy,55.76
2017-06-07,14807.97,4945.0,170,88,117,74,67,26,13,65.89,0.61,0.0,05:01:00,0.0,none,1015.98,partly-cloudy-day,65.89
2017-06-08,14142.99,3195.08,176,51,125,52,50,19,7,62.37,0.58,0.0,05:01:00,0.0,none,1011.57,partly-cloudy-day,62.37
2017-06-09,14799.02,7802.0,186,115,147,50,104,12,4,79.13,0.38,0.0,05:01:00,0.0,none,1008.25,partly-cloudy-day,79.13
2017-06-10,15207.24,7747.0,191,125,120,58,138,30,10,81.93,0.47,0.0,05:01:00,0.0,none,1014.54,partly-cloudy-day,81.59
2017-06-11,12895.08,5303.13,188,102,121,89,80,20,8,88.88,0.43,0.0,05:01:00,0.0,none,1015.35,clear-day,88.03
2017-06-12,13012.01,4566.5,168,93,117,82,62,28,10,90.61,0.43,0.0,05:01:00,0.0,none,1013.26,clear-day,89.16
2017-06-13,12198.81,3807.5,186,70,118,70,68,28,9,93.58,0.45,0.0,05:01:00,0.0,none,1009.83,partly-cloudy-day,90.57
2017-06-14,13244.11,5336.88,182,77,124,56,79,11,5,75.25,0.47,0.0151,08:00:00,0.0,rain,1015.01,clear-day,75.25
2017-06-15,15192.26,5314.97,184,91,140,54,81,18,8,69.05,0.59,0.0,05:01:00,0.0,none,1016.57,partly-cloudy-day,69.05
2017-06-16,15727.78,5047.0,197,90,151,58,78,14,6,66.75,0.91,0.0142,19:00:00,0.17,rain,1013.65,cloudy,66.17
2017-06-17,16829.43,4976.67,190,102,130,93,69,35,12,72.05,0.91,0.126,14:00:00,0.13,rain,1013.07,cloudy,70.96
2017-06-18,13134.39,5022.49,196,96,131,69,92,32,12,85.77,0.74,0.0,05:01:00,0.0,none,1008.69,partly-cloudy-day,81.21
2017-06-19,13991.77,,177,0,118,19,40,28,12,72.12,0.92,0.1908,19:00:00,1.0,rain,1010.48,rain,70.98
2017-06-20,12398.23,6477.63,189,102,128,84,79,23,7,81.55,0.41,0.0099,02:00:00,0.0,rain,1013.33,partly-cloudy-day,81.55
2017-06-21,13197.29,5956.95,169,99,135,57,76,20,8,79.11,0.53,0.0005,18:00:00,0.0,none,1011.57,partly-cloudy-day,79.02
2017-06-22,13939.56,6081.8,154,111,117,38,110,21,9,82.49,0.59,0.0,05:01:00,0.0,none,1012.46,partly-cloudy-day,80.69
2017-06-23,16353.36,,200,5,141,3,61,18,9,85.71,0.76,0.0064,21:00:00,0.19,rain,1003.6,partly-cloudy-day,80.97
2017-06-24,16211.18,7313.21,197,115,151,58,103,14,5,82.89,0.43,0.309,08:00:00,0.0,rain,1009.53,partly-cloudy-day,82.89
2017-06-25,12659.49,5744.55,189,106,121,67,107,23,8,78.41,0.53,0.0003,15:00:00,0.0,none,1013.25,partly-cloudy-day,78.39
2017-06-26,12941.88,4954.0,180,80,136,56,68,17,6,75.35,0.46,0.0,05:01:00,0.0,none,1015.09,clear-day,75.35
2017-06-27,12553.62,5261.18,151,107,130,64,64,21,9,72.75,0.5,0.043,06:00:00,0.0,rain,1013.9,partly-cloudy-day,72.75
2017-06-28,15526.92,5581.46,162,92,147,44,63,7,3,76.45,0.44,0.0,05:01:00,0.0,none,1018.68,partly-cloudy-day,76.45
2017-06-29,12673.13,5672.0,157,106,129,75,59,17,7,78.85,0.64,0.0,05:01:00,0.0,none,1016.95,partly-cloudy-day,78.29
2017-06-30,15662.15,4779.01,201,77,148,53,77,12,5,87.17,0.61,0.0004,23:00:00,0.0,none,1013.02,partly-cloudy-day,83.56
2017-07-01,15957.69,5348.0,223,85,156,75,77,20,6,76.18,0.85,0.0593,20:00:00,0.65,rain,1011.97,rain,74.96
2017-07-02,14588.54,7725.39,217,129,140,62,144,30,12,86.61,0.53,0.0,05:01:00,0.0,none,1013.93,partly-cloudy-day,84.61
2017-07-03,14509.19,7319.55,194,115,125,72,112,17,6,84.41,0.55,0.0008,18:00:00,0.0,none,1014.54,partly-cloudy-day,82.64
2017-07-04,11978.96,5884.69,183,107,96,134,60,32,12,82.0,0.47,0.0026,00:00:00,0.0,rain,1017.71,partly-cloudy-day,81.65
2017-07-05,11827.67,5477.5,148,112,111,66,83,24,10,76.7,0.52,0.0,05:01:00,0.0,none,1021.97,clear-day,76.7
2017-07-06,12197.88,4487.5,168,81,119,86,44,30,10,74.11,0.65,0.0,05:01:00,0.0,none,1016.46,partly-cloudy-day,73.98
2017-07-07,15878.84,2830.5,188,68,128,60,68,16,5,79.68,0.7,0.3603,11:00:00,0.0,rain,1006.65,partly-cloudy-day,78.79
2017-07-08,15991.75,7466.0,199,132,128,80,123,14,6,79.49,0.6,0.0135,00:00:00,0.0,rain,1008.12,partly-cloudy-day,79.04
2017-07-09,13829.5,6024.5,196,106,135,83,84,32,9,78.63,0.48,0.0,05:01:00,0.0,none,1016.31,clear-day,78.63
2017-07-10,12842.45,4061.02,176,77,119,61,73,13,5,82.55,0.63,0.0,05:01:00,0.0,none,1014.54,partly-cloudy-day,80.31
2017-07-11,12741.23,4409.38,182,75,128,84,45,22,9,87.66,0.69,0.0138,05:00:00,0.0,rain,1013.71,partly-cloudy-day,82.75
2017-07-12,14399.47,947.5,184,30,134,47,33,26,9,90.09,0.65,0.0032,22:00:00,0.02,rain,1014.15,cloudy,84.62
2017-07-13,13686.99,,186,0,113,27,46,15,7,78.26,0.83,0.0124,19:00:00,0.46,rain,1015.63,rain,76.97
2017-07-14,15037.84,,204,0,145,20,39,8,3,70.04,0.94,0.0743,10:00:00,0.06,rain,1015.87,cloudy,69.02
2017-07-15,15675.67,6790.5,201,105,146,48,112,23,9,81.86,0.58,0.0026,02:00:00,0.0,rain,1011.87,partly-cloudy-day,80.27
2017-07-16,13457.31,5966.5,198,109,126,64,117,16,7,82.93,0.63,0.0,05:01:00,0.0,none,1014.22,partly-cloudy-day,80.63
2017-07-17,13317.17,3647.21,187,79,134,78,54,17,9,79.84,0.75,0.0022,21:00:00,0.02,rain,1017.8,partly-cloudy-day,78.74
2017-07-18,12022.86,6442.48,161,85,117,68,61,19,7,87.38,0.69,0.0,05:01:00,0.0,none,1017.42,partly-cloudy-day,82.59
2017-07-19,12747.39,4887.84,172,91,128,73,62,16,6,92.44,0.55,0.0,05:01:00,0.0,none,1014.33,partly-cloudy-day,87.82
2017-07-20,14222.98,2395.0,170,40,134,41,35,12,5,92.22,0.58,0.0091,21:00:00,0.0,rain,1011.54,partly-cloudy-day,86.95
2017-07-21,14705.17,6266.0,206,99,150,55,100,13,5,91.68,0.54,0.0,05:01:00,0.0,none,1010.72,partly-cloudy-day,87.49
2017-07-22,18243.54,1014.0,221,27,117,63,68,27,9,83.59,0.64,0.0116,23:00:00,0.0,rain,1007.89,partly-cloudy-day,80.94
2017-07-23,17013.2,5016.0,206,93,148,78,73,8,3,75.81,0.78,0.1456,01:00:00,0.0,rain,1010.3,partly-cloudy-day,74.93
2017-07-24,13543.94,1046.5,171,26,109,48,40,10,4,68.04,0.77,0.1343,06:00:00,0.0,rain,1011.57,partly-cloudy-day,67.91
2017-07-25,13297.26,5033.5,156,82,123,53,62,16,6,68.82,0.77,0.0,05:01:00,0.0,none,1021.29,cloudy,68.64
2017-07-26,14047.67,5519.5,176,87,147,55,61,21,8,71.99,0.6,0.0,05:01:00,0.0,none,1020.81,partly-cloudy-day,71.99
2017-07-27,14598.44,4008.96,193,72,132,65,68,15,6,76.83,0.82,0.0,05:01:00,0.0,none,1012.14,cloudy,75.72
2017-07-28,14663.24,5702.5,195,100,124,63,108,35,14,78.98,0.72,0.0,05:01:00,0.0,none,1008.7,partly-cloudy-day,78.07
2017-07-29,15562.11,7189.0,220,130,152,71,127,16,7,74.53,0.55,0.0008,09:00:00,0.0,rain,1010.17,partly-cloudy-day,74.53
2017-07-30,13614.36,7344.88,184,122,124,72,110,10,3,77.85,0.46,0.0,05:01:00,0.0,none,1016.55,clear-day,77.85
2017-07-31,13067.24,4781.13,188,77,132,63,70,9,5,83.24,0.57,0.0,05:01:00,0.0,none,1016.42,partly-cloudy-day,81.47
2017-08-01,11004.36,4611.5,160,85,121,60,64,21,9,85.01,0.58,0.0,05:01:00,0.0,none,1016.13,clear-day,82.73
2017-08-02,13404.86,2856.0,161,42,132,18,53,19,7,71.6,0.87,0.0482,18:00:00,0.39,rain,1017.89,rain,70.75
2017-08-03,15063.76,4461.5,180,87,133,55,79,12,3,79.17,0.71,0.0005,20:00:00,0.03,none,1018.3,partly-cloudy-day,78.3
2017-08-04,14477.75,7325.98,197,119,128,67,121,26,9,79.5,0.72,0.0044,08:00:00,0.0,rain,1013.68,partly-cloudy-day,78.55
2017-08-05,16061.96,7801.26,218,135,147,56,150,20,8,74.96,0.53,0.1924,06:00:00,0.0,rain,1012.61,partly-cloudy-day,74.96
2017-08-06,13366.84,7201.0,193,117,125,67,118,17,6,72.92,0.56,0.0,05:01:00,0.0,none,1018.98,partly-cloudy-day,72.92
2017-08-07,14308.25,,186,0,128,14,44,11,5,67.23,0.91,0.1218,16:00:00,0.69,rain,1014.16,rain,66.61
2017-08-08,12335.28,5132.21,157,99,122,66,68,21,8,76.45,0.59,0.0005,00:00:00,0.0,none,1016.26,partly-cloudy-day,76.33
2017-08-09,13570.7,5854.5,182,101,162,40,81,8,4,78.45,0.56,0.0,05:01:00,0.0,none,1022.28,partly-cloudy-day,78.27
2017-08-10,13985.32,6498.17,194,95,153,50,86,18,7,76.29,0.61,0.0,05:01:00,0.0,none,1021.93,partly-cloudy-day,76.12
2017-08-11,15111.63,5541.0,193,93,145,47,94,17,6,75.53,0.66,0.0033,22:00:00,0.0,rain,1017.49,partly-cloudy-day,75.22
2017-08-12,15923.2,5654.0,192,94,147,59,80,11,6,75.74,0.84,0.0903,03:00:00,0.0,rain,1012.15,partly-cloudy-day,74.64
2017-08-13,14686.77,6330.69,212,113,136,91,98,16,7,79.49,0.55,0.0,05:01:00,0.0,none,1014.95,partly-cloudy-day,79.27
2017-08-14,12545.42,5191.67,174,86,137,61,62,22,9,77.12,0.73,0.0,05:01:00,0.0,none,1014.55,partly-cloudy-day,76.34
2017-08-15,11992.97,4222.0,157,74,125,60,46,22,8,74.61,0.9,0.0694,04:00:00,0.0,rain,1012.45,cloudy,73.34
2017-08-16,12639.89,5863.0,162,96,127,48,83,23,8,82.75,0.55,0.0,05:01:00,0.0,none,1014.63,clear-day,81.33
2017-08-17,12026.11,6088.0,167,103,135,71,64,40,14,76.83,0.71,0.0,05:01:00,0.0,none,1015.11,clear-day,76.19
2017-08-18,16542.83,860.0,191,25,133,32,51,24,7,78.98,0.91,0.1191,09:00:00,0.77,rain,1008.81,rain,77.29
2017-08-19,14475.31,8107.13,197,132,156,42,131,22,8,84.54,0.59,0.0,05:01:00,0.0,none,1010.36,clear-day,82.23
2017-08-20,12300.07,4823.5,184,97,114,86,81,19,9,79.41,0.54,0.0,05:01:00,0.0,none,1018.85,clear-day,79.25
2017-08-21,11535.22,5494.5,166,94,135,60,65,10,4,84.37,0.68,0.0,05:01:00,0.0,none,1019.19,partly-cloudy-day,81.01
2017-08-22,12102.29,4393.5,183,76,126,83,50,19,8,92.29,0.67,0.0125,23:00:00,0.0,rain,1008.6,partly-cloudy-day,85.38
2017-08-23,13163.74,5672.0,175,104,130,61,88,22,10,76.86,0.49,0.1164,01:00:00,0.0,rain,1010.37,partly-cloudy-day,76.86
2017-08-24,12845.74,5641.0,163,94,113,68,76,20,8,74.26,0.46,0.0,05:01:00,0.0,none,1013.65,partly-cloudy-day,74.26
2017-08-25,13149.34,7395.0,184,110,151,51,92,12,5,72.9,0.54,0.0,05:01:00,0.0,none,1020.45,partly-cloudy-day,72.9
2017-08-26,13359.34,6897.41,205,115,127,75,118,19,8,71.28,0.49,0.0,05:01:00,0.0,none,1023.43,clear-day,71.28
2017-08-27,13484.0,6730.07,180,126,125,70,111,20,9,70.8,0.57,0.0,05:01:00,0.0,none,1023.77,partly-cloudy-day,70.8
2017-08-28,14718.64,4780.5,204,72,139,85,52,17,8,69.58,0.56,0.0,05:01:00,0.0,none,1025.13,partly-cloudy-night,69.58
2017-08-29,13213.19,,184,0,134,23,27,23,9,62.81,0.87,0.0288,17:00:00,0.45,rain,1018.01,rain,62.75
2017-08-30,14429.14,4848.0,178,101,127,68,84,13,6,74.01,0.57,0.0162,00:00:00,0.0,rain,1013.25,partly-cloudy-night,74.01
2017-08-31,12712.38,6251.0,169,102,133,68,70,24,11,72.64,0.55,0.0,16:00:00,0.0,none,1013.15,partly-cloudy-night,72.64
2017-09-01,15084.56,5818.0,193,110,130,54,119,21,8,66.61,0.45,0.0,05:01:00,0.0,none,1019.8,partly-cloudy-night,66.61
2017-09-02,16146.44,,214,9,136,28,59,4,2,62.39,0.73,0.0962,23:00:00,0.37,rain,1020.85,rain,62.39
2017-09-03,15226.27,7114.94,193,129,139,66,117,13,5,68.11,0.74,0.0567,10:00:00,0.0,rain,1011.72,partly-cloudy-night,68.11
2017-09-04,13684.25,5409.63,196,98,128,65,101,34,10,75.31,0.57,0.0,05:01:00,0.0,none,1011.21,clear-night,75.31
2017-09-05,11958.47,3372.5,184,60,134,49,61,18,8,77.93,0.73,0.0108,21:00:00,0.0,rain,1008.1,partly-cloudy-night,77.1
2017-09-06,19011.01,,183,0,124,27,32,9,5,62.49,0.89,0.0824,22:00:00,0.63,rain,1012.01,rain,62.36
2017-09-07,12200.46,4932.5,171,90,105,100,56,40,13,68.26,0.55,0.0509,00:00:00,0.0,rain,1013.45,clear-night,68.26
2017-09-08,14816.19,5928.5,189,97,142,72,72,26,13,66.67,0.58,0.0,05:01:00,0.0,none,1020.01,partly-cloudy-night,66.67
2017-09-09,17040.54,8129.5,198,117,152,61,102,20,7,62.51,0.62,0.0,05:01:00,0.0,none,1024.8,clear-night,62.51
2017-09-10,13594.01,6244.98,197,107,115,90,99,18,6,67.62,0.52,0.0,05:01:00,0.0,none,1027.21,clear-night,67.62
2017-09-11,11879.24,4611.0,160,82,123,48,71,18,7,70.24,0.52,0.0,05:01:00,0.0,none,1020.81,clear-night,70.24
2017-09-12,13365.39,5930.0,150,99,132,51,66,16,5,73.23,0.64,0.0,05:01:00,0.0,none,1013.44,clear-night,73.21
2017-09-13,13017.94,4684.0,171,71,132,67,43,16,6,72.86,0.87,0.0045,16:00:00,0.0,rain,1011.47,cloudy,71.88
2017-09-14,14029.47,4819.5,182,83,127,90,48,20,10,76.8,0.74,0.0,05:01:00,0.0,none,1011.96,partly-cloudy-night,76.01
2017-09-15,16592.76,7299.0,176,123,148,50,101,6,2,76.28,0.76,0.0,05:01:00,0.0,none,1018.14,partly-cloudy-night,75.45
2017-09-16,15538.67,6985.3,186,117,157,61,85,16,6,73.75,0.85,0.0,05:01:00,0.0,none,1020.62,partly-cloudy-night,72.79
2017-09-17,12164.32,6410.13,171,107,126,54,98,30,11,72.94,0.82,0.0,05:01:00,0.0,none,1019.53,partly-cloudy-night,72.17
2017-09-18,13568.5,2561.94,189,49,129,67,42,10,5,72.44,0.83,0.0,05:01:00,0.0,none,1018.97,partly-cloudy-night,71.66
2017-09-19,13213.17,,185,0,114,24,47,15,5,71.75,0.83,0.0143,16:00:00,0.42,rain,1011.88,rain,71.04
2017-09-20,13463.0,4414.5,167,78,119,68,58,27,9,76.82,0.7,0.0,05:01:00,0.0,none,1012.64,partly-cloudy-night,76.2
2017-09-21,12122.5,5421.0,170,81,129,46,76,6,2,76.16,0.66,0.0,05:01:00,0.0,none,1016.06,partly-cloudy-night,75.79
2017-09-22,16806.97,7043.0,177,121,131,73,94,9,3,76.73,0.54,0.0,05:01:00,0.0,none,1014.22,partly-cloudy-night,76.73
2017-09-23,14781.02,8088.17,176,128,144,61,99,19,6,79.34,0.45,0.0,05:01:00,0.0,none,1016.71,clear-night,79.34
2017-09-24,15292.98,5812.09,188,89,120,49,108,6,3,79.85,0.63,0.0,05:01:00,0.0,none,1017.0,clear-night,79.27
2017-09-25,12402.47,4219.5,160,74,130,49,55,21,8,76.65,0.7,0.0,05:01:00,0.0,none,1017.18,clear-night,76.04
2017-09-26,11746.39,3276.5,174,54,107,79,42,6,3,74.98,0.78,0.0,05:01:00,0.0,none,1015.29,clear-night,74.21
2017-09-27,13053.71,4626.25,154,77,121,52,58,24,9,81.84,0.81,0.0,05:01:00,0.0,none,1008.96,partly-cloudy-night,78.77
2017-09-28,13579.76,3453.34,171,75,131,64,51,14,5,68.08,0.49,0.0,05:01:00,0.0,none,1011.28,clear-night,68.08
2017-09-29,15094.87,6752.63,195,106,155,63,83,7,3,62.42,0.57,0.0,05:01:00,0.0,none,1016.74,clear-night,62.42
2017-09-30,17188.44,4214.0,221,69,154,78,58,22,10,56.63,0.74,0.0,15:00:00,0.0,none,1025.48,partly-cloudy-night,56.63
2017-10-01,13615.99,5314.0,180,100,130,77,73,13,6,60.83,0.58,0.0,05:01:00,0.0,none,1025.77,clear-night,60.83
2017-10-02,12110.05,3094.5,168,58,113,69,44,37,14,63.71,0.57,0.0,05:01:00,0.0,none,1030.77,clear-night,63.71
2017-10-03,14212.16,3270.0,195,60,144,54,57,17,7,61.04,0.64,0.0,05:01:00,0.0,none,1035.47,clear-night,61.04
2017-10-04,11686.51,5014.0,159,83,114,69,59,28,9,69.58,0.69,0.0,05:01:00,0.0,none,1023.59,clear-night,69.58
2017-10-05,16526.11,3306.5,184,65,121,80,48,21,9,77.22,0.63,0.0028,23:00:00,0.0,rain,1017.44,partly-cloudy-night,76.85
2017-10-06,14574.51,7504.65,202,104,161,58,87,12,4,72.01,0.79,0.0028,00:00:00,0.0,rain,1017.86,partly-cloudy-night,71.45
2017-10-07,13430.32,7511.0,189,122,130,62,119,16,7,74.35,0.8,0.0,05:01:00,0.0,none,1017.57,partly-cloudy-night,73.55
2017-10-08,14986.73,4556.5,191,86,122,63,92,9,4,77.13,0.87,0.0382,10:00:00,0.0,rain,1014.8,partly-cloudy-night,75.79
2017-10-09,11963.9,,180,0,114,36,30,10,4,76.49,0.93,0.0719,14:00:00,0.26,rain,1011.43,cloudy,74.93
2017-10-10,16150.46,4707.5,157,88,135,62,48,15,7,73.0,0.71,0.0,05:01:00,0.0,none,1018.64,clear-night,72.7
2017-10-11,16262.21,,180,4,121,26,37,15,6,67.66,0.82,0.0035,19:00:00,0.38,rain,1020.72,rain,67.38
2017-10-12,14665.87,2548.5,189,28,127,45,45,19,6,59.62,0.65,0.0179,05:00:00,0.0,rain,1028.38,partly-cloudy-night,59.62
2017-10-13,14984.36,6096.0,199,108,143,53,111,18,6,63.0,0.8,0.0,05:01:00,0.0,none,1027.56,cloudy,63.0
2017-10-14,15717.4,6352.5,196,106,151,61,90,6,2,68.93,0.83,0.0045,04:00:00,0.0,rain,1022.05,cloudy,68.48
2017-10-15,14638.73,4322.0,182,78,122,80,58,5,2,69.74,0.8,0.0,09:00:00,0.0,none,1010.85,cloudy,69.33
2017-10-16,14182.99,,182,0,122,20,40,13,5,53.92,0.56,0.0054,05:00:00,0.0,rain,1020.18,partly-cloudy-night,53.92
2017-10-17,12756.3,,179,0,114,35,30,21,10,53.79,0.57,0.0,05:01:00,0.0,none,1025.23,clear-night,53.79
2017-10-18,13725.51,3579.12,184,56,137,46,57,8,4,63.3,0.64,0.0,05:01:00,0.0,none,1025.18,clear-night,63.3
2017-10-19,14178.88,4282.17,185,65,127,67,56,29,10,64.13,0.56,0.0,05:01:00,0.0,none,1018.98,clear-night,64.13
2017-10-20,14863.48,5901.98,187,85,145,54,73,13,5,65.49,0.41,0.0,05:01:00,0.0,none,1021.09,clear-night,65.49
2017-10-21,16583.74,7211.98,202,113,145,54,116,10,5,64.6,0.55,0.0,05:01:00,0.0,none,1027.42,clear-night,64.6
2017-10-22,14256.47,5181.61,188,89,117,54,106,13,5,63.95,0.66,0.0,05:01:00,0.0,none,1028.28,clear-night,63.95
2017-10-23,15603.8,3548.0,181,67,135,64,49,11,5,68.88,0.83,0.0,05:01:00,0.0,none,1019.07,cloudy,68.44
2017-10-24,13815.61,,192,0,119,29,44,11,4,69.26,0.92,0.0734,15:00:00,0.23,rain,1008.45,cloudy,68.41
2017-10-25,14156.55,2688.13,191,47,131,57,50,24,8,60.44,0.66,0.0008,01:00:00,0.0,none,1005.42,partly-cloudy-night,60.44
2017-10-26,18560.79,,189,0,132,24,33,9,5,54.58,0.57,0.0002,13:00:00,0.0,none,1009.54,partly-cloudy-night,54.58
2017-10-27,15526.58,3365.0,191,52,141,68,34,13,5,56.06,0.63,0.0,05:01:00,0.0,none,1019.15,clear-night,56.06
2017-10-28,16796.1,6863.5,186,101,151,54,82,10,4,63.46,0.81,0.0,05:01:00,0.0,none,1013.4,partly-cloudy-night,63.46
2017-10-29,14239.55,,191,0,126,22,43,18,7,65.62,0.95,0.3206,22:00:00,1.0,rain,993.26,rain,64.98
2017-10-30,13725.51,,177,0,128,13,36,14,5,52.52,0.55,0.066,00:00:00,0.0,rain,1008.39,clear-night,52.52
2017-10-31,13040.32,,189,0,121,24,44,20,9,50.68,0.49,0.0,05:01:00,0.0,none,1021.19,clear-night,50.68
2017-11-01,17678.12,,176,0,130,18,28,20,7,53.95,0.7,0.0,05:01:00,0.0,none,1025.93,cloudy,53.95
2017-11-02,13972.7,2471.5,177,54,112,89,30,25,11,65.98,0.8,0.0,05:01:00,0.0,none,1022.51,partly-cloudy-night,65.91
2017-11-03,16277.0,5194.5,183,94,125,70,82,26,7,63.92,0.68,0.0,05:01:00,0.0,none,1018.66,partly-cloudy-night,63.92
2017-11-04,17404.57,,214,0,152,33,29,8,4,51.0,0.7,0.0,05:01:00,0.0,none,1026.58,clear-night,51.0
2017-11-05,15577.17,,199,0,130,36,33,21,8,59.8,0.94,0.0047,02:00:00,0.08,rain,1018.59,cloudy,59.7
2017-11-06,14282.8,,184,0,130,24,30,14,7,55.48,0.74,0.0,10:00:00,0.0,none,1016.77,partly-cloudy-night,55.48
2017-11-07,12763.13,,164,0,111,20,33,19,5,38.47,0.9,0.1053,19:00:00,0.99,rain,1021.84,rain,40.98
2017-11-08,15251.01,,184,0,125,33,26,7,3,45.83,0.75,0.0169,00:00:00,0.0,rain,1025.12,cloudy,45.83
2017-11-09,16385.38,,186,0,138,13,35,14,4,51.54,0.79,0.0,05:01:00,0.0,none,1016.86,cloudy,51.54
2017-11-10,17368.44,,200,0,148,21,31,14,4,20.6,0.42,0.001,01:00:00,0.0,rain,1031.9,clear-night,27.93
2017-11-11,15800.3,,202,0,129,24,49,21,5,32.98,0.44,0.0,05:01:00,0.0,none,1034.36,clear-night,32.98
2017-11-12,14902.36,,201,0,126,32,43,14,6,39.95,0.62,0.0,05:01:00,0.0,none,1029.81,partly-cloudy-night,39.95
2017-11-13,12977.0,,168,0,111,23,34,27,10,41.59,0.78,0.0141,09:00:00,0.0,rain,1026.59,clear-night,41.59
2017-11-14,13953.13,,166,0,112,27,27,14,6,42.56,0.74,0.0,05:01:00,0.0,none,1026.28,cloudy,42.56
2017-11-15,15811.91,,187,0,120,19,48,18,7,47.29,0.7,0.0,05:01:00,0.0,none,1020.18,cloudy,47.29
2017-11-16,16681.98,,189,0,138,17,34,19,6,44.55,0.62,0.0302,07:00:00,0.0,rain,1011.33,clear-night,47.73
2017-11-17,16040.23,,189,0,137,17,35,2,1,40.84,0.42,0.0,05:01:00,0.0,none,1018.66,clear-night,40.84
2017-11-18,19629.02,,215,0,154,17,44,8,4,48.08,0.87,0.0306,19:00:00,0.91,rain,1002.2,rain,48.08
2017-11-19,15032.04,,203,0,117,33,53,22,8,42.93,0.53,0.0432,05:00:00,0.0,rain,1006.12,partly-cloudy-night,44.87
2017-11-20,14128.5,,180,0,122,33,25,5,2,40.26,0.53,0.0,05:01:00,0.0,none,1019.7,clear-night,42.98
2017-11-21,15569.8,,190,0,138,15,37,8,3,50.38,0.62,0.0,05:01:00,0.0,none,1017.73,clear-night,50.38
2017-11-22,16224.55,,198,0,142,28,28,8,4,35.17,0.59,0.0356,09:00:00,0.0,rain,1017.22,partly-cloudy-night,40.31
2017-11-24,13427.24,,188,0,113,33,42,10,5,43.9,0.58,0.0,05:01:00,0.0,none,1015.17,clear-night,43.9
2017-11-25,14833.24,,213,0,133,11,69,7,2,52.61,0.56,0.0,05:01:00,0.0,none,1005.98,partly-cloudy-night,52.61
2017-11-26,13432.36,,186,0,132,26,28,24,12,39.84,0.56,0.0,05:01:00,0.0,none,1015.62,clear-night,39.84
2017-11-27,12881.51,,174,0,115,15,44,14,6,43.92,0.5,0.0,05:01:00,0.0,none,1022.93,clear-night,43.92
2017-11-28,14999.48,,146,0,105,17,24,13,4,49.17,0.79,0.0,05:01:00,0.0,none,1025.57,clear-night,49.71
2017-11-29,15724.67,,171,0,126,21,24,4,2,47.47,0.45,0.0,05:01:00,0.0,none,1025.0,clear-night,48.87
2017-11-30,12896.5,,173,0,119,23,31,6,2,46.68,0.81,0.0008,23:00:00,0.0,none,1018.06,partly-cloudy-night,46.68
2017-12-01,15511.27,,181,0,133,18,30,4,1,43.64,0.61,0.0088,00:00:00,0.0,rain,1024.93,clear-night,43.64
2017-12-02,18556.11,,222,0,144,35,43,6,3,42.72,0.69,0.0,05:01:00,0.0,none,1024.06,partly-cloudy-night,42.72
2017-12-03,15865.48,,205,0,131,7,67,25,8,43.22,0.82,0.0,05:01:00,0.0,none,1024.31,partly-cloudy-night,43.22
2017-12-04,19433.48,,178,0,125,19,34,19,7,46.98,0.77,0.0,05:01:00,0.0,none,1030.05,partly-cloudy-night,46.98
2017-12-05,14639.21,,155,0,104,22,29,6,2,57.96,0.92,0.0694,22:00:00,0.49,rain,1013.23,rain,57.96
2017-12-06,14597.31,,180,0,129,19,32,14,5,38.49,0.45,0.0329,00:00:00,0.0,rain,1016.32,partly-cloudy-night,40.76
2017-12-07,20422.05,,170,0,126,14,30,13,5,38.35,0.5,0.0,05:01:00,0.0,none,1016.19,partly-cloudy-night,40.27
2017-12-08,17726.06,,198,0,151,14,33,6,3,36.26,0.5,0.0,05:01:00,0.0,none,1016.69,partly-cloudy-night,36.26
2017-12-09,15744.28,,209,0,133,18,58,14,4,31.21,0.92,0.0004,16:00:00,0.0,snow,1006.77,cloudy,31.21
2017-12-10,14365.0,,189,0,120,37,32,12,4,31.96,0.62,0.0221,13:00:00,0.0,rain,1016.18,partly-cloudy-night,35.64
2017-12-11,12052.75,,169,0,121,20,28,10,3,36.07,0.61,0.0028,13:00:00,0.0,rain,1016.44,partly-cloudy-night,36.07
2017-12-12,14517.97,,162,0,112,17,33,4,2,32.84,0.71,0.0012,14:00:00,0.0,rain,997.86,cloudy,38.51
2017-12-13,15496.48,,177,0,121,18,38,9,3,20.67,0.45,0.0,05:01:00,0.0,none,1005.13,clear-night,27.32
2017-12-14,14323.89,,183,0,149,19,15,9,4,20.26,0.5,0.0044,13:00:00,0.0,snow,1017.07,clear-night,25.62
2017-12-15,17763.8,,196,0,126,34,36,14,5,24.05,0.87,0.0002,18:00:00,0.0,none,1013.28,cloudy,24.05
2017-12-16,15935.17,,203,0,143,27,33,12,4,37.39,0.65,0.0054,14:00:00,0.13,rain,1019.96,cloudy,37.39
2017-12-17,16267.0,,214,0,127,26,61,9,4,34.77,0.7,0.0016,14:00:00,0.0,rain,1025.15,partly-cloudy-night,34.77
2017-12-18,14395.6,,173,0,130,13,30,12,5,44.32,0.72,0.0006,03:00:00,0.0,rain,1014.99,cloudy,44.32
2017-12-19,16609.84,,192,2,135,11,48,6,2,51.62,0.58,0.0,05:01:00,0.0,none,1007.98,clear-night,51.62
2017-12-20,17182.14,,173,0,133,16,24,27,8,33.96,0.48,0.0,05:01:00,0.0,none,1016.38,clear-night,37.21
2017-12-21,17355.11,,192,0,147,20,25,6,3,36.7,0.49,0.0,05:01:00,0.0,none,1025.06,partly-cloudy-night,36.7
2017-12-22,18221.14,,160,0,118,9,33,4,2,43.79,0.78,0.0,05:01:00,0.0,none,1020.96,cloudy,43.79
2017-12-23,15586.86,,206,0,126,36,44,8,2,45.43,0.93,0.0766,13:00:00,0.97,rain,1007.61,rain,46.77
2017-12-26,14696.17,,191,0,127,11,53,10,4,24.33,0.46,0.0,05:01:00,0.0,none,1030.84,clear-night,24.33
2017-12-27,13799.65,,196,0,133,7,56,2,1,12.86,0.43,0.0,05:01:00,0.0,none,1033.11,clear-night,20.21
2017-12-28,16099.48,,210,0,139,18,53,10,3,5.35,0.43,0.0,05:01:00,0.0,none,1033.04,clear-night,14.88
2017-12-29,15889.64,,203,0,130,1,72,10,5,12.52,0.53,0.0,05:01:00,0.0,none,1025.5,clear-night,18.42
2017-12-30,14915.91,,202,2,144,16,44,8,4,20.19,0.77,0.0,05:01:00,0.0,none,1015.58,clear-night,20.19
2017-12-31,16199.59,,204,0,148,21,35,13,5,2.33,0.53,0.0,05:01:00,0.0,none,1026.88,clear-night,11.63
2018-01-01,381.0,,0,0,0,0,0,0,0,16.02,0.46,0.0,05:01:00,0.0,none,1028.5,clear-night,16.02
2018-01-02,11591.75,,163,2,102,27,36,18,9,13.67,0.55,0.0,05:01:00,0.0,none,1027.49,clear-night,21.33
2018-01-03,12052.11,,156,2,116,23,19,22,8,25.05,0.54,0.0,05:01:00,0.0,none,1021.1,partly-cloudy-night,25.05
2018-01-04,12296.98,,172,0,100,16,56,12,6,13.26,0.75,0.0004,12:00:00,0.0,snow,996.53,partly-cloudy-night,24.01
2018-01-05,15831.14,,183,0,130,13,40,8,4,1.39,0.42,0.0,05:01:00,0.0,none,1015.4,clear-night,13.38
2018-01-06,17706.94,,205,0,145,27,33,14,6,-1.65,0.42,0.0,05:01:00,0.0,none,1028.69,clear-night,9.16
2018-01-07,12013.59,,174,0,125,16,33,10,4,10.84,0.49,0.0,05:01:00,0.0,none,1031.55,partly-cloudy-night,17.27
2018-01-08,10950.13,,160,0,110,24,26,10,4,25.31,0.76,0.0,05:01:00,0.0,none,1019.12,cloudy,29.33
2018-01-09,13713.21,,188,0,124,25,39,14,6,36.7,0.57,0.0044,13:00:00,0.0,rain,1026.36,clear-night,36.7
2018-01-10,13153.22,,183,0,132,22,29,6,3,36.25,0.76,0.0,05:01:00,0.0,none,1031.24,cloudy,36.25
2018-01-11,13591.3,,173,0,121,17,35,17,5,42.89,0.89,0.0,05:01:00,0.0,none,1025.48,clear-night,42.89
2018-01-12,15769.51,,195,0,142,22,31,6,3,56.77,0.95,0.1344,16:00:00,0.68,rain,1005.95,rain,56.77
2018-01-13,15649.11,,208,0,133,18,57,10,2,15.25,0.58,0.0356,04:00:00,0.0,rain,1024.44,clear-night,23.83
2018-01-14,14887.05,,194,0,138,15,41,8,4,12.59,0.43,0.0,05:01:00,0.0,none,1038.51,clear-night,19.64
2018-01-15,14474.18,,184,0,125,9,50,19,7,25.81,0.72,0.0,05:01:00,0.0,none,1034.38,clear-night,25.81
2018-01-16,12975.52,,175,0,128,17,30,16,6,33.43,0.81,0.0,05:01:00,0.0,none,1029.68,cloudy,33.43
2018-01-17,13090.01,,182,0,132,16,34,17,6,19.35,0.72,0.0087,07:00:00,0.0,snow,1022.16,partly-cloudy-night,25.89
2018-01-18,12896.48,,158,0,105,20,33,25,10,27.91,0.57,0.0,05:01:00,0.0,none,1017.3,clear-night,27.91
2018-01-19,14100.47,,185,0,137,12,36,4,2,34.16,0.58,0.0004,15:00:00,0.0,none,1015.8,clear-night,34.16
2018-01-20,16153.19,,206,0,149,23,34,11,5,44.62,0.55,0.0022,11:00:00,0.0,rain,1015.82,partly-cloudy-night,44.62
2018-01-21,13986.0,,192,0,141,25,26,4,2,45.02,0.65,0.0,05:01:00,0.0,none,1022.01,cloudy,45.02
2018-01-22,13145.0,,182,0,137,13,32,11,5,39.64,0.89,0.0007,03:00:00,0.0,rain,1020.67,cloudy,41.2
2018-01-23,13383.92,,171,4,136,15,24,2,1,46.74,0.63,0.0646,08:00:00,0.0,rain,1004.55,partly-cloudy-night,49.2
2018-01-24,14668.75,,187,0,139,15,33,7,3,25.71,0.56,0.0,05:01:00,0.0,none,1019.32,clear-night,31.9
2018-01-25,14697.44,,186,0,129,22,35,10,4,30.05,0.33,0.0,05:01:00,0.0,none,1033.78,clear-night,30.05
2018-01-26,15793.57,,196,0,145,18,33,8,3,32.65,0.62,0.0,05:01:00,0.0,none,1038.2,clear-night,32.65
2018-01-27,18097.83,,211,0,163,20,28,6,2,52.24,0.66,0.0,05:01:00,0.0,none,1026.02,partly-cloudy-night,52.24
2018-01-28,15762.86,,217,0,147,29,41,5,2,44.82,0.78,0.0272,07:00:00,0.0,rain,1024.22,partly-cloudy-night,44.82
2018-01-29,13543.61,,181,0,146,5,30,11,5,36.55,0.65,0.0,05:01:00,0.0,none,1017.94,cloudy,40.11
2018-01-30,12223.45,,160,0,107,32,21,10,4,20.54,0.57,0.0054,13:00:00,0.0,snow,1019.15,cloudy,28.44
2018-01-31,14233.5,,175,0,136,19,20,3,1,25.57,0.51,0.0,05:01:00,0.0,none,1018.89,partly-cloudy-night,30.69
2018-02-01,15137.0,,171,0,117,33,21,10,4,40.85,0.72,0.0015,23:00:00,0.16,rain,1013.05,cloudy,40.85
2018-02-02,16261.74,,172,0,134,19,19,4,1,9.79,0.45,0.0463,02:00:00,0.0,rain,1024.98,partly-cloudy-night,19.97
2018-02-03,17275.07,,208,0,148,34,26,15,5,23.41,0.49,0.0,05:01:00,0.0,none,1028.93,clear-night,28.78
2018-02-05,13081.65,,170,0,113,38,19,10,4,27.82,0.48,0.0232,00:00:00,0.0,rain,1024.86,clear-night,27.82
2018-02-06,12446.82,,157,0,111,20,26,13,5,31.52,0.67,0.0,05:01:00,0.0,none,1031.47,clear-night,31.52
2018-02-07,11371.75,,144,0,106,16,22,20,6,37.76,0.91,0.0895,19:00:00,0.95,rain,1013.33,rain,40.45
2018-02-08,16081.5,,175,0,126,22,27,2,1,28.37,0.57,0.0002,00:00:00,0.0,none,1030.14,partly-cloudy-night,28.37
2018-02-09,18509.32,,205,0,142,16,47,5,2,34.49,0.71,0.0,05:01:00,0.0,none,1031.5,partly-cloudy-night,34.49
2018-02-10,16519.23,,203,0,142,30,31,9,3,43.36,0.93,0.0848,20:00:00,0.98,rain,1018.71,rain,43.36
2018-02-11,15937.24,,201,0,126,29,46,8,4,52.78,0.94,0.0955,10:00:00,0.38,rain,1011.84,rain,52.78
2018-02-12,16637.84,,199,0,136,17,46,9,4,36.01,0.4,0.0,00:00:00,0.0,none,1034.94,clear-night,38.67
2018-02-13,13032.24,,180,0,142,5,33,5,2,31.71,0.66,0.0,05:01:00,0.0,none,1039.82,partly-cloudy-night,31.71
2018-02-14,15317.94,,184,0,159,17,8,4,2,47.04,0.71,0.0015,23:00:00,0.0,rain,1020.05,partly-cloudy-night,47.04
2018-02-15,14609.26,,193,0,135,22,36,2,1,54.32,0.84,0.0209,00:00:00,0.0,rain,1007.39,partly-cloudy-night,54.32
2018-02-16,15764.83,,190,0,155,21,14,8,3,37.39,0.62,0.0255,00:00:00,0.0,rain,1014.32,partly-cloudy-night,42.43
2018-02-17,15503.48,,206,0,156,21,29,4,2,33.21,0.89,0.0066,20:00:00,0.15,snow,1022.26,fog,33.21
2018-02-18,17442.63,,223,0,157,24,42,2,1,37.32,0.64,0.0666,13:00:00,0.0,rain,1031.99,clear-night,37.32
2018-02-19,13704.0,,176,0,120,11,45,12,5,44.78,0.92,0.0114,21:00:00,0.66,rain,1028.03,rain,44.78
2018-02-20,12742.07,,163,0,122,26,15,18,7,58.48,0.8,0.0006,00:00:00,0.0,none,1026.56,partly-cloudy-night,58.48
2018-02-21,13869.01,,182,0,115,28,39,11,4,68.37,0.7,0.0127,22:00:00,0.1,rain,1025.3,partly-cloudy-night,68.37
2018-02-22,15877.63,,172,0,137,12,23,4,1,35.0,0.9,0.0415,17:00:00,0.39,rain,1037.32,rain,37.76
2018-02-23,13772.15,,179,0,121,12,46,12,5,39.2,0.94,0.0254,19:00:00,0.71,rain,1026.2,rain,39.2
2018-02-24,21976.76,,210,0,150,26,34,2,1,45.85,0.9,0.0186,17:00:00,0.44,rain,1022.43,rain,45.85
2018-02-25,13971.81,,206,0,134,17,55,10,4,42.95,0.93,0.136,07:00:00,0.0,rain,1016.07,cloudy,42.95
2018-02-26,17876.87,,171,0,111,15,45,5,2,45.29,0.54,0.0,05:01:00,0.0,none,1022.7,clear-night,45.29
2018-02-27,14237.64,,171,0,128,16,27,9,4,46.23,0.52,0.0,05:01:00,0.0,none,1024.85,clear-night,46.23
2018-02-28,12150.94,,162,0,120,15,27,6,3,52.77,0.57,0.0,05:01:00,0.0,none,1012.52,clear-night,52.77
2018-03-01,13980.8,,177,0,127,21,29,11,3,51.71,0.67,0.119,23:00:00,0.0,rain,1004.34,cloudy,51.71
2018-03-02,15440.15,,180,0,138,2,40,4,1,26.41,0.89,0.1647,04:00:00,0.74,rain,1003.01,sleet,34.77
2018-03-03,18356.16,,217,0,171,8,38,11,3,36.22,0.67,0.0021,11:00:00,0.0,rain,1019.16,cloudy,41.23
2018-03-04,14259.57,,184,0,123,27,34,6,3,31.79,0.49,0.0,05:01:00,0.0,none,1019.57,partly-cloudy-night,37.42
2018-03-05,13305.0,,169,0,122,8,39,16,6,35.54,0.6,0.0,05:01:00,0.0,none,1018.69,partly-cloudy-night,38.42
2018-03-06,12088.94,,157,0,106,29,22,17,6,36.18,0.68,0.0,05:01:00,0.0,none,1015.58,partly-cloudy-night,39.51
2018-03-07,13685.18,,158,0,102,14,42,14,7,29.36,0.94,0.0343,13:00:00,0.69,snow,1002.85,snow,33.28
2018-03-08,14277.66,,167,0,131,17,19,6,2,36.18,0.62,0.052,13:00:00,0.22,rain,1006.95,cloudy,36.18
2018-03-09,18137.11,,191,0,138,10,43,12,4,32.9,0.57,0.0109,13:00:00,0.0,rain,1009.8,partly-cloudy-night,37.69
2018-03-10,19734.19,,208,0,167,11,30,10,3,34.46,0.5,0.0007,14:00:00,0.0,rain,1016.21,cloudy,37.85
2018-03-11,14177.67,,195,0,111,28,56,10,4,40.73,0.48,0.0,05:01:00,0.0,none,1018.39,clear-night,40.73
2018-03-12,12434.9,,168,0,107,16,45,27,9,36.79,0.61,0.0023,23:00:00,0.0,rain,1010.4,cloudy,40.71
2018-03-13,13097.63,,183,0,135,17,31,6,2,31.21,0.55,0.0156,13:00:00,0.0,snow,1005.83,partly-cloudy-night,36.76
2018-03-14,13295.0,,165,0,115,35,15,15,7,29.4,0.71,0.0,05:01:00,0.0,none,1000.52,cloudy,35.51
2018-03-15,13203.02,,190,0,135,25,30,8,3,36.87,0.6,0.0,05:01:00,0.0,none,1001.42,partly-cloudy-night,40.88
2018-03-16,15502.47,,182,0,139,10,33,6,2,27.92,0.45,0.0,05:01:00,0.0,none,1011.61,clear-night,34.26
2018-03-17,17215.66,,208,0,144,31,33,6,1,42.8,0.32,0.0,05:01:00,0.0,none,1006.42,clear-night,44.94
2018-03-18,14037.34,,185,0,116,22,47,8,3,40.69,0.3,0.0,05:01:00,0.0,none,1012.85,clear-night,40.69
2018-03-19,13587.97,,191,0,125,23,43,24,8,41.51,0.27,0.0,05:01:00,0.0,none,1014.15,clear-night,41.51
2018-03-20,13245.02,,173,0,125,17,31,9,3,34.26,0.47,0.0,05:01:00,0.0,none,1010.22,cloudy,37.34
2018-03-21,13036.93,,165,0,88,19,58,30,11,28.41,0.92,0.0052,15:00:00,0.42,snow,1004.64,snow,32.07
2018-03-22,14031.82,,170,0,122,25,23,9,3,43.41,0.43,0.0979,13:00:00,0.0,rain,1012.01,partly-cloudy-night,46.03
2018-03-23,16848.58,,203,0,157,16,30,2,1,41.83,0.47,0.0,05:01:00,0.0,none,1016.43,cloudy,44.54
2018-03-24,17664.66,,222,0,158,5,59,0,0,45.46,0.35,0.0,05:01:00,0.0,none,1018.12,partly-cloudy-night,45.46
2018-03-25,14533.32,,199,0,134,37,28,8,3,40.34,0.53,0.0,05:01:00,0.0,none,1033.05,partly-cloudy-night,40.34
2018-03-26,12464.67,,170,0,114,21,35,11,5,41.06,0.57,0.0,05:01:00,0.0,none,1038.68,clear-night,41.06
2018-03-27,13446.0,,167,0,118,16,33,22,9,40.35,0.5,0.0,05:01:00,0.0,none,1025.98,cloudy,40.35
2018-03-28,13819.49,,156,0,119,15,22,22,8,48.76,0.76,0.0138,06:00:00,0.0,rain,1016.55,cloudy,48.76
2018-03-29,14182.87,,193,0,137,12,44,5,2,48.6,0.92,0.007,11:00:00,0.0,rain,1013.31,fog,48.6
2018-03-30,14656.24,,172,0,120,6,46,13,4,46.76,0.69,0.014,18:00:00,0.36,rain,1011.37,rain,49.21
2018-03-31,15249.67,,202,0,143,25,34,10,4,45.2,0.43,0.0,05:01:00,0.0,none,1021.03,clear-night,47.85
2018-04-01,14288.22,758.0,211,18,132,55,42,8,3,51.23,0.41,0.0,05:01:00,0.0,none,1016.79,partly-cloudy-night,51.23
2018-04-02,12480.72,,169,0,114,16,39,15,5,39.92,0.71,0.0747,15:00:00,0.22,rain,1020.5,partly-cloudy-night,39.92
2018-04-03,13825.48,,172,0,139,14,19,2,1,40.36,0.93,0.0478,13:00:00,0.64,rain,1013.94,rain,40.36
2018-04-04,14518.67,,178,0,131,14,33,14,4,43.65,0.38,0.0217,14:00:00,0.0,rain,1004.51,partly-cloudy-night,48.15
2018-04-05,12431.53,,180,0,120,27,33,10,3,37.9,0.33,0.0,05:01:00,0.0,none,1018.91,partly-cloudy-night,41.47
2018-04-06,16374.57,2234.5,198,50,138,39,71,0,0,57.51,0.44,0.0197,11:00:00,0.0,rain,1005.59,partly-cloudy-night,57.51
2018-04-07,17592.6,1625.0,224,26,164,38,48,4,1,42.98,0.34,0.0,05:01:00,0.0,none,1012.49,cloudy,44.22
2018-04-08,16561.0,,221,0,137,15,69,5,2,34.73,0.37,0.0,05:01:00,0.0,none,1014.47,partly-cloudy-night,39.12
2018-04-09,12958.0,,178,0,131,29,18,8,3,39.6,0.54,0.0,05:01:00,0.0,none,1021.38,cloudy,41.9
2018-04-10,14129.44,,181,0,142,20,19,13,4,42.2,0.39,0.0026,05:00:00,0.0,rain,1020.63,partly-cloudy-night,45.77
2018-04-11,16705.75,290.0,186,6,128,18,46,4,1,45.22,0.55,0.0,05:01:00,0.0,none,1018.54,partly-cloudy-night,46.08
2018-04-12,14819.07,1327.5,187,16,133,27,43,6,2,55.9,0.62,0.0,05:01:00,0.0,none,1010.79,partly-cloudy-night,55.9
2018-04-13,16591.81,5598.5,186,92,139,38,101,16,6,73.24,0.38,0.0,05:01:00,0.0,none,1010.56,partly-cloudy-night,73.24
2018-04-14,16506.27,3251.5,201,63,177,32,55,9,4,54.39,0.72,0.0,05:01:00,0.0,none,1017.66,partly-cloudy-night,54.39
2018-04-15,14469.12,,185,0,124,18,43,2,1,32.12,0.88,0.0543,21:00:00,0.77,rain,1023.52,rain,38.18
2018-04-16,18094.83,185.0,163,4,106,28,33,15,6,52.11,0.75,0.3883,10:00:00,0.0,rain,998.88,cloudy,52.11
2018-04-17,12857.1,,180,0,116,17,47,10,4,37.23,0.64,0.0,05:01:00,0.0,none,1005.44,cloudy,41.27
2018-04-18,15526.12,530.5,185,10,136,26,33,8,4,50.93,0.47,0.0,05:01:00,0.0,none,1008.68,clear-day,50.93
2018-04-19,14159.5,,164,0,119,15,30,0,0,39.42,0.53,0.0296,15:00:00,0.0,rain,1012.25,partly-cloudy-day,43.75
2018-04-20,14910.5,1196.0,186,15,145,33,23,0,0,40.89,0.47,0.0,05:01:00,0.0,none,1025.83,clear-day,44.79
2018-04-21,18449.57,5832.5,198,93,152,56,83,6,2,57.78,0.28,0.0,05:01:00,0.0,none,1025.62,partly-cloudy-day,57.78
2018-04-22,15381.12,3777.5,150,74,110,66,48,14,5,56.17,0.34,0.0,05:01:00,0.0,none,1027.53,clear-day,56.17
2018-04-23,12992.69,661.5,170,13,126,25,32,6,2,54.14,0.53,0.0,05:01:00,0.0,none,1030.56,clear-day,54.14
2018-04-24,11575.46,499.0,158,10,102,36,30,12,5,56.87,0.6,0.0025,23:00:00,0.0,rain,1023.71,cloudy,56.87
2018-04-25,14522.48,,180,0,131,11,38,6,3,56.42,0.94,0.0759,08:00:00,0.09,rain,1004.59,fog,56.42
2018-04-26,14701.84,5555.5,182,85,143,49,75,12,5,65.94,0.44,0.0153,02:00:00,0.0,rain,1009.21,clear-day,65.94
2018-04-27,15425.84,,193,0,131,12,50,4,2,51.72,0.92,0.0202,12:00:00,0.08,rain,1007.17,cloudy,51.72
2018-04-28,16718.66,4044.5,217,63,159,64,57,9,4,58.2,0.76,0.0523,21:00:00,0.2,rain,1008.44,partly-cloudy-day,58.2
2018-04-29,14007.76,2596.5,199,50,137,59,53,10,3,50.21,0.55,0.0118,04:00:00,0.0,rain,1014.97,partly-cloudy-day,50.21
2018-04-30,15611.31,,194,0,159,7,28,8,3,47.76,0.75,0.004,19:00:00,0.34,rain,1016.63,rain,48.46
2018-05-01,11684.51,4600.0,125,89,102,81,31,21,9,75.87,0.23,0.0,05:01:00,0.0,none,1016.47,partly-cloudy-day,75.87
2018-05-02,15034.94,5487.0,168,89,143,50,64,6,2,84.18,0.24,0.0,05:01:00,0.0,none,1014.45,partly-cloudy-day,84.18
2018-05-03,13397.79,3232.98,150,86,127,56,53,8,4,81.33,0.56,0.0257,20:00:00,0.29,rain,1013.38,partly-cloudy-day,79.98
2018-05-04,14565.25,6810.65,163,105,137,62,69,11,4,82.07,0.51,0.0008,00:00:00,0.0,rain,1007.93,partly-cloudy-day,81.18
2018-05-05,15062.6,5283.5,188,92,167,52,61,9,5,67.78,0.45,0.0,05:01:00,0.0,none,1018.27,partly-cloudy-day,67.78
2018-05-06,12533.5,2689.0,182,49,114,65,52,27,7,60.36,0.7,0.0043,10:00:00,0.0,rain,1011.77,cloudy,60.36
2018-05-07,13757.81,4087.0,183,63,113,69,64,6,1,64.23,0.64,0.0,05:01:00,0.0,none,1019.73,partly-cloudy-day,64.23
2018-05-08,12614.43,3968.0,176,63,120,64,55,12,4,63.17,0.61,0.0,05:01:00,0.0,none,1022.66,clear-day,63.17
2018-05-09,11408.94,4105.0,157,59,124,58,34,20,8,64.77,0.52,0.0,05:01:00,0.0,none,1018.66,clear-day,64.77
2018-05-10,16175.0,2830.0,173,47,136,46,38,0,0,64.74,0.72,0.064,22:00:00,0.0,rain,1009.07,partly-cloudy-day,64.74
2018-05-11,16312.73,6419.0,179,99,151,43,84,6,2,69.03,0.3,0.0027,00:00:00,0.0,rain,1017.43,partly-cloudy-day,69.03
2018-05-12,16979.94,,191,0,142,21,28,0,0,54.77,0.91,0.0413,06:00:00,0.87,rain,1017.87,rain,54.77
2018-05-13,13837.93,,196,0,139,16,41,6,3,53.19,0.89,0.0449,14:00:00,0.0,rain,1019.62,cloudy,53.19
2018-05-14,15569.45,4059.63,183,76,145,56,58,3,1,64.2,0.79,0.0112,02:00:00,0.0,rain,1013.63,partly-cloudy-day,64.2
2018-05-15,12929.73,,161,0,116,13,32,12,5,67.27,0.92,0.1227,18:00:00,0.99,rain,1011.55,rain,66.58
2018-05-16,18678.09,,186,0,156,13,17,2,1,57.78,0.93,0.0487,15:00:00,0.96,rain,1018.54,rain,57.78
2018-05-17,16303.02,5350.98,184,91,134,90,51,6,2,69.32,0.84,0.0617,07:00:00,0.0,rain,1017.42,partly-cloudy-day,68.77
2018-05-18,18299.45,5188.42,182,80,134,50,78,12,6,58.99,0.52,0.0,05:01:00,0.0,none,1027.35,cloudy,58.99
2018-05-19,18021.24,,225,0,167,18,40,0,0,55.82,0.97,0.0839,14:00:00,0.16,rain,1019.46,fog,55.82
2018-05-20,13642.59,6475.01,198,106,128,46,130,6,2,74.18,0.61,0.002,03:00:00,0.0,rain,1015.13,partly-cloudy-day,74.18
2018-05-21,13374.37,6071.63,171,111,126,63,93,4,1,69.6,0.49,0.0,05:01:00,0.0,none,1020.8,clear-day,69.6
2018-05-22,16704.53,,180,0,132,17,31,8,3,57.99,0.92,0.1001,16:00:00,0.0,rain,1016.59,cloudy,57.99
2018-05-23,13141.51,5718.63,175,86,137,45,79,7,3,78.7,0.38,0.1069,04:00:00,0.0,rain,1014.04,clear-day,78.7
2018-05-24,13523.75,6224.0,155,102,126,57,74,13,5,76.35,0.33,0.0,05:01:00,0.0,none,1018.11,clear-day,76.35
2018-05-25,14467.87,7357.63,179,114,142,51,100,7,3,82.51,0.41,0.0,05:01:00,0.0,none,1010.05,clear-day,82.51
2018-05-26,13296.78,6037.4,175,99,126,49,99,16,5,83.63,0.56,0.0,05:01:00,0.0,none,1009.26,partly-cloudy-day,81.96
2018-05-27,16728.58,2698.5,205,40,149,36,60,4,1,59.11,0.82,0.0916,09:00:00,0.0,rain,1017.92,cloudy,59.11
2018-05-28,12769.43,4377.5,166,74,128,37,75,19,5,64.44,0.76,0.0,05:01:00,0.0,none,1016.79,cloudy,64.44
2018-05-29,12516.17,5204.63,167,86,139,50,64,9,4,82.8,0.58,0.0,05:01:00,0.0,none,1014.79,partly-cloudy-day,81.02
2018-05-30,13340.06,3572.0,159,62,142,49,30,17,6,63.22,0.79,0.0,05:01:00,0.0,none,1019.77,partly-cloudy-day,63.22
2018-05-31,14630.36,,172,0,133,18,21,5,2,67.34,0.95,0.006,14:00:00,0.0,rain,1014.02,cloudy,66.52
2018-06-01,14105.71,5445.34,176,96,131,55,86,10,2,76.82,0.79,0.0116,06:00:00,0.0,rain,1007.01,partly-cloudy-day,75.81
2018-06-02,15602.91,4473.0,195,75,156,52,62,2,1,79.48,0.63,0.0206,01:00:00,0.0,rain,1008.45,partly-cloudy-day,78.92
2018-06-03,14108.7,2595.63,191,55,132,63,51,2,1,58.45,0.71,0.0409,01:00:00,0.0,rain,1014.48,partly-cloudy-day,58.45
2018-06-04,13121.67,3647.5,153,74,119,44,64,9,3,67.7,0.68,0.0869,01:00:00,0.0,rain,1005.5,partly-cloudy-day,67.7
2018-06-05,12583.01,5521.51,153,82,134,57,44,1,1,70.55,0.51,0.0,05:01:00,0.0,none,1003.96,partly-cloudy-day,70.55
2018-06-06,13109.72,2945.5,178,54,132,70,30,8,2,63.08,0.7,0.0,05:01:00,0.0,none,1014.38,cloudy,63.08
2018-06-07,13667.44,5234.0,163,81,123,52,69,8,3,64.37,0.68,0.0,05:01:00,0.0,none,1019.72,clear-day,64.37
2018-06-08,15523.05,5805.38,166,84,133,43,74,9,2,79.21,0.5,0.0,05:01:00,0.0,none,1018.32,partly-cloudy-day,79.21
2018-06-09,15582.48,6573.45,180,111,143,51,97,4,2,72.87,0.55,0.0,05:01:00,0.0,none,1017.94,partly-cloudy-day,72.87
2018-06-10,15181.83,,208,0,151,26,31,2,1,63.74,0.7,0.0011,17:00:00,0.0,rain,1016.3,cloudy,63.74
2018-06-11,12291.19,4367.0,158,62,135,42,43,16,4,64.79,0.47,0.0064,01:00:00,0.0,rain,1019.89,partly-cloudy-day,64.79
2018-06-12,13492.7,4944.0,160,86,116,62,68,13,6,67.77,0.52,0.0,05:01:00,0.0,none,1019.71,clear-day,67.77
2018-06-13,13572.04,4938.14,184,73,155,46,56,0,0,77.49,0.73,0.0124,14:00:00,0.0,rain,1008.52,partly-cloudy-day,76.67
2018-06-14,13382.81,6387.17,163,105,137,40,91,2,1,80.7,0.3,0.0021,01:00:00,0.0,rain,1008.2,clear-day,80.7
2018-06-15,14912.26,6335.5,163,82,141,35,69,2,1,73.13,0.48,0.0,05:01:00,0.0,none,1014.36,partly-cloudy-day,73.13
2018-06-16,15405.12,6429.34,182,95,139,40,98,2,1,78.17,0.41,0.0,05:01:00,0.0,none,1015.33,partly-cloudy-day,78.17
2018-06-17,12722.52,5997.5,174,102,113,42,121,2,1,81.18,0.43,0.0,05:01:00,0.0,none,1017.77,clear-day,81.18
2018-06-18,12331.61,2907.0,181,45,128,52,46,6,2,92.45,0.57,0.057,21:00:00,0.0,rain,1008.56,partly-cloudy-day,87.26
2018-06-19,13458.61,5607.48,165,89,123,69,62,10,4,83.64,0.32,0.0108,03:00:00,0.0,rain,1009.05,clear-day,83.64
2018-06-20,12647.35,5160.0,169,78,124,60,63,10,4,76.01,0.66,0.0,05:01:00,0.0,none,1008.34,partly-cloudy-day,75.63
2018-06-21,14613.76,5441.0,155,81,132,51,53,16,6,79.61,0.49,0.0701,02:00:00,0.0,rain,1008.1,partly-cloudy-day,79.61
2018-06-22,19863.4,4111.34,177,84,155,43,63,7,3,67.73,0.75,0.0,05:01:00,0.0,none,1015.92,clear-day,67.73
2018-06-23,16363.33,4972.5,177,86,130,44,89,15,5,66.68,0.84,0.0134,01:00:00,0.0,none,1009.84,cloudy,66.38
2018-06-24,13736.68,4352.26,184,70,125,40,89,2,1,84.2,0.55,0.0148,21:00:00,0.0,none,1007.76,partly-cloudy-day,82.45
2018-06-25,12891.46,6010.0,175,100,120,61,94,8,3,77.59,0.33,0.0,05:01:00,0.0,none,1018.49,partly-cloudy-day,77.59
2018-06-26,12190.56,5507.17,159,94,124,85,44,6,2,72.29,0.64,0.0,05:01:00,0.0,none,1022.18,partly-cloudy-day,72.29
2018-06-27,12955.95,1893.0,172,27,133,36,30,8,3,70.89,0.75,0.0017,20:00:00,0.08,rain,1014.26,cloudy,70.62
2018-06-28,14486.47,3746.84,164,63,136,16,75,3,2,79.28,0.8,0.0831,07:00:00,0.12,none,1008.42,partly-cloudy-day,78.02
2018-06-29,14712.35,5842.0,182,87,143,31,95,5,2,86.85,0.39,0.0,05:01:00,0.0,none,1014.31,partly-cloudy-day,86.85
2018-06-30,15268.96,5783.67,174,98,141,49,82,16,6,90.84,0.44,0.0,05:01:00,0.0,none,1015.92,clear-day,89.23
2018-07-01,13596.51,5529.02,179,104,115,78,90,2,1,96.24,0.53,0.0,05:01:00,0.0,none,1015.36,partly-cloudy-day,90.11
2018-07-02,14225.57,5083.5,185,86,153,66,52,2,1,90.05,0.64,0.0,05:01:00,0.0,none,1017.38,clear-day,84.81
2018-07-03,14845.76,3058.0,185,50,134,32,69,2,1,82.16,0.85,0.1362,17:00:00,0.1,rain,1022.26,partly-cloudy-day,78.82
2018-07-04,12459.13,4555.0,186,78,103,77,84,8,4,83.93,0.75,0.0006,15:00:00,0.0,none,1025.56,partly-cloudy-day,80.17
2018-07-05,12038.53,5391.0,170,93,115,56,92,3,1,91.0,0.74,0.0,05:01:00,0.0,none,1021.1,partly-cloudy-day,83.68
2018-07-06,11965.7,5648.19,173,89,119,57,86,0,0,80.82,0.5,0.0854,06:00:00,0.0,rain,1016.93,partly-cloudy-day,80.01
2018-07-07,14743.69,6026.34,185,92,132,43,102,6,4,70.59,0.48,0.0,05:01:00,0.0,none,1026.34,clear-day,70.59
2018-07-08,13114.94,6547.48,177,103,128,67,85,0,0,75.88,0.46,0.0,05:01:00,0.0,none,1025.96,clear-day,75.88
2018-07-09,14095.41,5769.5,166,97,137,67,59,0,0,80.0,0.52,0.0,05:01:00,0.0,none,1018.01,clear-day,79.87
2018-07-10,12972.33,4803.67,161,75,117,42,77,9,3,88.22,0.44,0.0,05:01:00,0.0,none,1010.03,clear-day,87.33
2018-07-11,14571.59,5996.63,186,79,143,46,76,10,4,77.64,0.66,0.0,05:01:00,0.0,none,1014.96,partly-cloudy-day,77.13
2018-07-12,12336.17,6130.35,164,90,144,42,68,12,5,76.92,0.54,0.0,05:01:00,0.0,none,1022.23,partly-cloudy-day,76.92
2018-07-13,12121.36,6299.48,159,90,101,49,99,15,4,79.09,0.47,0.0,05:01:00,0.0,none,1021.48,clear-day,79.09
2018-07-14,15143.37,5819.5,184,111,126,67,102,4,2,86.59,0.46,0.0,05:01:00,0.0,none,1015.76,partly-cloudy-day,85.85
2018-07-15,13234.33,5966.12,159,91,131,49,70,4,1,84.75,0.66,0.1458,05:00:00,0.0,rain,1014.03,partly-cloudy-day,81.49
2018-07-16,12604.93,4927.5,166,74,117,41,82,6,2,89.53,0.67,0.0,05:01:00,0.0,none,1012.57,partly-cloudy-day,84.03
2018-07-17,13153.74,,163,4,126,17,24,9,5,73.67,0.94,0.1937,15:00:00,0.49,none,1010.2,rain,72.31
2018-07-18,12961.44,5434.5,155,89,126,69,49,8,3,81.16,0.36,0.0,05:01:00,0.0,none,1012.67,clear-day,81.16
2018-07-19,13566.22,6570.0,164,74,158,32,48,4,1,77.2,0.46,0.0,05:01:00,0.0,none,1018.34,clear-day,77.2
2018-07-20,12916.87,6115.5,168,94,134,32,96,6,2,75.24,0.53,0.0,05:01:00,0.0,none,1019.97,partly-cloudy-day,75.24
2018-07-21,16427.66,2224.0,195,33,147,34,47,4,1,75.24,0.53,0.0763,23:00:00,0.0,none,1015.16,clear-day,75.24
2018-07-22,14591.49,,189,5,134,30,30,6,2,76.28,0.93,0.1222,02:00:00,0.84,none,1015.15,rain,74.72
2018-07-23,11472.2,5127.0,164,75,123,68,48,9,3,79.51,0.83,0.0299,05:00:00,0.0,rain,1020.58,cloudy,78.09
2018-07-24,13662.5,4809.0,174,73,136,38,73,4,2,81.8,0.82,0.0006,03:00:00,0.0,none,1019.98,clear-day,78.73
2018-07-25,13308.51,,170,0,132,12,26,8,3,76.84,0.93,0.1647,07:00:00,0.0,none,1012.76,clear-day,75.24
2018-07-26,13805.19,5232.0,157,89,118,48,80,8,4,87.13,0.66,0.0074,01:00:00,0.0,rain,1011.66,partly-cloudy-day,82.94
2018-07-27,13722.27,,170,0,114,3,53,18,6,76.08,0.83,0.0642,22:00:00,0.44,rain,1015.51,rain,75.0
2018-07-28,17181.21,6334.13,194,103,137,48,112,6,2,83.39,0.7,0.0022,00:00:00,0.0,rain,1014.27,partly-cloudy-day,80.26
2018-07-29,12268.5,5168.5,171,88,117,59,83,3,2,78.97,0.54,0.0,05:01:00,0.0,none,1018.33,partly-cloudy-day,78.84
2018-07-30,11039.54,3597.38,155,65,108,45,67,5,3,75.53,0.74,0.0,05:01:00,0.0,none,1020.42,partly-cloudy-day,74.89
2018-07-31,11946.1,5008.25,141,81,124,43,55,8,3,76.43,0.67,0.0,05:01:00,0.0,none,1019.6,partly-cloudy-day,75.97
2018-08-01,12627.44,4180.0,154,80,132,43,59,10,4,89.53,0.68,0.0897,14:00:00,0.0,rain,1015.68,partly-cloudy-day,83.87
2018-08-02,13941.46,4110.0,185,64,124,57,68,4,1,85.75,0.76,0.0685,17:00:00,0.0,rain,1018.6,partly-cloudy-day,81.07
2018-08-03,13745.74,5072.25,179,84,137,38,88,8,3,81.6,0.83,0.1254,16:00:00,0.0,rain,1019.82,partly-cloudy-day,78.61
2018-08-04,13179.43,6007.37,173,95,134,36,98,7,3,88.73,0.61,0.1766,10:00:00,0.0,rain,1017.58,partly-cloudy-day,84.59
2018-08-05,12225.96,4687.0,189,93,109,60,113,10,2,90.06,0.58,0.0,05:01:00,0.0,none,1018.95,partly-cloudy-day,85.87
2018-08-06,13345.18,2585.5,176,44,100,39,81,5,2,93.04,0.64,0.0,05:01:00,0.0,none,1016.15,partly-cloudy-day,86.28
2018-08-07,13329.0,1107.0,170,15,150,26,9,0,0,82.82,0.8,0.0519,20:00:00,0.51,rain,1012.7,rain,79.3
2018-08-08,14000.75,4439.0,170,57,137,57,33,12,5,88.89,0.72,0.0,05:01:00,0.0,none,1009.09,partly-cloudy-day,83.01
2018-08-09,14408.66,4323.75,166,73,138,44,57,8,3,85.99,0.48,0.0648,03:00:00,0.0,rain,1008.73,clear-day,85.08
2018-08-10,14071.11,5550.0,189,85,149,36,89,2,1,82.91,0.65,0.0,05:01:00,0.0,none,1011.29,cloudy,80.36
2018-08-11,16841.05,1824.5,209,30,140,31,68,4,1,75.65,0.91,0.2247,18:00:00,0.43,rain,1013.82,rain,74.24
2018-08-12,12815.0,3729.5,201,55,120,51,85,5,2,79.57,0.8,0.0021,20:00:00,0.03,rain,1016.35,partly-cloudy-day,78.27
2018-08-13,13052.99,2791.0,172,44,118,27,71,13,5,75.91,0.92,0.0655,11:00:00,0.0,rain,1011.95,cloudy,74.45
2018-08-14,12508.0,1513.0,160,31,109,33,49,4,1,74.71,0.81,0.0956,16:00:00,0.0,rain,1010.15,partly-cloudy-day,73.81
2018-08-15,14045.75,3981.5,179,64,155,33,55,9,5,87.37,0.54,0.0004,05:00:00,0.0,none,1013.18,partly-cloudy-day,84.94
2018-08-16,12314.25,4744.5,166,74,114,56,70,15,6,89.53,0.55,0.0006,05:00:00,0.0,rain,1017.28,partly-cloudy-day,86.15
2018-08-17,14948.29,3654.5,177,49,136,32,58,9,4,89.08,0.79,0.1796,23:00:00,0.32,rain,1013.54,rain,82.27
2018-08-18,15246.42,1447.0,196,21,127,41,49,2,1,76.71,0.86,0.271,01:00:00,0.74,rain,1009.36,rain,75.43
2018-08-19,12110.76,4805.0,171,78,101,31,117,13,5,72.92,0.75,0.0048,08:00:00,0.0,rain,1017.13,cloudy,72.44
2018-08-20,12614.99,4894.0,167,63,126,42,62,12,4,73.17,0.76,0.0005,19:00:00,0.0,none,1020.03,partly-cloudy-day,72.64
2018-08-21,12990.5,3529.5,169,54,113,35,75,17,6,73.85,0.78,0.0034,23:00:00,0.0,rain,1014.63,partly-cloudy-day,73.17
2018-08-22,13419.65,5049.0,172,68,142,43,55,2,1,82.18,0.55,0.2471,02:00:00,0.0,rain,1006.79,partly-cloudy-day,80.83
2018-08-23,13205.86,5251.5,166,83,127,37,85,4,1,76.55,0.4,0.0024,08:00:00,0.0,rain,1016.47,clear-day,76.55
2018-08-24,14840.67,5831.0,171,83,128,28,98,10,4,76.87,0.48,0.0,05:01:00,0.0,none,1023.36,clear-day,76.87
2018-08-25,14889.14,6505.0,184,91,125,44,106,6,2,74.19,0.6,0.0,05:01:00,0.0,none,1023.29,clear-day,74.19
2018-08-26,13021.99,4926.5,183,80,118,46,99,4,2,83.9,0.62,0.0001,20:00:00,0.0,none,1017.26,cloudy,81.38
2018-08-27,11553.17,4190.5,163,73,116,36,84,6,2,87.37,0.67,0.0003,03:00:00,0.0,rain,1017.08,partly-cloudy-day,82.81
2018-08-28,12533.75,3893.0,183,62,115,51,79,6,3,95.62,0.53,0.0003,08:00:00,0.0,none,1015.5,clear-night,89.72
2018-08-29,13121.66,2975.0,167,48,128,45,42,5,2,94.53,0.52,0.0003,02:00:00,0.0,rain,1013.11,clear-night,89.53
2018-08-30,13174.11,5288.5,187,73,123,37,100,10,3,86.99,0.51,0.001,17:00:00,0.0,rain,1017.36,clear-night,85.18
2018-08-31,14003.68,4165.0,168,63,123,33,75,4,2,71.84,0.75,0.0374,15:00:00,0.0,rain,1024.76,partly-cloudy-night,71.45
2018-09-01,14579.25,5858.5,187,78,146,41,78,5,2,72.79,0.7,0.0007,08:00:00,0.0,rain,1024.77,partly-cloudy-night,72.56
2018-09-02,13605.89,5090.25,196,78,125,46,103,0,0,77.69,0.78,0.0,05:01:00,0.0,none,1022.63,partly-cloudy-night,76.64
2018-09-03,13012.23,3750.75,163,62,111,28,86,11,4,90.84,0.74,0.0028,15:00:00,0.0,rain,1022.13,clear-night,83.65
2018-09-04,12005.0,4010.25,170,69,117,56,66,6,3,91.38,0.59,0.0004,05:00:00,0.0,rain,1021.75,partly-cloudy-night,86.34
2018-09-05,12228.42,3211.0,161,53,110,70,34,10,2,85.02,0.76,0.0009,23:00:00,0.0,rain,1021.4,clear-night,80.65
2018-09-06,19589.4,2527.75,168,40,132,31,45,1,1,78.64,0.83,0.0503,19:00:00,0.67,rain,1019.62,rain,77.31
2018-09-07,15249.0,3431.0,193,51,138,38,68,5,2,72.51,0.77,0.0075,02:00:00,0.0,rain,1019.43,cloudy,71.97
2018-09-08,15178.5,,191,0,126,33,32,21,6,63.44,0.8,0.0063,10:00:00,0.37,rain,1020.89,rain,63.44
2018-09-09,14679.25,,199,0,132,33,34,0,0,59.93,0.88,0.0322,18:00:00,0.97,rain,1022.81,rain,59.93
2018-09-10,12763.67,,177,0,125,21,31,8,2,62.68,0.96,0.0849,05:00:00,0.83,rain,1019.81,rain,62.26
2018-09-11,14773.75,1059.0,187,20,129,50,28,7,3,74.16,0.9,0.0131,14:00:00,0.0,rain,1020.37,cloudy,72.94
2018-09-12,13564.72,,172,0,116,17,39,4,2,75.49,0.95,0.007,21:00:00,0.35,rain,1023.3,rain,73.94
2018-09-13,12964.3,4320.5,164,67,128,27,76,5,3,74.15,0.86,0.0017,03:00:00,0.0,rain,1023.96,cloudy,73.11
2018-09-14,13918.34,5153.75,171,74,131,11,103,11,4,72.55,0.78,0.0003,02:00:00,0.0,none,1022.78,cloudy,72.0
2018-09-15,13631.5,6342.5,169,79,141,4,103,14,4,73.1,0.75,0.0003,07:00:00,0.0,none,1021.98,clear-night,72.62
2018-09-16,11764.29,5301.5,171,90,118,31,112,4,1,75.53,0.71,0.0,05:01:00,0.0,none,1022.04,clear-night,75.01
2018-09-17,13232.13,1700.75,189,33,134,42,46,6,2,76.07,0.85,0.0011,18:00:00,0.0,rain,1015.51,partly-cloudy-night,74.89
2018-09-18,13700.5,4615.0,174,73,129,8,110,1,1,73.14,0.91,0.1312,14:00:00,0.0,rain,1008.19,partly-cloudy-night,71.97
2018-09-19,12611.16,4032.38,159,64,111,6,106,2,1,73.81,0.81,0.0003,17:00:00,0.0,none,1014.85,partly-cloudy-night,73.01
2018-09-20,11553.2,3456.5,155,56,101,16,94,12,4,68.46,0.72,0.0,05:01:00,0.0,none,1023.83,cloudy,68.46
2018-09-21,15884.0,5368.0,186,91,153,2,122,4,2,72.86,0.78,0.0001,08:00:00,0.0,none,1016.52,cloudy,72.25
2018-09-22,14687.5,5961.75,182,93,139,8,128,9,4,66.05,0.56,0.0081,05:00:00,0.0,rain,1022.02,partly-cloudy-night,66.05
2018-09-23,13291.77,2124.5,187,33,110,2,108,8,2,63.8,0.8,0.0025,18:00:00,0.0,rain,1024.27,cloudy,63.8
2018-09-24,17008.46,2488.0,188,42,123,17,90,2,1,62.96,0.65,0.0006,01:00:00,0.0,rain,1032.09,partly-cloudy-night,62.96
2018-09-25,13328.38,,180,0,125,1,54,3,1,72.55,0.96,0.18,15:00:00,0.92,rain,1021.57,rain,71.22
2018-09-26,13383.75,2480.75,171,29,133,5,62,0,0,77.09,0.87,0.1104,04:00:00,0.0,rain,1011.6,partly-cloudy-night,75.72
2018-09-27,13965.25,1610.0,173,26,127,2,70,2,1,68.08,0.71,0.0159,22:00:00,0.0,rain,1019.13,cloudy,68.08
2018-09-28,14566.68,4756.25,187,72,140,3,116,4,2,60.77,0.82,0.3667,07:00:00,0.0,rain,1019.36,partly-cloudy-night,60.77
2018-09-29,16317.75,5907.0,173,85,125,4,129,8,3,66.42,0.62,0.0,05:01:00,0.0,none,1023.18,partly-cloudy-night,66.42
2018-09-30,13291.51,5075.5,208,73,154,5,122,2,1,64.86,0.75,0.0,05:01:00,0.0,none,1025.75,clear-night,64.86
2018-10-01,43859.75,3962.0,174,59,123,5,105,0,0,71.63,0.83,0.0005,23:00:00,0.0,none,1023.53,partly-cloudy-night,70.94
2018-10-02,14062.59,2153.75,181,36,137,4,76,8,3,74.32,0.8,0.3115,23:00:00,0.0,rain,1016.33,partly-cloudy-night,73.52
2018-10-04,4508.59,,40,0,40,0,0,0,0,74.13,0.95,0.0213,18:00:00,0.06,rain,1013.79,cloudy,72.69
2018-10-05,14232.6,4800.0,170,77,135,1,111,5,2,64.83,0.72,0.0,05:01:00,0.0,none,1021.09,partly-cloudy-night,64.83
2018-10-06,15833.88,4952.5,183,75,144,2,112,7,4,66.46,0.9,0.0016,11:00:00,0.13,rain,1022.29,cloudy,65.93
2018-10-07,13752.2,5346.21,176,84,130,10,120,9,4,75.25,0.84,0.0016,20:00:00,0.0,rain,1022.95,partly-cloudy-night,74.19
2018-10-08,14688.49,1034.5,172,15,123,5,59,3,1,64.29,0.92,0.0047,07:00:00,0.16,rain,1029.91,cloudy,63.88
2018-10-09,11409.59,4275.0,164,69,112,5,116,4,2,72.3,0.9,0.0029,02:00:00,0.0,rain,1023.84,partly-cloudy-night,71.25
2018-10-10,14005.52,4437.25,160,76,129,3,104,3,1,74.21,0.91,0.0011,12:00:00,0.0,rain,1014.68,partly-cloudy-night,72.94
2018-10-11,15418.14,,186,0,127,0,59,17,5,71.39,0.96,0.0914,17:00:00,0.94,rain,1002.64,rain,70.16
2018-10-12,14132.42,5059.0,174,67,134,13,94,13,5,55.0,0.55,0.0761,05:00:00,0.0,rain,1007.46,clear-night,55.0
2018-10-13,15842.75,4818.0,186,68,144,49,61,2,1,52.54,0.64,0.0248,09:00:00,0.0,rain,1015.67,clear-night,52.54
2018-10-14,14820.38,3743.25,194,59,150,2,101,5,2,55.03,0.63,0.0011,13:00:00,0.0,rain,1023.24,partly-cloudy-night,55.03
2018-10-15,14410.75,339.5,185,4,119,2,68,0,0,66.23,0.84,0.0164,11:00:00,0.0,rain,1012.05,cloudy,65.98
2018-10-16,14500.07,690.0,167,6,120,2,51,16,4,52.14,0.56,0.0089,01:00:00,0.0,rain,1018.42,partly-cloudy-night,52.14
2018-10-17,13630.67,94.0,170,2,122,4,46,10,3,55.84,0.45,0.0,05:01:00,0.0,none,1015.58,partly-cloudy-night,55.84
2018-10-18,14878.0,,176,0,115,2,59,4,2,45.77,0.37,0.0,05:01:00,0.0,none,1027.39,clear-night,47.71
2018-10-19,15480.5,1407.0,192,29,143,13,65,2,1,56.78,0.55,0.0,05:01:00,0.0,none,1017.4,partly-cloudy-night,56.78
2018-10-20,15528.04,3019.0,187,56,140,2,101,6,3,55.96,0.65,0.0071,04:00:00,0.0,rain,1002.7,partly-cloudy-night,55.96
2018-10-21,14927.0,,184,0,130,5,49,0,0,37.95,0.47,0.0025,07:00:00,0.0,rain,1019.6,clear-night,42.44
2018-10-22,13160.74,,174,0,132,2,40,8,2,48.27,0.58,0.0,05:01:00,0.0,none,1021.95,partly-cloudy-night,48.95
2018-10-23,13488.76,519.75,173,6,114,0,65,4,2,56.39,0.51,0.0008,19:00:00,0.01,none,1014.6,partly-cloudy-night,56.39
2018-10-24,15935.0,,180,0,134,0,46,0,0,50.21,0.49,0.001,01:00:00,0.0,none,1020.2,partly-cloudy-night,50.21
2018-10-25,14465.01,,164,0,114,11,39,0,0,42.62,0.53,0.0,05:01:00,0.0,none,1018.81,clear-night,45.62
2018-10-26,14558.0,,195,0,137,1,57,0,0,44.87,0.69,0.0002,13:00:00,0.0,none,1018.34,cloudy,48.05
2018-10-27,16526.96,,194,0,152,0,42,2,1,50.77,0.94,0.0922,05:00:00,0.29,rain,999.19,cloudy,50.77
2018-10-28,13103.98,1452.25,180,23,124,4,75,6,2,51.13,0.73,0.0063,00:00:00,0.0,rain,1009.35,cloudy,51.13
2018-10-29,14752.5,,179,0,118,7,54,6,3,52.75,0.62,0.0104,01:00:00,0.01,rain,1012.52,partly-cloudy-night,52.75
2018-10-30,13185.25,,171,0,130,2,39,6,2,50.82,0.42,0.0016,19:00:00,0.0,rain,1019.3,clear-night,50.82
2018-10-31,13802.3,1851.5,174,29,124,2,77,10,4,60.22,0.69,0.0001,07:00:00,0.0,none,1013.57,partly-cloudy-night,60.22
2018-11-01,14209.75,2242.5,175,36,119,7,85,11,4,63.93,0.78,0.0,05:01:00,0.0,none,1009.81,partly-cloudy-night,63.93
2018-11-02,16646.78,1156.0,204,16,160,6,54,0,0,64.41,0.95,0.1424,22:00:00,0.0,rain,1006.05,cloudy,63.85
2018-11-03,17098.0,2912.5,198,46,148,0,96,0,0,52.73,0.48,0.1557,03:00:00,0.0,rain,1020.89,clear-night,52.73
2018-11-04,17718.0,1428.5,180,22,128,2,72,5,2,47.66,0.64,0.0023,06:00:00,0.0,rain,1032.36,clear-night,47.66
2018-11-05,14828.91,,182,0,128,8,46,2,1,51.79,0.92,0.0524,11:00:00,0.8,rain,1021.08,rain,51.79
2018-11-06,12192.5,,167,0,123,0,44,6,3,57.55,0.94,0.5273,12:00:00,0.29,rain,1009.29,partly-cloudy-night,57.55
2018-11-07,19258.0,1209.5,143,18,90,4,67,8,4,59.43,0.47,0.0002,05:00:00,0.0,none,1016.88,partly-cloudy-night,59.43
2018-11-08,13734.5,,175,0,130,0,45,0,0,45.96,0.51,0.0,05:01:00,0.0,none,1026.29,clear-night,48.81
2018-11-09,14426.65,,183,0,139,0,44,4,2,50.66,0.94,0.2149,19:00:00,0.98,rain,1013.95,rain,50.66
2018-11-10,15439.52,,233,0,184,0,49,2,1,31.61,0.38,0.0108,00:00:00,0.0,rain,1021.87,clear-night,37.95
2018-11-11,13939.95,,198,0,151,2,45,0,0,40.82,0.51,0.0011,00:00:00,0.0,none,1028.08,clear-night,40.82
2018-11-12,11892.0,,163,0,118,8,37,13,3,45.43,0.68,0.0029,23:00:00,0.0,rain,1027.89,partly-cloudy-night,45.43
2018-11-13,13397.5,,163,0,123,1,39,5,2,38.94,0.63,0.1403,05:00:00,0.0,rain,1016.96,cloudy,44.63
2018-11-14,13446.0,,164,0,116,2,46,9,4,27.93,0.44,0.0,05:01:00,0.0,none,1034.05,partly-cloudy-night,34.53
2018-11-15,13457.0,,147,0,102,3,42,10,5,22.6,0.97,0.0627,17:00:00,0.5,snow,1021.26,sleet,31.66
2018-11-16,15187.25,,176,0,135,1,40,8,3,34.76,0.64,0.0571,06:00:00,0.0,rain,1011.73,partly-cloudy-night,40.68
2018-11-17,19525.25,,198,0,147,0,51,8,2,40.76,0.59,0.0,05:01:00,0.0,none,1023.99,cloudy,44.55
2018-11-18,14531.0,,184,0,119,4,61,6,3,42.99,0.68,0.0,05:01:00,0.0,none,1025.16,cloudy,42.99
2018-11-19,13200.24,,173,0,119,5,49,0,0,46.55,0.74,0.0,05:01:00,0.0,none,1015.7,partly-cloudy-night,46.55
2018-11-20,14088.25,,189,0,132,0,57,6,3,39.66,0.58,0.0012,07:00:00,0.0,rain,1015.97,cloudy,43.8
2018-11-21,14029.99,,178,0,124,2,52,12,5,30.85,0.62,0.006,19:00:00,0.0,snow,1019.22,cloudy,38.05
2018-11-23,14565.5,,197,0,137,1,59,2,1,29.86,0.38,0.0,05:01:00,0.0,none,1031.23,clear-night,29.86
2018-11-24,15461.75,,190,0,145,0,45,6,2,41.68,0.91,0.3288,23:00:00,0.7,rain,1009.07,rain,46.07
2018-11-25,11946.5,,179,0,120,8,51,7,2,50.54,0.61,0.2538,01:00:00,0.0,rain,1014.07,cloudy,50.54
2018-11-26,12201.5,,163,0,111,3,49,4,2,44.01,0.93,0.1992,16:00:00,1.0,rain,995.96,rain,48.69
2018-11-27,13653.0,,161,0,116,2,43,6,2,33.31,0.56,0.0117,00:00:00,0.0,rain,998.13,cloudy,40.13
2018-11-28,14088.95,,170,0,124,1,45,4,1,35.45,0.54,0.0,05:01:00,0.0,none,1004.0,cloudy,41.32
2018-11-29,14179.59,,183,0,138,6,39,2,1,35.45,0.54,0.0,05:01:00,0.0,none,1015.49,cloudy,40.73
2018-11-30,16363.37,,172,0,126,0,46,2,1,39.23,0.84,0.0041,15:00:00,0.0,rain,1018.58,cloudy,39.23
2018-12-01,15720.91,,191,0,133,0,58,2,1,38.77,0.8,0.0083,21:00:00,0.75,rain,1021.4,rain,41.59
2018-12-02,13512.75,,197,0,136,0,61,0,0,52.56,0.97,0.0782,04:00:00,0.54,rain,1002.91,rain,52.56
2018-12-03,11313.5,,169,0,110,16,43,10,3,44.65,0.57,0.0003,00:00:00,0.0,none,1006.78,partly-cloudy-night,48.42
2018-12-04,12529.75,,165,0,121,0,44,14,5,29.63,0.44,0.0,05:01:00,0.0,none,1017.54,clear-night,34.84
2018-12-05,11761.25,,170,0,119,0,51,5,2,30.03,0.5,0.0,05:01:00,0.0,none,1018.62,partly-cloudy-night,33.63
2018-12-06,15825.84,,180,0,132,0,48,8,3,31.87,0.52,0.0,05:01:00,0.0,none,1021.65,partly-cloudy-night,37.63
2018-12-07,16930.08,,192,0,153,0,39,8,3,24.02,0.42,0.0,05:01:00,0.0,none,1030.78,clear-night,31.31
2018-12-08,15826.49,,205,0,127,1,77,7,3,31.15,0.54,0.0,05:01:00,0.0,none,1033.36,partly-cloudy-night,31.15
2018-12-09,14290.71,,188,0,129,0,59,10,3,28.52,0.56,0.0003,11:00:00,0.0,none,1023.65,clear-night,32.67
2018-12-10,14184.25,,173,0,127,1,45,6,2,33.49,0.52,0.0,05:01:00,0.0,none,1021.35,clear-night,33.49
2018-12-11,20929.5,,169,0,120,3,46,2,1,30.19,0.59,0.0,05:01:00,0.0,none,1014.77,clear-night,34.58
2018-12-12,13305.57,,159,0,110,0,49,8,3,34.69,0.61,0.0,05:01:00,0.0,none,1023.62,partly-cloudy-night,34.69
2018-12-13,22817.5,,164,0,115,4,45,2,1,34.92,0.9,0.0014,13:00:00,0.0,rain,1031.6,cloudy,39.01
2018-12-14,18720.16,,171,0,112,4,55,6,2,47.59,0.93,0.0092,23:00:00,0.09,rain,1026.88,cloudy,47.59
2018-12-15,16371.82,,246,0,197,0,49,6,2,47.15,0.7,0.0339,02:00:00,0.0,rain,1020.0,partly-cloudy-night,49.75
2018-12-16,13708.5,,175,0,140,0,35,2,1,32.02,0.94,0.1232,06:00:00,1.0,rain,1009.31,rain,38.48
2018-12-17,16433.0,,169,0,116,4,49,8,2,36.48,0.48,0.0031,01:00:00,0.0,rain,1008.35,cloudy,42.69
2018-12-18,17217.59,,169,0,132,0,37,8,3,23.29,0.47,0.0,05:01:00,0.0,none,1020.88,clear-night,31.16
2018-12-19,15203.41,,185,0,126,2,57,6,2,36.22,0.61,0.0,05:01:00,0.0,none,1019.98,clear-night,36.22
2018-12-20,15216.0,,163,0,117,5,41,8,3,40.69,0.92,0.04,19:00:00,1.0,rain,1014.6,rain,44.06
2018-12-21,12837.89,,184,0,134,5,45,2,1,54.66,0.94,0.2207,07:00:00,0.0,rain,991.23,cloudy,54.66
2018-12-22,16637.99,,207,0,134,6,67,5,1,36.61,0.54,0.0005,07:00:00,0.0,none,1011.26,cloudy,42.85
2018-12-23,14078.37,,186,0,131,3,52,4,1,37.38,0.58,0.0003,23:00:00,0.0,none,1019.22,partly-cloudy-night,39.62
2018-12-26,13206.7,,176,0,110,1,65,14,4,34.16,0.6,0.0,05:01:00,0.0,none,1031.83,clear-night,37.95
2018-12-27,15357.03,,197,0,142,1,54,2,1,36.55,0.71,0.0,05:01:00,0.0,none,1035.16,partly-cloudy-night,38.63
2018-12-28,15497.37,,209,0,152,0,57,0,0,56.65,0.96,0.1741,11:00:00,0.12,rain,1010.95,cloudy,56.65
2018-12-29,16236.11,,202,0,143,0,59,3,1,39.04,0.54,0.0001,06:00:00,0.0,none,1021.17,partly-cloudy-night,43.52
2018-12-30,15208.0,,202,0,131,0,71,9,3,37.73,0.76,0.0001,22:00:00,0.0,none,1025.07,partly-cloudy-night,37.73
2018-12-31,15099.0,,182,0,137,0,45,2,1,38.83,0.94,0.2171,22:00:00,1.0,rain,1019.36,rain,43.8
2019-01-02,12685.24,,183,0,132,0,51,4,1,31.92,0.59,0.0,05:01:00,0.0,none,1023.7,cloudy,36.67
2019-01-03,13580.96,,184,0,131,0,53,6,2,37.41,0.57,0.0001,07:00:00,0.0,none,1016.85,partly-cloudy-night,37.41
2019-01-04,16002.75,,197,0,138,0,59,6,2,42.13,0.73,0.0001,13:00:00,0.0,none,1011.72,clear-night,43.49
2019-01-05,16463.62,,216,0,157,0,59,0,0,40.67,0.88,0.0778,03:00:00,0.06,rain,1003.26,partly-cloudy-night,44.45
2019-01-06,12405.14,,178,0,113,2,63,8,3,30.25,0.41,0.0001,12:00:00,0.0,none,1021.61,partly-cloudy-night,38.6
2019-01-07,14222.67,,175,0,126,0,49,0,0,31.33,0.32,0.0,05:01:00,0.0,none,1028.73,cloudy,31.33
2019-01-08,10811.32,,166,0,106,5,55,14,4,41.99,0.91,0.0112,04:00:00,0.06,rain,1006.92,cloudy,41.99
2019-01-09,12985.09,,175,0,123,0,52,10,4,30.5,0.4,0.0792,00:00:00,0.0,rain,1003.77,partly-cloudy-night,38.03
2019-01-10,15196.76,,162,0,121,2,39,0,0,22.12,0.52,0.0,05:01:00,0.0,none,1012.99,partly-cloudy-night,31.37
2019-01-11,14699.25,,186,0,141,0,45,4,2,16.64,0.31,0.0,05:01:00,0.0,none,1028.1,clear-night,25.98
2019-01-12,17112.96,,203,0,156,1,46,12,4,28.06,0.42,0.0,05:01:00,0.0,none,1033.21,partly-cloudy-night,31.04
2019-01-13,14285.0,,185,0,130,2,53,12,4,19.9,0.44,0.0023,02:00:00,0.0,snow,1026.44,partly-cloudy-night,29.02
2019-01-14,14422.25,,191,0,142,0,49,13,4,28.55,0.46,0.0,05:01:00,0.0,none,1021.18,clear-night,28.55
2019-01-15,13893.17,,191,0,135,0,56,9,3,31.08,0.55,0.0,05:01:00,0.0,none,1020.62,clear-night,31.08
2019-01-16,12378.42,,166,0,124,4,38,8,3,31.75,0.5,0.0,05:01:00,0.0,none,1019.96,partly-cloudy-night,38.02
2019-01-17,13888.74,,180,0,143,2,35,0,0,26.83,0.47,0.0,05:01:00,0.0,none,1026.56,partly-cloudy-night,29.94
2019-01-18,15526.62,,187,0,150,1,36,6,1,30.89,0.83,0.0034,12:00:00,0.0,snow,1019.49,partly-cloudy-night,35.06
2019-01-19,15916.88,,201,0,148,1,52,5,2,30.43,0.77,0.0237,22:00:00,0.0,rain,1017.39,cloudy,36.65
2019-01-20,16673.0,,208,0,147,2,59,8,3,2.62,0.56,0.1636,03:00:00,0.0,rain,1003.66,partly-cloudy-night,17.96
2019-01-21,11967.25,,165,0,114,2,49,9,4,-4.04,0.42,0.0,05:01:00,0.0,none,1024.96,clear-night,11.45
2019-01-22,13409.07,,179,0,138,3,38,11,5,27.21,0.4,0.0,05:01:00,0.0,none,1037.0,partly-cloudy-night,27.21
2019-01-23,13602.0,,170,0,132,0,38,4,1,39.36,0.74,0.0,05:01:00,0.0,none,1017.21,cloudy,41.63
2019-01-24,13681.91,,190,0,147,1,42,0,0,33.64,0.67,0.218,12:00:00,0.0,rain,1001.56,cloudy,40.71
2019-01-25,19980.69,,194,0,145,0,49,2,1,25.9,0.32,0.0,05:01:00,0.0,none,1019.62,clear-night,33.16
2019-01-26,41000.0,,75,0,75,0,0,0,0,32.08,0.46,0.0,05:01:00,0.0,none,1024.1,cloudy,32.08
2019-01-27,13926.0,,178,0,128,0,50,14,4,39.84,0.53,0.0001,22:00:00,0.0,none,1014.58,partly-cloudy-night,42.46
2019-01-28,15725.4,,191,0,151,4,36,2,1,26.68,0.38,0.0,05:01:00,0.0,none,1017.73,clear-night,26.68
2019-01-29,15610.53,,153,0,112,0,41,4,1,33.97,0.9,0.0611,20:00:00,1.0,rain,1009.38,rain,40.02
2019-01-30,14601.53,,174,0,136,0,38,3,1,-5.39,0.32,0.005,16:00:00,0.0,snow,1020.03,clear-night,11.16
2019-01-31,15421.91,,192,0,151,0,41,3,1,2.45,0.36,0.0,05:01:00,0.0,none,1029.58,clear-night,14.32
2019-02-01,16049.24,,183,0,143,0,40,6,2,13.48,0.42,0.0001,16:00:00,0.0,none,1028.79,partly-cloudy-night,19.71
2019-02-02,20353.31,,195,0,150,0,45,4,1,22.76,0.62,0.0,05:01:00,0.0,none,1019.12,partly-cloudy-night,31.23
2019-02-04,11976.75,,169,0,125,0,44,8,2,43.62,0.73,0.0,05:01:00,0.0,none,1016.14,clear-night,43.62
2019-02-05,14941.96,,181,0,124,0,57,18,5,53.58,0.64,0.0002,04:00:00,0.0,none,1016.24,partly-cloudy-night,53.58
2019-02-06,14392.54,,186,0,141,0,45,2,1,35.32,0.89,0.1027,22:00:00,0.86,rain,1019.84,rain,40.48
2019-02-07,14755.85,,186,0,140,0,46,7,3,40.61,0.91,0.0822,00:00:00,0.0,rain,1018.79,cloudy,42.55
2019-02-08,14796.74,,176,0,133,0,43,4,2,32.72,0.35,0.0844,02:00:00,0.0,rain,1019.35,clear-night,40.76
2019-02-09,18597.28,,200,0,154,0,46,0,0,22.59,0.39,0.0,05:01:00,0.0,none,1039.35,clear-night,29.3
2019-02-10,14265.28,,196,0,147,0,49,4,2,28.46,0.35,0.0,05:01:00,0.0,none,1030.9,partly-cloudy-night,33.63
2019-02-11,13817.81,,177,0,121,5,51,7,3,31.93,0.44,0.0019,11:00:00,0.0,snow,1027.5,partly-cloudy-night,35.43
2019-02-12,13575.01,,158,0,120,1,37,2,1,26.21,0.93,0.043,18:00:00,0.68,rain,1013.07,rain,33.89
2019-02-13,15300.51,,180,0,144,0,36,2,1,26.45,0.52,0.0435,00:00:00,0.0,rain,1009.5,clear-night,34.75
2019-02-14,15169.45,,185,0,140,0,45,4,2,41.23,0.42,0.0082,13:00:00,0.0,rain,1017.31,partly-cloudy-night,41.23
2019-02-15,16749.41,,199,0,144,3,52,0,0,52.16,0.62,0.0013,05:00:00,0.0,rain,1003.66,cloudy,52.16
2019-02-16,16851.88,,218,0,157,0,61,4,1,31.56,0.42,0.0002,00:00:00,0.0,none,1013.91,clear-night,37.52
2019-02-17,16455.36,,213,0,154,0,59,7,2,28.41,0.63,0.0077,23:00:00,0.0,rain,1017.38,cloudy,33.93
2019-02-18,15747.65,,185,0,139,0,46,3,1,21.32,0.52,0.0258,06:00:00,0.0,rain,1021.86,partly-cloudy-night,31.3
2019-02-19,13941.2,,168,0,123,4,41,9,4,28.35,0.32,0.0,05:01:00,0.0,none,1035.9,clear-night,32.99
2019-02-20,15769.0,,155,0,116,1,38,8,3,23.36,0.93,0.0245,23:00:00,0.55,snow,1026.26,sleet,29.52
2019-02-21,14799.51,,183,0,141,0,42,8,3,44.39,0.56,0.0923,01:00:00,0.0,rain,1017.38,clear-night,46.69
2019-02-22,17253.5,,201,0,145,1,55,0,0,35.72,0.48,0.0006,22:00:00,0.0,none,1030.27,clear-night,39.79
2019-02-23,17842.15,,213,0,151,0,62,6,3,35.0,0.76,0.0007,10:00:00,0.0,rain,1026.69,cloudy,38.14
2019-02-24,13862.72,,189,0,138,0,51,6,3,39.71,0.79,0.1716,07:00:00,0.0,rain,995.95,partly-cloudy-night,45.86
2019-02-25,13771.25,,159,0,120,0,39,13,5,26.67,0.33,0.0013,11:00:00,0.0,rain,1018.53,clear-night,35.16
2019-02-26,13913.67,,178,0,140,0,38,4,2,21.05,0.35,0.0016,06:00:00,0.0,snow,1029.42,partly-cloudy-night,30.0
2019-02-27,27909.75,,168,0,134,0,34,3,1,21.01,0.55,0.0015,23:00:00,0.0,snow,1020.76,cloudy,28.25
2019-02-28,14560.02,,168,0,134,4,30,4,1,27.25,0.4,0.0034,03:00:00,0.0,snow,1024.76,clear-night,32.59
2019-03-01,14837.11,,190,0,154,0,36,0,0,28.28,0.79,0.0168,13:00:00,0.0,snow,1024.75,cloudy,34.17
2019-03-02,21093.57,,198,0,145,0,53,4,2,34.22,0.74,0.0419,05:00:00,0.0,snow,1017.55,cloudy,38.74
2019-03-03,13957.5,,183,0,123,4,56,4,2,33.16,0.95,0.0881,22:00:00,0.76,snow,1014.59,snow,33.16
2019-03-04,13369.25,,184,0,138,0,46,8,2,28.37,0.5,0.0775,01:00:00,0.0,snow,1012.86,partly-cloudy-night,33.75
2019-03-05,13599.77,,164,0,126,0,38,4,1,20.23,0.41,0.0019,13:00:00,0.0,snow,1014.63,clear-night,28.5
2019-03-06,11925.17,,150,0,115,0,35,14,5,14.68,0.48,0.0018,04:00:00,0.0,snow,1022.99,partly-cloudy-night,23.23
2019-03-07,15261.42,,192,0,123,2,67,10,4,24.73,0.44,0.0013,06:00:00,0.0,snow,1026.88,partly-cloudy-night,29.89
2019-03-08,17086.85,,196,0,145,0,51,4,2,35.93,0.56,0.0054,12:00:00,0.0,snow,1024.25,partly-cloudy-night,35.93
2019-03-09,19019.56,,210,0,156,0,54,3,1,35.72,0.59,0.003,11:00:00,0.0,rain,1026.83,clear-night,38.35
2019-03-10,15061.3,,204,0,156,0,48,4,1,39.56,0.95,0.0946,11:00:00,0.0,rain,1013.2,cloudy,39.56
2019-03-11,14179.58,,182,0,134,3,45,8,3,50.61,0.31,0.0001,00:00:00,0.0,none,1015.81,clear-night,50.61
2019-03-12,14019.5,,182,0,138,1,43,2,1,33.41,0.4,0.0003,13:00:00,0.0,none,1024.68,clear-night,39.7
2019-03-13,16744.55,,177,0,129,0,48,15,6,34.11,0.62,0.0016,17:00:00,0.0,rain,1026.34,partly-cloudy-night,39.52
2019-03-14,14913.4,,179,0,128,0,51,0,0,44.72,0.71,0.0,05:01:00,0.0,none,1018.22,partly-cloudy-night,48.06
2019-03-15,15491.38,,181,0,139,0,42,0,0,62.27,0.69,0.1669,22:00:00,0.0,rain,1003.31,partly-cloudy-night,62.27
2019-03-16,16980.42,,203,0,157,0,46,0,0,38.06,0.39,0.0123,00:00:00,0.0,rain,1017.81,partly-cloudy-night,43.66
2019-03-17,14554.25,,186,0,135,1,50,9,3,36.33,0.28,0.0,05:01:00,0.0,none,1021.4,clear-night,41.62
2019-03-18,14174.46,,173,0,132,1,40,6,1,39.51,0.36,0.0,05:01:00,0.0,none,1025.71,partly-cloudy-night,41.77
2019-03-19,13480.41,,178,0,117,1,60,10,4,42.13,0.38,0.0014,02:00:00,0.0,rain,1028.76,partly-cloudy-night,44.16
2019-03-20,12259.69,,164,0,108,0,56,8,3,39.04,0.59,0.0001,04:00:00,0.0,none,1026.06,clear-night,44.38
2019-03-21,13971.17,,171,0,124,0,47,13,4,38.49,0.84,0.0583,23:00:00,0.68,rain,1009.04,rain,44.34
2019-03-22,15905.09,,190,0,144,0,46,6,2,39.77,0.5,0.1578,01:00:00,0.0,rain,996.98,partly-cloudy-night,45.64
2019-03-23,17432.25,,200,0,140,0,60,13,5,39.18,0.23,0.0001,05:00:00,0.0,none,1017.05,clear-night,45.29
2019-03-24,14233.0,,179,0,123,3,53,6,3,57.61,0.22,0.0,05:01:00,0.0,none,1016.83,partly-cloudy-night,57.61
2019-03-25,14034.25,,187,0,134,2,51,0,0,45.24,0.47,0.0001,06:00:00,0.0,none,1017.89,cloudy,47.37
2019-03-26,14285.5,,178,0,126,0,52,4,1,41.36,0.16,0.0003,14:00:00,0.0,none,1025.37,clear-night,45.36
2019-03-27,15776.1,,170,0,133,0,37,0,0,33.49,0.51,0.001,05:00:00,0.0,none,1032.99,clear-night,38.66
2019-03-28,13559.5,,182,0,135,0,47,0,0,40.41,0.71,0.0,05:01:00,0.0,none,1024.35,partly-cloudy-night,44.5
2019-03-29,16291.09,,189,0,146,0,43,4,1,54.95,0.67,0.0,05:01:00,0.0,none,1018.92,cloudy,54.95
2019-03-30,17937.19,,206,0,156,0,50,4,2,56.92,0.57,0.0002,06:00:00,0.0,none,1012.7,partly-cloudy-night,56.92
2019-03-31,14248.72,,195,0,146,0,49,6,3,39.82,0.47,0.0212,13:00:00,0.0,rain,1010.07,partly-cloudy-night,45.87
2019-04-01,12858.5,,162,0,114,2,46,13,5,39.73,0.26,0.0,05:01:00,0.0,none,1026.04,clear-night,43.36
2019-04-02,13983.0,,171,0,128,1,42,2,1,40.06,0.6,0.0031,23:00:00,0.0,rain,1023.02,cloudy,44.25
2019-04-03,15240.98,35.0,176,1,120,0,57,5,2,63.16,0.14,0.0083,03:00:00,0.0,rain,1016.2,clear-night,63.16
2019-04-04,14172.84,,178,0,129,0,49,4,1,54.3,0.21,0.0014,12:00:00,0.0,rain,1028.36,clear-night,54.3
2019-04-05,17164.91,,200,0,151,1,48,3,1,33.91,0.85,0.0334,23:00:00,0.91,rain,1027.13,rain,38.51
2019-04-06,19636.7,,223,0,161,2,60,6,2,61.57,0.43,0.0201,00:00:00,0.0,rain,1021.6,clear-night,61.57
2019-04-07,15262.66,,190,0,128,2,60,0,0,55.39,0.65,0.0,05:01:00,0.0,none,1020.14,partly-cloudy-night,55.39
2019-04-08,13748.75,,181,0,122,1,58,6,3,73.08,0.44,0.0781,03:00:00,0.0,rain,1005.52,partly-cloudy-night,73.08
2019-04-09,15610.75,,181,0,145,2,34,2,1,43.02,0.95,0.0246,19:00:00,0.55,rain,1002.21,rain,45.1
2019-04-10,14814.28,1327.25,189,15,135,0,69,2,1,52.76,0.35,0.0011,14:00:00,0.0,rain,1014.02,clear-night,52.76
2019-04-11,14669.42,564.0,178,7,131,7,47,2,1,44.64,0.43,0.0,05:01:00,0.0,none,1025.13,cloudy,46.97
2019-04-12,15499.54,,188,0,128,5,55,10,2,60.03,0.83,0.1513,23:00:00,0.27,rain,1020.16,cloudy,60.03
2019-04-13,16776.58,5268.12,201,85,173,2,111,9,3,66.46,0.67,0.1411,06:00:00,0.0,rain,1015.8,clear-night,66.46
2019-04-14,16358.64,2838.5,211,48,153,0,106,13,4,60.16,0.91,0.0041,23:00:00,0.0,rain,1005.09,cloudy,60.15
2019-04-15,15071.21,,197,0,143,0,54,0,0,43.2,0.52,0.668,05:00:00,0.0,rain,1004.42,partly-cloudy-day,48.83
2019-04-16,14612.5,2091.75,184,37,135,3,83,0,0,60.34,0.27,0.0015,17:00:00,0.0,rain,1014.87,partly-cloudy-day,60.34
2019-04-17,14541.2,1099.0,183,16,133,0,66,10,4,52.71,0.45,0.0021,15:00:00,0.0,rain,1022.21,partly-cloudy-day,52.71
2019-04-18,16055.73,2734.0,180,36,144,5,67,2,1,57.29,0.77,0.0001,06:00:00,0.0,none,1011.83,partly-cloudy-day,57.29
2019-04-19,16211.01,1888.5,204,24,145,3,80,8,3,64.58,0.8,0.0251,22:00:00,0.0,rain,1007.69,cloudy,64.58
2019-04-20,17324.62,2597.5,213,48,138,4,119,8,4,56.5,0.74,0.1668,03:00:00,0.0,rain,1009.67,partly-cloudy-day,56.5
2019-04-21,15022.88,2924.5,201,48,138,0,111,4,2,57.82,0.64,0.0052,05:00:00,0.0,rain,1017.73,partly-cloudy-day,57.82
2019-04-22,14521.0,,193,0,140,1,52,8,2,58.11,0.92,0.0786,16:00:00,0.42,rain,1015.6,rain,58.11
2019-04-23,13687.71,1437.0,171,27,127,2,69,4,1,62.73,0.63,0.0007,00:00:00,0.0,none,1010.05,partly-cloudy-day,62.73
2019-04-24,13878.09,4437.5,182,67,131,0,118,9,3,66.54,0.34,0.0168,01:00:00,0.0,rain,1009.38,clear-day,66.54
2019-04-25,15795.0,,183,0,125,0,58,2,1,52.09,0.79,0.0101,19:00:00,0.1,rain,1013.71,cloudy,52.09
2019-04-26,15665.17,,178,0,136,0,42,6,2,57.22,0.96,0.1243,13:00:00,0.39,rain,994.6,rain,57.22
2019-04-27,21420.7,3151.5,177,43,133,0,87,4,1,56.11,0.38,0.0217,04:00:00,0.0,rain,1007.28,clear-day,56.11
2019-04-28,13128.27,257.0,170,4,124,0,50,16,5,46.81,0.68,0.0,05:01:00,0.0,none,1019.99,partly-cloudy-day,49.98
2019-04-29,13181.34,352.0,184,6,142,0,48,2,1,50.3,0.54,0.0,05:01:00,0.0,none,1026.23,partly-cloudy-day,50.3
2019-04-30,18855.48,621.0,162,10,126,5,41,0,0,56.13,0.75,0.0259,05:00:00,0.0,rain,1026.89,partly-cloudy-day,56.13
2019-05-01,13112.84,,165,0,118,0,47,6,2,48.07,0.91,0.0008,21:00:00,0.0,rain,1025.62,cloudy,49.98
2019-05-02,16546.26,1500.0,180,21,128,1,72,4,2,54.98,0.82,0.0097,22:00:00,0.29,rain,1021.42,cloudy,54.98
2019-05-03,16099.49,1851.5,192,31,144,0,79,6,2,53.38,0.93,0.0009,22:00:00,0.0,rain,1015.8,cloudy,53.38
2019-05-04,17020.4,4859.5,191,72,170,0,93,6,2,61.4,0.82,0.1101,02:00:00,0.0,rain,1009.7,partly-cloudy-day,61.4
2019-05-05,14566.4,,199,0,128,0,71,6,3,51.41,0.95,0.1056,20:00:00,1.0,rain,1009.73,rain,51.41
2019-05-06,13520.5,2461.5,165,38,128,0,75,4,2,57.94,0.65,0.0257,00:00:00,0.0,rain,1017.95,cloudy,57.94
2019-05-07,14714.75,1316.0,191,18,117,4,88,0,0,64.16,0.7,0.0618,21:00:00,0.0,rain,1018.86,partly-cloudy-day,64.16
2019-05-08,12407.19,1442.5,169,22,119,0,72,0,0,60.1,0.61,0.0013,02:00:00,0.0,rain,1022.77,clear-day,60.1
2019-05-09,16126.6,178.0,191,4,130,0,65,4,2,54.06,0.7,0.0,05:01:00,0.0,none,1024.74,cloudy,54.06
2019-05-10,19271.04,5042.5,203,67,172,0,98,0,0,70.89,0.68,0.0143,14:00:00,0.0,rain,1013.26,partly-cloudy-day,70.89
2019-05-11,18350.18,2363.5,201,38,139,0,100,4,2,65.71,0.42,0.0175,04:00:00,0.0,rain,1015.19,cloudy,65.71
2019-05-12,12262.59,,168,0,114,2,52,2,1,40.12,0.92,0.1532,14:00:00,0.39,rain,1011.93,rain,45.06
2019-05-13,13163.0,,180,0,134,0,46,10,3,42.66,0.91,0.1593,18:00:00,0.55,rain,1009.95,rain,47.15
2019-05-14,14125.75,,162,0,124,0,38,16,4,48.62,0.9,0.0773,20:00:00,0.85,rain,1009.37,rain,49.19
2019-05-15,14089.71,3511.5,173,53,135,0,91,6,2,63.09,0.55,0.005,00:00:00,0.0,rain,1009.21,partly-cloudy-day,63.09
2019-05-16,14078.49,4345.0,170,65,136,0,99,2,1,67.45,0.43,0.0117,05:00:00,0.0,rain,1010.57,partly-cloudy-day,67.45
2019-05-17,17464.99,3885.5,184,53,146,0,91,4,2,74.86,0.54,0.031,22:00:00,0.0,rain,1006.66,partly-cloudy-day,74.86
2019-05-18,18383.4,6252.0,209,73,154,0,128,3,1,64.65,0.49,0.0003,00:00:00,0.0,none,1016.08,partly-cloudy-day,64.65
2019-05-19,13382.38,4178.25,189,68,146,0,111,2,1,71.92,0.77,0.011,08:00:00,0.0,rain,1013.06,partly-cloudy-day,71.48
2019-05-20,13036.25,3997.25,182,68,128,4,118,14,4,82.07,0.47,0.1401,02:00:00,0.01,rain,1005.72,partly-cloudy-day,81.72
2019-05-21,17862.91,4445.0,186,62,119,3,126,12,4,69.28,0.24,0.0,05:01:00,0.0,none,1015.15,partly-cloudy-day,69.28
2019-05-22,13316.46,4139.0,172,63,124,2,109,7,3,70.35,0.32,0.0,05:01:00,0.0,none,1022.59,partly-cloudy-day,70.35
2019-05-23,13432.75,2651.75,168,43,126,0,85,0,0,65.8,0.86,0.0811,17:00:00,0.0,rain,1012.62,partly-cloudy-day,65.5
2019-05-24,15825.64,5846.5,190,75,132,0,133,2,1,70.42,0.46,0.0015,00:00:00,0.0,rain,1017.51,partly-cloudy-day,70.42
2019-05-25,30080.0,,22,0,22,0,0,0,0,62.25,0.58,0.0017,23:00:00,0.0,rain,1019.58,partly-cloudy-day,62.25
2019-05-26,17565.74,3298.0,211,39,159,0,91,8,3,72.32,0.8,0.0469,19:00:00,0.4,rain,1011.58,rain,71.69
2019-05-27,13957.99,5125.5,179,75,115,1,138,2,1,77.51,0.35,0.0003,00:00:00,0.0,none,1012.01,partly-cloudy-day,77.51
2019-05-28,11861.49,1786.5,152,23,105,0,70,10,3,69.08,0.83,0.0581,22:00:00,0.0,rain,1004.69,partly-cloudy-day,68.64
2019-05-29,13669.77,,176,0,121,0,55,11,4,56.52,0.95,0.4723,18:00:00,1.0,rain,1007.09,rain,56.52
2019-05-30,14610.13,,175,0,140,0,35,12,5,62.23,0.95,0.3532,19:00:00,1.0,rain,1005.95,rain,61.89
2019-05-31,15443.76,6923.5,190,86,159,2,115,6,1,76.52,0.49,0.0226,01:00:00,0.0,rain,1007.68,partly-cloudy-day,76.52
2019-06-01,19493.5,5815.5,184,78,137,0,125,4,2,69.59,0.69,0.0002,01:00:00,0.0,none,1008.71,partly-cloudy-day,69.59
2019-06-02,15814.08,2076.5,207,30,114,0,123,8,3,74.8,0.63,0.0729,22:00:00,0.0,rain,1004.34,partly-cloudy-day,74.69
2019-06-03,13954.8,4900.0,177,65,120,2,120,11,4,67.97,0.27,0.0056,00:00:00,0.0,rain,1014.79,clear-day,67.97
2019-06-04,14353.46,4648.0,170,72,126,8,108,4,2,69.99,0.36,0.0006,11:00:00,0.0,none,1016.42,partly-cloudy-day,69.99
2019-06-05,14050.58,1563.0,181,29,92,0,118,18,6,76.08,0.7,0.0003,16:00:00,0.0,none,1007.12,partly-cloudy-day,75.52
2019-06-06,13202.26,5219.0,173,76,132,0,117,8,3,79.7,0.49,0.0968,01:00:00,0.0,rain,1008.8,partly-cloudy-day,79.7
2019-06-07,15962.38,5061.5,178,80,138,0,120,0,0,69.97,0.76,0.0004,17:00:00,0.0,rain,1014.2,partly-cloudy-day,69.73
2019-06-08,15591.25,5610.26,205,82,145,1,141,2,1,70.88,0.39,0.0001,01:00:00,0.0,none,1022.42,partly-cloudy-day,70.88
2019-06-09,15010.85,5605.25,195,84,143,0,136,6,3,69.27,0.36,0.0,05:01:00,0.0,none,1025.02,clear-day,69.27
2019-06-10,13564.7,,176,0,126,2,48,10,5,68.17,0.97,0.1024,15:00:00,0.0,rain,1013.23,cloudy,67.2
2019-06-11,13822.22,4516.25,171,67,130,0,108,2,1,74.98,0.29,0.1434,04:00:00,0.0,rain,1015.61,clear-day,74.98
2019-06-12,13673.62,4358.75,171,61,123,0,109,10,3,66.63,0.5,0.0,05:01:00,0.0,none,1020.6,partly-cloudy-day,66.63
2019-06-13,12934.25,2275.5,172,28,120,0,80,10,5,64.32,0.73,0.1757,10:00:00,0.0,rain,1007.32,cloudy,64.32
2019-06-14,14215.63,5472.75,178,86,141,0,123,7,3,74.12,0.27,0.0206,00:00:00,0.0,rain,1014.45,partly-cloudy-day,74.12
2019-06-15,15994.31,5065.0,192,74,127,0,139,10,5,77.01,0.41,0.0009,23:00:00,0.0,rain,1015.1,partly-cloudy-day,77.01
2019-06-16,14483.29,3322.0,179,48,128,0,99,6,3,76.05,0.73,0.0092,20:00:00,0.15,rain,1009.46,partly-cloudy-day,75.38
2019-06-17,14572.47,3960.0,184,66,139,5,106,0,0,73.76,0.73,0.0037,02:00:00,0.0,rain,1015.18,partly-cloudy-day,73.28
2019-06-18,14957.13,,175,0,131,2,42,2,1,70.11,0.96,0.156,18:00:00,0.86,rain,1010.87,rain,69.0
2019-06-19,14231.25,,183,0,130,0,53,0,0,68.3,0.94,0.1459,21:00:00,0.0,rain,1008.36,cloudy,67.43
2019-06-20,14552.5,2166.0,184,34,123,2,93,10,4,75.55,0.87,0.0655,20:00:00,0.22,rain,997.72,partly-cloudy-day,74.33
2019-06-21,16328.99,4653.0,177,69,137,2,107,6,2,76.25,0.38,0.1372,09:00:00,0.0,rain,1006.74,clear-day,76.25
2019-06-22,14713.18,5551.0,185,88,132,0,141,4,2,78.43,0.31,0.0,05:01:00,0.0,none,1012.63,partly-cloudy-day,78.43
2019-06-23,13662.13,5877.75,191,84,129,0,146,8,2,81.97,0.35,0.0,05:01:00,0.0,none,1011.62,clear-day,81.97
2019-06-24,13400.25,4736.25,177,79,136,0,120,8,4,77.41,0.62,0.0002,18:00:00,0.0,none,1010.15,partly-cloudy-day,77.09
2019-06-25,14388.7,4466.0,144,69,103,0,110,16,6,84.17,0.66,0.2181,08:00:00,0.0,rain,1010.0,partly-cloudy-day,81.18
2019-06-26,12605.0,4487.5,179,67,149,0,97,6,2,84.43,0.43,0.0005,00:00:00,0.0,rain,1015.74,partly-cloudy-day,84.43
2019-06-27,13675.62,5443.0,170,80,143,0,107,5,2,86.09,0.34,0.0001,02:00:00,0.0,none,1019.05,partly-cloudy-day,86.09
2019-06-28,14171.25,6180.5,177,74,145,0,106,12,4,83.09,0.43,0.0,05:01:00,0.0,none,1019.41,partly-cloudy-day,83.09
2019-06-29,14695.5,5369.75,189,72,135,3,123,10,5,77.17,0.75,0.0571,18:00:00,0.01,rain,1011.84,partly-cloudy-day,76.33
2019-06-30,14073.24,6925.5,221,75,156,2,138,4,1,79.33,0.39,0.0033,16:00:00,0.0,rain,1008.91,partly-cloudy-day,79.33
