date,sales,covers,outside,apparent_temperature,humidity,precip_intensity_max,precip_max_time,precip_prob,precip_type,pressure,summary,temperature,day_of_week,month
2017-01-02,13159.84,173,0,35.58,0.92,0.0242,15:00:00,0.79,rain,1027.98,rain,39.06,0,1
2017-01-03,12442.11,178,0,41.5,0.94,0.0913,17:00:00,0.77,rain,1000.08,rain,43.19,1,1
2017-01-04,12927.64,172,0,36.81,0.4,0.0176,00:00:00,0.0,rain,1002.55,clear-night,42.29,2,1
2017-01-05,14457.79,188,0,27.11,0.48,0.0,05:01:00,0.0,none,1014.61,cloudy,31.36,3,1
2017-01-06,15331.97,192,0,24.74,0.48,0.0019,12:00:00,0.0,snow,1022.8,partly-cloudy-night,29.42,4,1
2017-01-07,16245.74,200,0,12.75,0.86,0.0005,16:00:00,0.0,snow,1019.96,fog,20.76,5,1
2017-01-08,14428.09,187,0,12.43,0.5,0.0,05:01:00,0.0,none,1032.24,partly-cloudy-night,20.61,6,1
2017-01-09,12604.6,172,0,20.6,0.6,0.0,05:01:00,0.0,none,1038.82,partly-cloudy-night,20.6,0,1
2017-01-10,13227.15,174,0,36.32,0.82,0.0046,23:00:00,0.0,rain,1028.4,cloudy,36.32,1,1
2017-01-11,15294.74,188,0,45.38,0.83,0.0999,03:00:00,0.0,rain,1024.75,partly-cloudy-night,45.38,2,1
2017-01-12,15518.55,180,0,61.38,0.7,0.0873,00:00:00,0.0,rain,1016.83,partly-cloudy-night,61.38,3,1
2017-01-13,14839.62,204,0,30.67,0.46,0.0,05:01:00,0.0,none,1036.88,clear-night,35.67,4,1
2017-01-14,17289.53,225,0,29.35,0.9,0.0007,17:00:00,0.0,none,1029.87,cloudy,29.35,5,1
2017-01-15,15491.24,222,0,32.81,0.64,0.0076,12:00:00,0.0,rain,1028.75,clear-night,32.81,6,1
2017-01-16,13852.72,198,0,38.64,0.61,0.0003,14:00:00,0.0,none,1027.4,partly-cloudy-night,38.64,0,1
2017-01-17,11401.96,135,0,39.16,0.92,0.0614,19:00:00,1.0,rain,1017.45,rain,39.16,1,1
2017-01-18,13072.37,178,0,40.71,0.87,0.0218,04:00:00,0.0,rain,1017.04,cloudy,40.71,2,1
2017-01-19,14309.93,181,0,41.9,0.73,0.0,05:01:00,0.0,none,1017.13,partly-cloudy-night,41.9,3,1
2017-01-20,16909.2,203,0,40.89,0.9,0.023,18:00:00,0.56,rain,1013.34,rain,40.89,4,1
2017-01-21,17803.79,239,0,45.52,0.93,0.0016,00:00:00,0.0,rain,1009.74,cloudy,45.52,5,1
2017-01-22,11864.92,167,0,46.11,0.85,0.0034,18:00:00,0.0,rain,1007.34,cloudy,47.89,6,1
2017-01-23,13118.67,154,0,30.42,0.9,0.1405,20:00:00,1.0,rain,1003.1,rain,37.0,0,1
2017-01-24,15002.2,172,0,33.08,0.86,0.1224,00:00:00,0.65,rain,995.82,rain,38.69,1,1
2017-01-25,15672.27,195,0,43.1,0.71,0.0015,00:00:00,0.0,rain,1004.03,partly-cloudy-night,43.1,2,1
2017-01-26,13775.48,145,0,40.0,0.56,0.0061,11:00:00,0.0,rain,998.44,partly-cloudy-night,44.19,3,1
2017-01-27,15530.01,195,0,34.08,0.58,0.0,05:01:00,0.0,none,1003.06,cloudy,38.99,4,1
2017-01-28,17798.77,216,0,33.72,0.57,0.0,05:01:00,0.0,none,1007.07,cloudy,36.61,5,1
2017-01-29,13957.47,198,0,37.06,0.47,0.0,05:01:00,0.0,none,1006.94,partly-cloudy-night,37.06,6,1
2017-01-30,13181.96,182,0,31.76,0.44,0.0,05:01:00,0.0,none,1012.54,clear-night,31.76,0,1
2017-01-31,14639.51,161,0,30.62,0.86,0.0003,15:00:00,0.0,none,1010.03,cloudy,30.62,1,1
2017-02-01,14123.7,192,0,39.55,0.66,0.0052,12:00:00,0.0,rain,1015.95,partly-cloudy-night,41.24,2,2
2017-02-02,17747.13,179,0,33.14,0.53,0.0,05:01:00,0.0,none,1020.64,partly-cloudy-night,36.37,3,2
2017-02-03,17399.43,196,0,24.85,0.45,0.0,05:01:00,0.0,none,1020.68,cloudy,30.71,4,2
2017-02-04,17545.95,216,0,28.06,0.4,0.0,05:01:00,0.0,none,1026.33,clear-night,31.29,5,2
2017-02-05,0.0,0,0,36.49,0.48,0.0,05:01:00,0.0,none,1012.31,partly-cloudy-night,38.94,6,2
2017-02-06,12541.53,164,0,39.99,0.69,0.0,05:01:00,0.0,none,1018.27,clear-night,39.99,0,2
2017-02-07,14185.24,172,0,35.25,0.93,0.0731,12:00:00,0.0,rain,1007.25,cloudy,38.14,1,2
2017-02-08,14382.57,183,0,47.83,0.58,0.0147,04:00:00,0.0,rain,1006.03,partly-cloudy-night,47.83,2,2
2017-02-09,13655.02,186,0,9.89,0.54,0.0075,06:00:00,0.0,snow,1011.08,partly-cloudy-night,20.88,3,2
2017-02-10,15970.63,166,0,23.96,0.56,0.0071,15:00:00,0.0,snow,1022.18,cloudy,28.87,4,2
2017-02-11,16634.66,221,0,40.32,0.65,0.0127,13:00:00,0.0,rain,1016.38,partly-cloudy-night,40.32,5,2
2017-02-12,14299.8,193,0,34.4,0.94,0.0181,13:00:00,0.5,rain,1005.48,rain,34.4,6,2
2017-02-13,14230.93,192,0,25.59,0.58,0.0061,12:00:00,0.0,snow,1014.03,partly-cloudy-night,32.6,0,2
2017-02-14,14481.16,186,0,36.52,0.65,0.0059,15:00:00,0.0,rain,1008.79,clear-night,36.52,1,2
2017-02-15,15609.01,193,0,32.07,0.78,0.0032,13:00:00,0.26,rain,995.37,cloudy,37.47,2,2
2017-02-16,15115.68,193,0,23.62,0.53,0.0,05:01:00,0.0,none,1006.68,partly-cloudy-night,30.87,3,2
2017-02-17,16962.3,198,0,37.94,0.45,0.0,05:01:00,0.0,none,1011.67,clear-night,37.94,4,2
2017-02-18,15932.2,211,0,55.52,0.47,0.0,05:01:00,0.0,none,1004.57,clear-night,55.52,5,2
2017-02-19,15567.31,195,0,54.49,0.46,0.0,05:01:00,0.0,none,1012.24,clear-night,54.49,6,2
2017-02-20,12690.5,184,0,41.97,0.31,0.0,05:01:00,0.0,none,1026.07,clear-night,44.46,0,2
2017-02-21,13379.98,186,0,41.45,0.71,0.0,05:01:00,0.0,none,1022.59,partly-cloudy-night,41.45,1,2
2017-02-22,12914.12,172,0,49.82,0.73,0.0,05:01:00,0.0,none,1012.75,partly-cloudy-night,49.82,2,2
2017-02-23,13450.75,185,0,56.74,0.78,0.0,05:01:00,0.0,none,1011.24,partly-cloudy-night,56.74,3,2
2017-02-24,14834.67,211,0,61.06,0.77,0.0,05:01:00,0.0,none,1011.06,partly-cloudy-night,61.06,4,2
2017-02-25,16599.52,232,0,52.18,0.9,0.1641,20:00:00,1.0,rain,1000.85,rain,52.18,5,2
2017-02-26,14263.85,198,0,34.59,0.46,0.0,02:00:00,0.0,none,1022.15,partly-cloudy-night,37.75,6,2
2017-02-27,13716.86,169,0,48.55,0.52,0.0,05:01:00,0.0,none,1029.25,partly-cloudy-night,48.55,0,2
2017-02-28,15136.09,157,0,51.81,0.9,0.0,05:01:00,0.0,none,1020.57,cloudy,51.81,1,2
2017-03-01,13773.48,177,0,65.76,0.61,0.0827,12:00:00,0.0,rain,997.46,clear-night,65.76,2,3
2017-03-02,15066.19,179,0,35.75,0.34,0.0014,02:00:00,0.0,rain,1016.13,clear-night,40.41,3,3
2017-03-03,14819.79,188,0,24.47,0.55,0.0,05:01:00,0.0,none,1026.66,partly-cloudy-night,31.1,4,3
2017-03-04,18980.78,236,0,13.64,0.31,0.0,05:01:00,0.0,none,1034.61,clear-night,22.65,5,3
2017-03-05,14517.5,215,0,30.91,0.26,0.0,05:01:00,0.0,none,1033.91,clear-night,30.91,6,3
2017-03-06,13041.74,165,0,39.38,0.54,0.0,05:01:00,0.0,none,1030.78,cloudy,39.38,0,3
2017-03-07,13784.06,168,0,48.34,0.87,0.0318,11:00:00,0.0,rain,1019.58,partly-cloudy-night,48.34,1,3
2017-03-08,14269.45,187,0,55.23,0.33,0.0146,07:00:00,0.0,rain,1012.25,clear-night,55.23,2,3
2017-03-09,14775.67,188,0,52.4,0.32,0.0,05:01:00,0.0,none,1014.93,partly-cloudy-night,52.4,3,3
2017-03-10,15135.91,192,0,24.96,0.47,0.0232,16:00:00,0.0,snow,1012.52,partly-cloudy-night,31.61,4,3
2017-03-11,18060.54,210,0,17.49,0.49,0.0,05:01:00,0.0,none,1022.62,partly-cloudy-night,25.07,5,3
2017-03-12,14304.03,193,0,20.81,0.37,0.0,05:01:00,0.0,none,1026.9,clear-night,27.72,6,3
2017-03-13,13130.57,177,0,27.76,0.49,0.0005,15:00:00,0.0,none,1028.04,partly-cloudy-night,31.26,0,3
2017-03-14,0.0,0,0,21.77,0.82,0.0212,10:00:00,0.0,snow,993.63,cloudy,29.62,1,3
2017-03-15,13946.54,174,0,16.76,0.55,0.0,05:01:00,0.0,none,1006.81,cloudy,25.77,2,3
2017-03-16,14506.04,185,0,33.02,0.35,0.021,15:00:00,0.19,rain,1015.55,clear-night,37.42,3,3
2017-03-17,18270.45,212,0,41.57,0.37,0.0088,14:00:00,0.0,rain,1022.36,clear-night,41.57,4,3
2017-03-18,17417.11,221,0,30.53,0.89,0.0109,19:00:00,0.83,sleet,1021.4,sleet,34.81,5,3
2017-03-19,15175.57,200,0,43.82,0.37,0.0004,11:00:00,0.0,none,1020.4,clear-night,43.82,6,3
2017-03-20,13641.76,189,0,48.54,0.32,0.0,05:01:00,0.0,none,1015.28,partly-cloudy-night,48.54,0,3
2017-03-21,13990.11,177,0,54.19,0.43,0.0,05:01:00,0.0,none,1010.56,partly-cloudy-night,54.19,1,3
2017-03-22,13219.24,182,0,21.24,0.27,0.0,05:01:00,0.0,none,1026.71,clear-night,29.42,2,3
2017-03-23,12274.55,166,0,39.66,0.25,0.0,05:01:00,0.0,none,1033.22,clear-night,39.66,3,3
2017-03-24,14918.99,193,0,52.53,0.55,0.001,14:00:00,0.0,none,1019.86,partly-cloudy-night,52.53,4,3
2017-03-25,17790.2,230,0,44.57,0.8,0.0028,20:00:00,0.28,rain,1026.05,cloudy,45.58,5,3
2017-03-26,15494.25,212,0,37.21,0.84,0.0083,04:00:00,0.0,rain,1028.38,cloudy,40.23,6,3
2017-03-27,14012.57,175,0,50.48,0.85,0.0789,10:00:00,0.0,rain,1015.37,partly-cloudy-night,50.48,0,3
2017-03-28,13764.82,183,0,42.62,0.94,0.0675,12:00:00,0.98,rain,1012.63,rain,42.62,1,3
2017-03-29,13511.06,189,0,51.27,0.39,0.0047,00:00:00,0.0,rain,1020.19,clear-night,51.27,2,3
2017-03-30,14750.53,180,0,43.81,0.57,0.0,00:00:00,0.0,none,1020.54,cloudy,45.03,3,3
2017-03-31,14993.56,192,0,34.03,0.92,0.1179,20:00:00,1.0,rain,1008.21,rain,39.55,4,3
2017-04-01,18240.05,230,0,44.38,0.69,0.0229,00:00:00,0.0,rain,1014.78,cloudy,45.85,5,4
2017-04-02,13855.4,201,0,58.42,0.35,0.0,05:01:00,0.0,none,1017.19,clear-night,58.42,6,4
2017-04-03,14837.15,187,0,52.91,0.59,0.0009,00:00:00,0.0,none,1014.52,partly-cloudy-night,52.91,0,4
2017-04-04,13197.14,181,0,49.02,0.9,0.3501,04:00:00,0.0,rain,1003.76,cloudy,49.02,1,4
2017-04-05,12760.13,176,1,52.08,0.73,0.0,05:01:00,0.0,none,1014.6,clear-night,52.08,2,4
2017-04-06,13259.94,183,0,48.43,0.94,0.2229,17:00:00,0.49,rain,989.22,rain,48.94,3,4
2017-04-07,15871.63,201,0,38.8,0.61,0.0013,13:00:00,0.0,rain,1000.1,cloudy,43.56,4,4
2017-04-08,17201.92,231,0,53.42,0.3,0.0,05:01:00,0.0,none,1011.65,clear-night,53.42,5,4
2017-04-09,13944.97,207,0,56.58,0.42,0.0,05:01:00,0.0,none,1019.94,clear-night,56.58,6,4
2017-04-10,17458.15,252,1,71.46,0.38,0.0,05:01:00,0.0,none,1018.55,clear-night,71.46,0,4
2017-04-11,15865.8,250,1,71.97,0.49,0.0,05:01:00,0.0,none,1017.87,clear-night,71.97,1,4
2017-04-12,19837.87,268,1,71.18,0.37,0.0094,13:00:00,0.0,rain,1020.55,clear-night,71.18,2,4
2017-04-13,19452.21,257,1,60.35,0.32,0.0,05:01:00,0.0,none,1026.5,partly-cloudy-night,60.35,3,4
2017-04-14,20412.7,272,1,57.04,0.42,0.0,05:01:00,0.0,none,1027.5,clear-night,57.04,4,4
2017-04-15,21810.18,289,1,60.0,0.73,0.0,05:01:00,0.0,none,1021.51,cloudy,60.0,5,4
2017-04-16,18083.99,296,1,80.52,0.41,0.0009,17:00:00,0.0,rain,1008.26,clear-day,80.52,6,4
2017-04-17,15066.58,218,1,66.91,0.26,0.0,05:01:00,0.0,none,1016.94,clear-day,66.91,0,4
2017-04-18,13495.61,183,1,52.69,0.59,0.0,05:01:00,0.0,none,1030.36,clear-day,52.69,1,4
2017-04-19,12213.75,174,0,46.95,0.79,0.003,22:00:00,0.0,rain,1026.43,cloudy,48.52,2,4
2017-04-20,15218.24,210,1,59.59,0.75,0.0329,08:00:00,0.0,rain,1017.07,cloudy,59.59,3,4
2017-04-21,16031.95,199,1,51.96,0.89,0.0599,02:00:00,0.0,rain,1012.3,cloudy,51.96,4,4
2017-04-22,17513.95,225,0,54.0,0.77,0.0123,16:00:00,0.0,rain,1014.26,cloudy,54.0,5,4
2017-04-23,17484.27,250,1,55.1,0.61,0.0,05:01:00,0.0,none,1018.95,partly-cloudy-day,55.1,6,4
2017-04-24,14321.38,191,0,55.3,0.66,0.0,05:01:00,0.0,none,1020.21,cloudy,55.3,0,4
2017-04-25,15762.3,170,0,53.51,0.94,0.1511,22:00:00,1.0,rain,1012.24,rain,53.51,1,4
2017-04-26,14203.22,159,1,60.21,0.9,0.0166,00:00:00,0.0,rain,1008.91,cloudy,60.21,2,4
2017-04-27,15568.95,223,1,60.92,0.89,0.0016,02:00:00,0.0,rain,1011.89,cloudy,60.92,3,4
2017-04-28,22179.55,293,1,78.5,0.34,0.0015,05:00:00,0.0,rain,1015.52,clear-day,78.5,4,4
2017-04-29,24920.47,308,1,79.39,0.51,0.0539,06:00:00,0.0,rain,1015.61,partly-cloudy-day,79.36,5,4
2017-04-30,14023.2,204,1,54.02,0.64,0.0,05:01:00,0.0,none,1022.75,cloudy,54.02,6,4
2017-05-01,15385.12,213,1,69.73,0.72,0.0,05:01:00,0.0,none,1006.44,partly-cloudy-day,69.68,0,5
2017-05-02,19039.12,266,1,68.36,0.35,0.0082,07:00:00,0.0,rain,1004.74,partly-cloudy-day,68.36,1,5
2017-05-03,15689.27,218,1,59.72,0.36,0.0,05:01:00,0.0,none,1016.59,clear-day,59.72,2,5
2017-05-04,14832.34,199,1,53.62,0.62,0.0,05:01:00,0.0,none,1022.08,partly-cloudy-day,53.62,3,5
2017-05-05,15769.13,202,0,59.08,0.94,0.391,14:00:00,0.0,rain,1001.27,cloudy,59.05,4,5
2017-05-06,19004.37,263,1,60.39,0.77,0.0265,03:00:00,0.0,rain,994.98,partly-cloudy-day,60.39,5,5
2017-05-07,14938.69,201,0,50.4,0.69,0.0011,17:00:00,0.0,rain,1006.53,cloudy,50.4,6,5
2017-05-08,14801.45,206,1,55.7,0.42,0.0,05:01:00,0.0,none,1012.09,partly-cloudy-day,55.7,0,5
2017-05-09,14619.84,182,1,55.85,0.51,0.0,05:01:00,0.0,none,1014.82,partly-cloudy-day,55.85,1,5
2017-05-10,16527.61,223,1,56.65,0.57,0.0,05:01:00,0.0,none,1016.27,partly-cloudy-day,56.65,2,5
2017-05-11,18698.78,224,1,55.96,0.57,0.0,05:01:00,0.0,none,1015.44,partly-cloudy-day,55.96,3,5
2017-05-12,18947.37,251,1,54.46,0.65,0.0,05:01:00,0.0,none,1016.98,partly-cloudy-day,54.46,4,5
2017-05-13,16634.99,217,0,43.22,0.93,0.132,16:00:00,1.0,rain,1008.91,rain,46.41,5,5
2017-05-14,17818.57,264,1,61.13,0.58,0.012,00:00:00,0.0,rain,1001.47,partly-cloudy-day,61.13,6,5
2017-05-15,19517.05,231,1,65.81,0.45,0.0,05:01:00,0.0,none,1009.75,partly-cloudy-day,65.81,0,5
2017-05-16,20262.87,287,1,74.97,0.39,0.0,05:01:00,0.0,none,1014.16,partly-cloudy-day,74.97,1,5
2017-05-17,18129.5,257,1,86.35,0.46,0.0,05:01:00,0.0,none,1012.67,clear-day,85.59,2,5
2017-05-18,19878.2,270,1,88.36,0.44,0.0,05:01:00,0.0,none,1010.21,clear-day,87.52,3,5
2017-05-19,20266.91,289,1,87.03,0.43,0.0002,17:00:00,0.0,none,1011.19,partly-cloudy-day,86.7,4,5
2017-05-20,23498.47,321,1,60.24,0.57,0.0015,08:00:00,0.0,rain,1026.08,partly-cloudy-day,60.24,5,5
2017-05-21,18246.0,275,1,59.52,0.49,0.0,05:01:00,0.0,none,1025.58,partly-cloudy-day,59.52,6,5
2017-05-22,14307.2,188,0,60.36,0.95,0.0784,16:00:00,0.48,rain,1014.7,rain,60.18,0,5
2017-05-23,17736.03,237,1,65.15,0.62,0.0,05:01:00,0.0,none,1010.11,partly-cloudy-day,65.15,1,5
2017-05-24,17580.3,256,1,63.35,0.67,0.0087,07:00:00,0.0,rain,1008.61,partly-cloudy-day,63.35,2,5
2017-05-25,15073.34,177,0,58.22,0.95,0.0782,00:00:00,0.41,rain,999.88,rain,58.22,3,5
2017-05-26,21686.48,287,1,71.59,0.59,0.0978,01:00:00,0.0,rain,1005.1,partly-cloudy-day,71.59,4,5
2017-05-27,21370.05,304,1,68.63,0.68,0.0,05:01:00,0.0,none,1011.78,cloudy,68.63,5,5
2017-05-28,21784.69,306,1,63.69,0.66,0.0003,00:00:00,0.0,none,1013.89,partly-cloudy-day,63.69,6,5
2017-05-29,14086.2,206,1,57.07,0.86,0.0248,06:00:00,0.0,rain,1018.12,cloudy,57.07,0,5
2017-05-30,13965.62,192,1,58.11,0.89,0.0035,15:00:00,0.0,rain,1019.81,cloudy,58.11,1,5
2017-05-31,18832.98,251,1,71.83,0.69,0.0082,07:00:00,0.0,rain,1013.05,partly-cloudy-day,71.74,2,5
2017-06-01,17440.9,255,1,75.22,0.39,0.0004,00:00:00,0.0,none,1012.01,partly-cloudy-day,75.22,3,6
2017-06-02,23012.79,309,1,71.76,0.35,0.0,05:01:00,0.0,none,1012.49,clear-day,71.76,4,6
2017-06-03,24031.63,323,1,72.09,0.34,0.0061,09:00:00,0.0,rain,1014.05,clear-day,72.09,5,6
2017-06-04,14567.5,210,0,62.38,0.81,0.0086,16:00:00,0.0,rain,1011.63,cloudy,62.38,6,6
2017-06-05,14018.04,197,1,63.66,0.9,0.0232,04:00:00,0.0,rain,1006.99,cloudy,63.41,0,6
2017-06-06,15728.74,180,0,55.76,0.84,0.0151,08:00:00,0.0,rain,1011.09,cloudy,55.76,1,6
2017-06-07,19752.97,256,1,65.89,0.61,0.0,05:01:00,0.0,none,1015.98,partly-cloudy-day,65.89,2,6
2017-06-08,17338.07,188,1,62.37,0.58,0.0,05:01:00,0.0,none,1011.57,partly-cloudy-day,62.37,3,6
2017-06-09,22601.02,292,1,79.13,0.38,0.0,05:01:00,0.0,none,1008.25,partly-cloudy-day,79.13,4,6
2017-06-10,22954.24,312,1,81.93,0.47,0.0,05:01:00,0.0,none,1014.54,partly-cloudy-day,81.59,5,6
2017-06-11,18198.21,284,1,88.88,0.43,0.0,05:01:00,0.0,none,1015.35,clear-day,88.03,6,6
2017-06-12,17578.51,257,1,90.61,0.43,0.0,05:01:00,0.0,none,1013.26,clear-day,89.16,0,6
2017-06-13,16006.31,237,1,93.58,0.45,0.0,05:01:00,0.0,none,1009.83,partly-cloudy-day,90.57,1,6
2017-06-14,18580.99,248,1,75.25,0.47,0.0151,08:00:00,0.0,rain,1015.01,clear-day,75.25,2,6
2017-06-15,20507.23,272,1,69.05,0.59,0.0,05:01:00,0.0,none,1016.57,partly-cloudy-day,69.05,3,6
2017-06-16,20774.78,277,1,66.75,0.91,0.0142,19:00:00,0.17,rain,1013.65,cloudy,66.17,4,6
2017-06-17,21806.1,289,1,72.05,0.91,0.126,14:00:00,0.13,rain,1013.07,cloudy,70.96,5,6
2017-06-18,18156.88,282,1,85.77,0.74,0.0,05:01:00,0.0,none,1008.69,partly-cloudy-day,81.21,6,6
2017-06-19,13991.77,172,0,72.12,0.92,0.1908,19:00:00,1.0,rain,1010.48,rain,70.98,0,6
2017-06-20,18875.86,269,1,81.55,0.41,0.0099,02:00:00,0.0,rain,1013.33,partly-cloudy-day,81.55,1,6
2017-06-21,19154.24,274,1,79.11,0.53,0.0005,18:00:00,0.0,none,1011.57,partly-cloudy-day,79.02,2,6
2017-06-22,20021.36,269,1,82.49,0.59,0.0,05:01:00,0.0,none,1012.46,partly-cloudy-day,80.69,3,6
2017-06-23,16353.36,207,0,85.71,0.76,0.0064,21:00:00,0.19,rain,1003.6,partly-cloudy-day,80.97,4,6
2017-06-24,23524.39,314,1,82.89,0.43,0.309,08:00:00,0.0,rain,1009.53,partly-cloudy-day,82.89,5,6
2017-06-25,18404.04,286,1,78.41,0.53,0.0003,15:00:00,0.0,none,1013.25,partly-cloudy-day,78.39,6,6
2017-06-26,17895.88,251,1,75.35,0.46,0.0,05:01:00,0.0,none,1015.09,clear-day,75.35,0,6
2017-06-27,17814.8,246,1,72.75,0.5,0.043,06:00:00,0.0,rain,1013.9,partly-cloudy-day,72.75,1,6
2017-06-28,21108.38,254,1,76.45,0.44,0.0,05:01:00,0.0,none,1018.68,partly-cloudy-day,76.45,2,6
2017-06-29,18345.13,261,1,78.85,0.64,0.0,05:01:00,0.0,none,1016.95,partly-cloudy-day,78.29,3,6
2017-06-30,20441.16,277,1,87.17,0.61,0.0004,23:00:00,0.0,none,1013.02,partly-cloudy-day,83.56,4,6
2017-07-01,21305.69,302,1,76.18,0.85,0.0593,20:00:00,0.65,rain,1011.97,rain,74.96,5,7
2017-07-02,22313.93,344,1,86.61,0.53,0.0,05:01:00,0.0,none,1013.93,partly-cloudy-day,84.61,6,7
2017-07-03,21828.74,301,1,84.41,0.55,0.0026,00:00:00,0.0,rain,1014.54,partly-cloudy-day,82.64,0,7
2017-07-04,17863.65,280,1,82.0,0.47,0.0026,00:00:00,0.0,rain,1017.71,partly-cloudy-day,81.65,1,7
2017-07-05,17305.17,247,1,76.7,0.52,0.0,05:01:00,0.0,none,1021.97,clear-day,76.7,2,7
2017-07-06,16685.38,245,1,74.11,0.65,0.0,05:01:00,0.0,none,1016.46,partly-cloudy-day,73.98,3,7
2017-07-07,18709.34,258,1,79.68,0.7,0.3603,11:00:00,0.0,rain,1006.65,partly-cloudy-day,78.79,4,7
2017-07-08,23457.75,319,1,79.49,0.6,0.0135,00:00:00,0.0,rain,1008.12,partly-cloudy-day,79.04,5,7
2017-07-09,19854.0,284,1,78.63,0.48,0.0,05:01:00,0.0,none,1016.31,clear-day,78.63,6,7
2017-07-10,16903.47,253,1,82.55,0.63,0.0,05:01:00,0.0,none,1014.54,partly-cloudy-day,80.31,0,7
2017-07-11,17150.61,243,1,87.66,0.69,0.0138,05:00:00,0.0,rain,1013.71,partly-cloudy-day,82.75,1,7
2017-07-12,15346.97,211,1,90.09,0.65,0.0032,22:00:00,0.0,rain,1014.15,cloudy,84.62,2,7
2017-07-13,13686.99,182,0,78.26,0.83,0.0124,19:00:00,0.46,rain,1015.63,rain,76.97,3,7
2017-07-14,15037.84,197,0,70.04,0.94,0.0743,10:00:00,0.0,rain,1015.87,cloudy,69.02,4,7
2017-07-15,22466.17,296,1,81.86,0.58,0.0026,02:00:00,0.0,rain,1011.87,partly-cloudy-day,80.27,5,7
2017-07-16,19423.81,303,1,82.93,0.63,0.0,05:01:00,0.0,none,1014.22,partly-cloudy-day,80.63,6,7
2017-07-17,16964.38,254,1,79.84,0.75,0.0022,21:00:00,0.02,rain,1017.8,partly-cloudy-day,78.74,0,7
2017-07-18,18465.34,245,1,87.38,0.69,0.0,05:01:00,0.0,none,1017.42,partly-cloudy-day,82.59,1,7
2017-07-19,17635.23,245,1,92.44,0.55,0.0,05:01:00,0.0,none,1014.33,partly-cloudy-day,87.82,2,7
2017-07-20,16617.98,204,1,92.22,0.58,0.0091,21:00:00,0.0,rain,1011.54,partly-cloudy-day,86.95,3,7
2017-07-21,20971.17,308,1,91.68,0.54,0.0,05:01:00,0.0,none,1010.72,partly-cloudy-day,87.49,4,7
2017-07-22,19257.54,244,1,83.59,0.64,0.0797,00:00:00,0.0,rain,1007.89,partly-cloudy-day,80.94,5,7
2017-07-23,22029.2,294,1,75.81,0.78,0.1456,01:00:00,0.0,rain,1010.3,partly-cloudy-day,74.93,6,7
2017-07-24,14590.44,188,1,68.04,0.77,0.1343,06:00:00,0.0,rain,1011.57,partly-cloudy-day,67.91,0,7
2017-07-25,18330.76,236,1,68.82,0.77,0.0,05:01:00,0.0,none,1021.29,cloudy,68.64,1,7
2017-07-26,19567.17,254,1,71.99,0.6,0.0,05:01:00,0.0,none,1020.81,partly-cloudy-day,71.99,2,7
2017-07-27,18607.4,257,1,76.83,0.82,0.0,05:01:00,0.0,none,1012.14,cloudy,75.72,3,7
2017-07-28,20365.74,291,1,78.98,0.72,0.0,05:01:00,0.0,none,1008.7,partly-cloudy-day,78.07,4,7
2017-07-29,22751.11,346,1,74.53,0.55,0.0008,09:00:00,0.0,rain,1010.17,partly-cloudy-day,74.53,5,7
2017-07-30,20959.24,310,1,77.85,0.46,0.0,05:01:00,0.0,none,1016.55,clear-day,77.85,6,7
2017-07-31,17848.37,258,1,83.24,0.57,0.0,05:01:00,0.0,none,1016.42,partly-cloudy-day,81.47,0,7
2017-08-01,15615.86,239,1,85.01,0.58,0.0,05:01:00,0.0,none,1016.13,clear-day,82.73,1,8
2017-08-02,16260.86,204,1,71.6,0.87,0.0482,18:00:00,0.39,rain,1017.89,rain,70.75,2,8
2017-08-03,19525.26,257,1,79.17,0.71,0.0005,20:00:00,0.0,none,1018.3,partly-cloudy-day,78.3,3,8
2017-08-04,21803.73,310,1,79.5,0.72,0.0044,08:00:00,0.0,rain,1013.68,partly-cloudy-day,78.55,4,8
2017-08-05,23863.22,341,1,74.96,0.53,0.1924,06:00:00,0.0,rain,1012.61,partly-cloudy-day,74.96,5,8
2017-08-06,20567.84,307,1,72.92,0.56,0.0,05:01:00,0.0,none,1018.98,partly-cloudy-day,72.92,6,8
2017-08-07,14308.25,183,0,67.23,0.91,0.1218,16:00:00,0.69,rain,1014.16,rain,66.61,0,8
2017-08-08,17467.49,249,1,76.45,0.59,0.0005,00:00:00,0.0,none,1016.26,partly-cloudy-day,76.33,1,8
2017-08-09,19425.2,282,1,78.45,0.56,0.0,05:01:00,0.0,none,1022.28,partly-cloudy-day,78.27,2,8
2017-08-10,20483.49,278,1,76.29,0.61,0.0,05:01:00,0.0,none,1021.93,partly-cloudy-day,76.12,3,8
2017-08-11,20652.63,274,1,75.53,0.66,0.0033,22:00:00,0.0,rain,1017.49,partly-cloudy-day,75.22,4,8
2017-08-12,21577.2,285,1,75.74,0.84,0.0903,03:00:00,0.0,rain,1012.15,partly-cloudy-day,74.64,5,8
2017-08-13,21017.46,318,1,79.49,0.55,0.0,05:01:00,0.0,none,1014.95,partly-cloudy-day,79.27,6,8
2017-08-14,17737.09,253,1,77.12,0.73,0.0,05:01:00,0.0,none,1014.55,partly-cloudy-day,76.34,0,8
2017-08-15,16214.97,229,1,74.61,0.9,0.0694,04:00:00,0.0,rain,1012.45,cloudy,73.34,1,8
2017-08-16,18502.89,254,1,82.75,0.55,0.0,05:01:00,0.0,none,1014.63,clear-day,81.33,2,8
2017-08-17,18114.11,265,1,76.83,0.71,0.0,05:01:00,0.0,none,1015.11,clear-day,76.19,3,8
2017-08-18,17402.83,213,1,78.98,0.91,0.1191,09:00:00,0.77,rain,1008.81,rain,77.29,4,8
2017-08-19,22582.44,327,1,84.54,0.59,0.0,05:01:00,0.0,none,1010.36,clear-day,82.23,5,8
2017-08-20,17123.57,273,1,79.41,0.54,0.0,05:01:00,0.0,none,1018.85,clear-day,79.25,6,8
2017-08-21,17029.72,259,1,84.37,0.68,0.0,05:01:00,0.0,none,1019.19,partly-cloudy-day,81.01,0,8
2017-08-22,16495.79,243,1,92.29,0.67,0.0584,00:00:00,0.0,rain,1008.6,partly-cloudy-day,85.38,1,8
2017-08-23,18835.74,276,1,76.86,0.49,0.1164,01:00:00,0.0,rain,1010.37,partly-cloudy-day,76.86,2,8
2017-08-24,18486.74,257,1,74.26,0.46,0.0,05:01:00,0.0,none,1013.65,partly-cloudy-day,74.26,3,8
2017-08-25,20544.34,287,1,72.9,0.54,0.0,05:01:00,0.0,none,1020.45,partly-cloudy-day,72.9,4,8
2017-08-26,20256.75,318,1,71.28,0.49,0.0,05:01:00,0.0,none,1023.43,clear-day,71.28,5,8
2017-08-27,20214.07,298,1,70.8,0.57,0.0,05:01:00,0.0,none,1023.77,partly-cloudy-day,70.8,6,8
2017-08-28,19499.14,265,1,69.58,0.56,0.0,05:01:00,0.0,none,1025.13,partly-cloudy-night,69.58,0,8
2017-08-29,13213.19,180,0,62.81,0.87,0.0288,17:00:00,0.45,rain,1018.01,rain,62.75,1,8
2017-08-30,19277.14,263,1,74.01,0.57,0.0162,00:00:00,0.0,rain,1013.25,partly-cloudy-night,74.01,2,8
2017-08-31,18963.38,269,1,72.64,0.55,0.0,16:00:00,0.0,none,1013.15,partly-cloudy-night,72.64,3,8
2017-09-01,20902.56,304,1,66.61,0.45,0.0,05:01:00,0.0,none,1019.8,partly-cloudy-night,66.61,4,9
2017-09-02,16146.44,219,0,62.39,0.73,0.0962,23:00:00,0.37,rain,1020.85,rain,62.39,5,9
2017-09-03,22341.21,317,1,68.11,0.74,0.0567,10:00:00,0.0,rain,1011.72,partly-cloudy-night,68.11,6,9
2017-09-04,19093.88,281,1,75.31,0.57,0.0,05:01:00,0.0,none,1011.21,clear-night,75.31,0,9
2017-09-05,15330.97,233,1,77.93,0.73,0.0108,21:00:00,0.0,rain,1008.1,partly-cloudy-night,77.1,1,9
2017-09-06,19011.01,183,0,62.49,0.89,0.0824,22:00:00,0.63,rain,1012.01,rain,62.36,2,9
2017-09-07,17132.96,259,1,68.26,0.55,0.0509,00:00:00,0.0,rain,1013.45,clear-night,68.26,3,9
2017-09-08,20744.69,286,1,66.67,0.58,0.0,05:01:00,0.0,none,1020.01,partly-cloudy-night,66.67,4,9
2017-09-09,25170.04,295,1,62.51,0.62,0.0,05:01:00,0.0,none,1024.8,clear-night,62.51,5,9
2017-09-10,19838.99,295,1,67.62,0.52,0.0,05:01:00,0.0,none,1027.21,clear-night,67.62,6,9
2017-09-11,16490.24,230,1,70.24,0.52,0.0,05:01:00,0.0,none,1020.81,clear-night,70.24,0,9
2017-09-12,19295.39,236,1,73.23,0.64,0.0,05:01:00,0.0,none,1013.44,clear-night,73.21,1,9
2017-09-13,17701.94,236,1,72.86,0.87,0.0045,16:00:00,0.0,rain,1011.47,cloudy,71.88,2,9
2017-09-14,18848.97,259,1,76.8,0.74,0.0,05:01:00,0.0,none,1011.96,partly-cloudy-night,76.01,3,9
2017-09-15,23891.76,300,1,76.28,0.76,0.0,05:01:00,0.0,none,1018.14,partly-cloudy-night,75.45,4,9
2017-09-16,22523.97,293,1,73.75,0.85,0.0,05:01:00,0.0,none,1020.62,partly-cloudy-night,72.79,5,9
2017-09-17,18574.45,280,1,72.94,0.82,0.0,05:01:00,0.0,none,1019.53,partly-cloudy-night,72.17,6,9
2017-09-18,16130.44,238,1,72.44,0.83,0.0,05:01:00,0.0,none,1018.97,partly-cloudy-night,71.66,0,9
2017-09-19,13213.17,180,0,71.75,0.83,0.0143,16:00:00,0.42,rain,1011.88,rain,71.04,1,9
2017-09-20,17877.5,238,1,76.82,0.7,0.0,05:01:00,0.0,none,1012.64,partly-cloudy-night,76.2,2,9
2017-09-21,17543.5,248,1,76.16,0.66,0.0,05:01:00,0.0,none,1016.06,partly-cloudy-night,75.79,3,9
2017-09-22,23849.97,294,1,76.73,0.54,0.0,05:01:00,0.0,none,1014.22,partly-cloudy-night,76.73,4,9
2017-09-23,22869.19,298,1,79.34,0.45,0.0,05:01:00,0.0,none,1016.71,clear-night,79.34,5,9
2017-09-24,21105.07,275,1,79.85,0.63,0.0,05:01:00,0.0,none,1017.0,clear-night,79.27,6,9
2017-09-25,16621.97,229,1,76.65,0.7,0.0,05:01:00,0.0,none,1017.18,clear-night,76.04,0,9
2017-09-26,15022.89,215,1,74.98,0.78,0.0,05:01:00,0.0,none,1015.29,clear-night,74.21,1,9
2017-09-27,17679.96,224,1,81.84,0.81,0.0,05:01:00,0.0,none,1008.96,partly-cloudy-night,78.77,2,9
2017-09-28,17033.1,245,1,68.08,0.49,0.0,05:01:00,0.0,none,1011.28,clear-night,68.08,3,9
2017-09-29,21847.5,293,1,62.42,0.57,0.0,05:01:00,0.0,none,1016.74,clear-night,62.42,4,9
2017-09-30,21402.44,277,1,56.63,0.74,0.0,15:00:00,0.0,none,1025.48,partly-cloudy-night,56.63,5,9
2017-10-01,18929.99,274,1,60.83,0.58,0.0,05:01:00,0.0,none,1025.77,clear-night,60.83,6,10
2017-10-02,15204.55,227,1,63.71,0.57,0.0,05:01:00,0.0,none,1030.77,clear-night,63.71,0,10
2017-10-03,17482.16,248,1,61.04,0.64,0.0,05:01:00,0.0,none,1035.47,clear-night,61.04,1,10
2017-10-04,16700.51,244,1,69.58,0.69,0.0,05:01:00,0.0,none,1023.59,clear-night,69.58,2,10
2017-10-05,19832.61,240,1,77.22,0.63,0.0028,23:00:00,0.0,rain,1017.44,partly-cloudy-night,76.85,3,10
2017-10-06,22079.16,293,1,72.01,0.79,0.0028,00:00:00,0.0,rain,1017.86,partly-cloudy-night,71.45,4,10
2017-10-07,20941.32,303,1,74.35,0.8,0.0,05:01:00,0.0,none,1017.57,partly-cloudy-night,73.55,5,10
2017-10-08,19543.23,271,1,77.13,0.87,0.0382,10:00:00,0.0,rain,1014.8,partly-cloudy-night,75.79,6,10
2017-10-09,11963.9,177,0,76.49,0.93,0.0719,14:00:00,0.26,rain,1011.43,cloudy,74.93,0,10
2017-10-10,20857.96,235,1,73.0,0.71,0.0,05:01:00,0.0,none,1018.64,clear-night,72.7,1,10
2017-10-11,16262.21,182,0,67.66,0.82,0.0035,19:00:00,0.38,rain,1020.72,rain,67.38,2,10
2017-10-12,17214.37,197,1,59.62,0.65,0.0179,05:00:00,0.0,rain,1028.38,partly-cloudy-night,59.62,3,10
2017-10-13,21080.36,297,1,63.0,0.8,0.0,05:01:00,0.0,none,1027.56,cloudy,63.0,4,10
2017-10-14,22069.9,295,1,68.93,0.83,0.0045,04:00:00,0.0,rain,1022.05,cloudy,68.48,5,10
2017-10-15,18960.73,251,1,69.74,0.8,0.0,09:00:00,0.0,none,1010.85,cloudy,69.33,6,10
2017-10-16,14182.99,182,0,53.92,0.56,0.0054,05:00:00,0.0,rain,1020.18,partly-cloudy-night,53.92,0,10
2017-10-17,12756.3,169,0,53.79,0.57,0.0,05:01:00,0.0,none,1025.23,clear-night,53.79,1,10
2017-10-18,17304.63,232,1,63.3,0.64,0.0,05:01:00,0.0,none,1025.18,clear-night,63.3,2,10
2017-10-19,18461.05,237,1,64.13,0.56,0.0,05:01:00,0.0,none,1018.98,clear-night,64.13,3,10
2017-10-20,20765.46,258,1,65.49,0.41,0.0,05:01:00,0.0,none,1021.09,clear-night,65.49,4,10
2017-10-21,23795.72,310,1,64.6,0.55,0.0,05:01:00,0.0,none,1027.42,clear-night,64.6,5,10
2017-10-22,19438.08,245,1,63.95,0.66,0.0,05:01:00,0.0,none,1028.28,clear-night,63.95,6,10
2017-10-23,19151.8,243,1,68.88,0.83,0.0,05:01:00,0.0,none,1019.07,cloudy,68.44,0,10
2017-10-24,13815.61,186,0,69.26,0.92,0.0734,15:00:00,0.23,rain,1008.45,cloudy,68.41,1,10
2017-10-25,16844.68,231,1,60.44,0.66,0.0008,01:00:00,0.0,none,1005.42,partly-cloudy-night,60.44,2,10
2017-10-26,18560.79,185,0,54.58,0.57,0.0002,13:00:00,0.0,none,1009.54,partly-cloudy-night,54.58,3,10
2017-10-27,18891.58,238,1,56.06,0.63,0.0,05:01:00,0.0,none,1019.15,clear-night,56.06,4,10
2017-10-28,23659.6,285,1,63.46,0.81,0.0,05:01:00,0.0,none,1013.4,partly-cloudy-night,63.46,5,10
2017-10-29,14239.55,188,0,65.62,0.95,0.3206,22:00:00,1.0,rain,993.26,rain,64.98,6,10
2017-10-30,13725.51,165,0,52.52,0.55,0.066,00:00:00,0.0,rain,1008.39,clear-night,52.52,0,10
2017-10-31,13040.32,185,0,50.68,0.49,0.0,05:01:00,0.0,none,1021.19,clear-night,50.68,1,10
2017-11-01,17678.12,179,0,53.95,0.7,0.0,05:01:00,0.0,none,1025.93,cloudy,53.95,2,11
2017-11-02,16444.2,225,1,65.98,0.8,0.0,05:01:00,0.0,none,1022.51,partly-cloudy-night,65.91,3,11
2017-11-03,21471.5,270,1,63.92,0.68,0.0,05:01:00,0.0,none,1018.66,partly-cloudy-night,63.92,4,11
2017-11-04,17404.57,215,0,51.0,0.7,0.0,05:01:00,0.0,none,1026.58,clear-night,51.0,5,11
2017-11-05,15577.17,197,0,59.8,0.94,0.0047,02:00:00,0.0,rain,1018.59,cloudy,59.7,6,11
2017-11-06,14282.8,179,0,55.48,0.74,0.0,10:00:00,0.0,none,1016.77,partly-cloudy-night,55.48,0,11
2017-11-07,12763.13,163,0,38.47,0.9,0.1053,19:00:00,0.99,rain,1021.84,rain,40.98,1,11
2017-11-08,15251.01,185,0,45.83,0.75,0.0169,00:00:00,0.0,rain,1025.12,cloudy,45.83,2,11
2017-11-09,16385.38,182,0,51.54,0.79,0.0005,00:00:00,0.0,none,1016.86,cloudy,51.54,3,11
2017-11-10,17368.44,195,0,20.6,0.42,0.001,01:00:00,0.0,rain,1031.9,clear-night,27.93,4,11
2017-11-11,15800.3,186,0,32.98,0.44,0.0,05:01:00,0.0,none,1034.36,clear-night,32.98,5,11
2017-11-12,14902.36,195,0,39.95,0.62,0.0,05:01:00,0.0,none,1029.81,partly-cloudy-night,39.95,6,11
2017-11-13,12977.0,166,0,41.59,0.78,0.0141,09:00:00,0.0,rain,1026.59,clear-night,41.59,0,11
2017-11-14,13953.13,161,0,42.56,0.74,0.0,05:01:00,0.0,none,1026.28,cloudy,42.56,1,11
2017-11-15,15811.91,186,0,47.29,0.7,0.0,05:01:00,0.0,none,1020.18,cloudy,47.29,2,11
2017-11-16,16681.98,180,0,44.55,0.62,0.0302,07:00:00,0.0,rain,1011.33,clear-night,47.73,3,11
2017-11-17,16040.23,179,0,40.84,0.42,0.0,05:01:00,0.0,none,1018.66,clear-night,40.84,4,11
2017-11-18,19629.02,211,0,48.08,0.87,0.0306,19:00:00,0.91,rain,1002.2,rain,48.08,5,11
2017-11-19,15032.04,208,0,42.93,0.53,0.0432,05:00:00,0.0,rain,1006.12,partly-cloudy-night,44.87,6,11
2017-11-20,14128.5,175,0,40.26,0.53,0.0,05:01:00,0.0,none,1019.7,clear-night,42.98,0,11
2017-11-21,15569.8,187,0,50.38,0.62,0.0,05:01:00,0.0,none,1017.73,clear-night,50.38,1,11
2017-11-22,16224.55,188,0,35.17,0.59,0.0356,09:00:00,0.0,rain,1017.22,partly-cloudy-night,40.31,2,11
2017-11-23,0.0,0,0,36.8,0.58,0.0,05:01:00,0.0,none,1016.83,partly-cloudy-night,36.8,3,11
2017-11-24,13427.24,187,0,43.9,0.58,0.0,05:01:00,0.0,none,1015.17,clear-night,43.9,4,11
2017-11-25,14833.24,206,0,52.61,0.56,0.0,05:01:00,0.0,none,1005.98,partly-cloudy-night,52.61,5,11
2017-11-26,13432.36,188,0,39.84,0.56,0.0,05:01:00,0.0,none,1015.62,clear-night,39.84,6,11
2017-11-27,12881.51,175,0,43.92,0.5,0.0,05:01:00,0.0,none,1022.93,clear-night,43.92,0,11
2017-11-28,14999.48,136,0,49.17,0.79,0.0,05:01:00,0.0,none,1025.57,clear-night,49.71,1,11
2017-11-29,15724.67,172,0,47.47,0.45,0.0,05:01:00,0.0,none,1025.0,clear-night,48.87,2,11
2017-11-30,12896.5,171,0,46.68,0.81,0.0088,00:00:00,0.0,rain,1018.06,partly-cloudy-night,46.68,3,11
2017-12-01,15511.27,173,0,43.64,0.61,0.0088,00:00:00,0.0,rain,1024.93,clear-night,43.64,4,12
2017-12-02,18556.11,222,0,42.72,0.69,0.0,05:01:00,0.0,none,1024.06,partly-cloudy-night,42.72,5,12
2017-12-03,15865.48,202,0,43.22,0.82,0.0,05:01:00,0.0,none,1024.31,partly-cloudy-night,43.22,6,12
2017-12-04,19433.48,175,0,46.98,0.77,0.0,05:01:00,0.0,none,1030.05,partly-cloudy-night,46.98,0,12
2017-12-05,14639.21,155,0,57.96,0.92,0.0694,22:00:00,0.49,rain,1013.23,rain,57.96,1,12
2017-12-06,14597.31,178,0,38.49,0.45,0.0329,00:00:00,0.0,rain,1016.32,partly-cloudy-night,40.76,2,12
2017-12-07,20422.05,169,0,38.35,0.5,0.0,05:01:00,0.0,none,1016.19,partly-cloudy-night,40.27,3,12
2017-12-08,17726.06,201,0,36.26,0.5,0.0,05:01:00,0.0,none,1016.69,partly-cloudy-night,36.26,4,12
2017-12-09,15744.28,209,0,31.21,0.92,0.0004,16:00:00,0.0,snow,1006.77,cloudy,31.21,5,12
2017-12-10,14365.0,190,0,31.96,0.62,0.0221,13:00:00,0.0,rain,1016.18,partly-cloudy-night,35.64,6,12
2017-12-11,12052.75,168,0,36.07,0.61,0.0028,13:00:00,0.0,rain,1016.44,partly-cloudy-night,36.07,0,12
2017-12-12,14517.97,161,0,32.84,0.71,0.0012,14:00:00,0.0,rain,997.86,cloudy,38.51,1,12
2017-12-13,15496.48,173,0,20.67,0.45,0.0,05:01:00,0.0,none,1005.13,clear-night,27.32,2,12
2017-12-14,14323.89,179,0,20.26,0.5,0.0044,13:00:00,0.0,snow,1017.07,clear-night,25.62,3,12
2017-12-15,17763.8,197,0,24.05,0.87,0.0002,18:00:00,0.0,none,1013.28,cloudy,24.05,4,12
2017-12-16,15935.17,202,0,37.39,0.65,0.0054,14:00:00,0.0,rain,1019.96,cloudy,37.39,5,12
2017-12-17,16267.0,213,0,34.77,0.7,0.0016,14:00:00,0.0,rain,1025.15,partly-cloudy-night,34.77,6,12
2017-12-18,14395.6,170,0,44.32,0.72,0.0006,03:00:00,0.0,rain,1014.99,cloudy,44.32,0,12
2017-12-19,16609.84,193,0,51.62,0.58,0.0,05:01:00,0.0,none,1007.98,clear-night,51.62,1,12
2017-12-20,17182.14,171,0,33.96,0.48,0.0,05:01:00,0.0,none,1016.38,clear-night,37.21,2,12
2017-12-21,17355.11,195,0,36.7,0.49,0.0,05:01:00,0.0,none,1025.06,partly-cloudy-night,36.7,3,12
2017-12-22,18221.14,156,0,43.79,0.78,0.0,05:01:00,0.0,none,1020.96,cloudy,43.79,4,12
2017-12-23,15586.86,206,0,45.43,0.93,0.0766,13:00:00,0.97,rain,1007.61,rain,46.77,5,12
2017-12-24,0.0,0,0,34.82,0.67,0.0028,00:00:00,0.0,rain,1018.31,cloudy,38.13,6,12
2017-12-25,0.0,0,0,22.73,0.47,0.0189,05:00:00,0.0,rain,1021.05,partly-cloudy-night,30.38,0,12
2017-12-26,14696.17,185,0,24.33,0.46,0.0,05:01:00,0.0,none,1030.84,clear-night,24.33,1,12
2017-12-27,13799.65,192,0,12.86,0.43,0.0,05:01:00,0.0,none,1033.11,clear-night,20.21,2,12
2017-12-28,16099.48,201,0,5.35,0.43,0.0,05:01:00,0.0,none,1033.04,clear-night,14.88,3,12
2017-12-29,15889.64,208,0,12.52,0.53,0.0,05:01:00,0.0,none,1025.5,clear-night,18.42,4,12
2017-12-30,14915.91,203,0,20.19,0.77,0.0,05:01:00,0.0,none,1015.58,clear-night,20.19,5,12
2017-12-31,16199.59,201,0,2.33,0.53,0.0,05:01:00,0.0,none,1026.88,clear-night,11.63,6,12
2018-01-01,381.0,0,0,16.02,0.46,0.0,05:01:00,0.0,none,1028.5,clear-night,16.02,0,1
2018-01-02,11591.75,163,0,13.67,0.55,0.0,05:01:00,0.0,none,1027.49,clear-night,21.33,1,1
2018-01-03,12052.11,156,0,25.05,0.54,0.0,05:01:00,0.0,none,1021.1,partly-cloudy-night,25.05,2,1
2018-01-04,12296.98,172,0,13.26,0.75,0.0004,12:00:00,0.0,snow,996.53,partly-cloudy-night,24.01,3,1
2018-01-05,15831.14,182,0,1.39,0.42,0.0,05:01:00,0.0,none,1015.4,clear-night,13.38,4,1
2018-01-06,17706.94,203,0,-1.65,0.42,0.0,05:01:00,0.0,none,1028.69,clear-night,9.16,5,1
2018-01-07,12013.59,174,0,10.84,0.49,0.0,05:01:00,0.0,none,1031.55,partly-cloudy-night,17.27,6,1
2018-01-08,10950.13,156,0,25.31,0.76,0.0,05:01:00,0.0,none,1019.12,cloudy,29.33,0,1
2018-01-09,13713.21,183,0,36.7,0.57,0.0044,13:00:00,0.0,rain,1026.36,clear-night,36.7,1,1
2018-01-10,13153.22,178,0,36.25,0.76,0.0,05:01:00,0.0,none,1031.24,cloudy,36.25,2,1
2018-01-11,13591.3,171,0,42.89,0.89,0.0,05:01:00,0.0,none,1025.48,clear-night,42.89,3,1
2018-01-12,15769.51,195,0,56.77,0.95,0.1344,16:00:00,0.68,rain,1005.95,rain,56.77,4,1
2018-01-13,15649.11,205,0,15.25,0.58,0.0356,04:00:00,0.0,rain,1024.44,clear-night,23.83,5,1
2018-01-14,14887.05,193,0,12.59,0.43,0.0,05:01:00,0.0,none,1038.51,clear-night,19.64,6,1
2018-01-15,14474.18,181,0,25.81,0.72,0.0,05:01:00,0.0,none,1034.38,clear-night,25.81,0,1
2018-01-16,12975.52,174,0,33.43,0.81,0.0,05:01:00,0.0,none,1029.68,cloudy,33.43,1,1
2018-01-17,13090.01,181,0,19.35,0.72,0.0087,07:00:00,0.0,snow,1022.16,partly-cloudy-night,25.89,2,1
2018-01-18,12896.48,152,0,27.91,0.57,0.0,05:01:00,0.0,none,1017.3,clear-night,27.91,3,1
2018-01-19,14100.47,179,0,34.16,0.58,0.0004,15:00:00,0.0,none,1015.8,clear-night,34.16,4,1
2018-01-20,16153.19,197,0,44.62,0.55,0.0022,11:00:00,0.0,rain,1015.82,partly-cloudy-night,44.62,5,1
2018-01-21,13986.0,188,0,45.02,0.65,0.0,05:01:00,0.0,none,1022.01,cloudy,45.02,6,1
2018-01-22,13145.0,179,0,39.64,0.89,0.0007,03:00:00,0.0,rain,1020.67,cloudy,41.2,0,1
2018-01-23,13383.92,175,0,46.74,0.63,0.0646,08:00:00,0.0,rain,1004.55,partly-cloudy-night,49.2,1,1
2018-01-24,14668.75,187,0,25.71,0.56,0.0,05:01:00,0.0,none,1019.32,clear-night,31.9,2,1
2018-01-25,14697.44,180,0,30.05,0.33,0.0,05:01:00,0.0,none,1033.78,clear-night,30.05,3,1
2018-01-26,15793.57,193,0,32.65,0.62,0.0,05:01:00,0.0,none,1038.2,clear-night,32.65,4,1
2018-01-27,18097.83,208,0,52.24,0.66,0.0,05:01:00,0.0,none,1026.02,partly-cloudy-night,52.24,5,1
2018-01-28,15762.86,217,0,44.82,0.78,0.0272,07:00:00,0.0,rain,1024.22,partly-cloudy-night,44.82,6,1
2018-01-29,13543.61,179,0,36.55,0.65,0.0,05:01:00,0.0,none,1017.94,cloudy,40.11,0,1
2018-01-30,12223.45,159,0,20.54,0.57,0.0054,13:00:00,0.0,snow,1019.15,cloudy,28.44,1,1
2018-01-31,14233.5,175,0,25.57,0.51,0.0,05:01:00,0.0,none,1018.89,partly-cloudy-night,30.69,2,1
2018-02-01,15137.0,168,0,40.85,0.72,0.0185,00:00:00,0.16,rain,1013.05,cloudy,40.85,3,2
2018-02-02,16261.74,167,0,9.79,0.45,0.0463,02:00:00,0.0,rain,1024.98,partly-cloudy-night,19.97,4,2
2018-02-03,17275.07,206,0,23.41,0.49,0.0,05:01:00,0.0,none,1028.93,clear-night,28.78,5,2
2018-02-04,0.0,0,0,40.8,0.93,0.1461,22:00:00,1.0,rain,1009.06,rain,40.8,6,2
2018-02-05,13081.65,167,0,27.82,0.48,0.0232,00:00:00,0.0,rain,1024.86,clear-night,27.82,0,2
2018-02-06,12446.82,155,0,31.52,0.67,0.0,05:01:00,0.0,none,1031.47,clear-night,31.52,1,2
2018-02-07,11371.75,141,0,37.76,0.91,0.0895,19:00:00,0.95,rain,1013.33,rain,40.45,2,2
2018-02-08,16081.5,173,0,28.37,0.57,0.0002,00:00:00,0.0,none,1030.14,partly-cloudy-night,28.37,3,2
2018-02-09,18509.32,204,0,34.49,0.71,0.0,05:01:00,0.0,none,1031.5,partly-cloudy-night,34.49,4,2
2018-02-10,16519.23,199,0,43.36,0.93,0.0848,20:00:00,0.98,rain,1018.71,rain,43.36,5,2
2018-02-11,15937.24,198,0,52.78,0.94,0.0955,10:00:00,0.38,rain,1011.84,rain,52.78,6,2
2018-02-12,16637.84,195,0,36.01,0.4,0.0,00:00:00,0.0,none,1034.94,clear-night,38.67,0,2
2018-02-13,13032.24,176,0,31.71,0.66,0.0,05:01:00,0.0,none,1039.82,partly-cloudy-night,31.71,1,2
2018-02-14,15317.94,185,0,47.04,0.71,0.0209,00:00:00,0.0,rain,1020.05,partly-cloudy-night,47.04,2,2
2018-02-15,14609.26,192,0,54.32,0.84,0.0255,00:00:00,0.0,rain,1007.39,partly-cloudy-night,54.32,3,2
2018-02-16,15764.83,191,0,37.39,0.62,0.0255,00:00:00,0.0,rain,1014.32,partly-cloudy-night,42.43,4,2
2018-02-17,15503.48,199,0,33.21,0.89,0.0066,20:00:00,0.15,snow,1022.26,fog,33.21,5,2
2018-02-18,17442.63,223,0,37.32,0.64,0.0666,13:00:00,0.0,rain,1031.99,clear-night,37.32,6,2
2018-02-19,13704.0,179,0,44.78,0.92,0.0114,21:00:00,0.66,rain,1028.03,rain,44.78,0,2
2018-02-20,12742.07,160,0,58.48,0.8,0.0006,00:00:00,0.0,none,1026.56,partly-cloudy-night,58.48,1,2
2018-02-21,13869.01,181,0,68.37,0.7,0.0127,22:00:00,0.1,rain,1025.3,partly-cloudy-night,68.37,2,2
2018-02-22,15877.63,173,0,35.0,0.9,0.0415,17:00:00,0.39,rain,1037.32,rain,37.76,3,2
2018-02-23,13772.15,178,0,39.2,0.94,0.0254,19:00:00,0.71,rain,1026.2,rain,39.2,4,2
2018-02-24,21976.76,206,0,45.85,0.9,0.0186,17:00:00,0.44,rain,1022.43,rain,45.85,5,2
2018-02-25,13971.81,193,0,42.95,0.93,0.136,07:00:00,0.0,rain,1016.07,cloudy,42.95,6,2
2018-02-26,17876.87,166,0,45.29,0.54,0.0,05:01:00,0.0,none,1022.7,clear-night,45.29,0,2
2018-02-27,14237.64,170,0,46.23,0.52,0.0,05:01:00,0.0,none,1024.85,clear-night,46.23,1,2
2018-02-28,12150.94,162,0,52.77,0.57,0.0,05:01:00,0.0,none,1012.52,clear-night,52.77,2,2
2018-03-01,13980.8,176,0,51.71,0.67,0.119,23:00:00,0.0,rain,1004.34,cloudy,51.71,3,3
2018-03-02,15440.15,182,0,26.41,0.89,0.1647,04:00:00,0.74,rain,1003.01,sleet,34.77,4,3
2018-03-03,18356.16,212,0,36.22,0.67,0.0021,11:00:00,0.0,rain,1019.16,cloudy,41.23,5,3
2018-03-04,14259.57,187,0,31.79,0.49,0.0,05:01:00,0.0,none,1019.57,partly-cloudy-night,37.42,6,3
2018-03-05,13305.0,169,0,35.54,0.6,0.0,05:01:00,0.0,none,1018.69,partly-cloudy-night,38.42,0,3
2018-03-06,12088.94,160,0,36.18,0.68,0.0,05:01:00,0.0,none,1015.58,partly-cloudy-night,39.51,1,3
2018-03-07,13685.18,162,0,29.36,0.94,0.0343,13:00:00,0.69,snow,1002.85,snow,33.28,2,3
2018-03-08,14277.66,163,0,36.18,0.62,0.052,13:00:00,0.22,rain,1006.95,cloudy,36.18,3,3
2018-03-09,18137.11,187,0,32.9,0.57,0.0109,13:00:00,0.0,rain,1009.8,partly-cloudy-night,37.69,4,3
2018-03-10,19734.19,191,0,34.46,0.5,0.0007,14:00:00,0.0,rain,1016.21,cloudy,37.85,5,3
2018-03-11,14177.67,192,0,40.73,0.48,0.0,05:01:00,0.0,none,1018.39,clear-night,40.73,6,3
2018-03-12,12434.9,167,0,36.79,0.61,0.0074,00:00:00,0.0,rain,1010.4,cloudy,40.71,0,3
2018-03-13,13097.63,178,0,31.21,0.55,0.0156,13:00:00,0.0,snow,1005.83,partly-cloudy-night,36.76,1,3
2018-03-14,13295.0,167,0,29.4,0.71,0.0,05:01:00,0.0,none,1000.52,cloudy,35.51,2,3
2018-03-15,13203.02,184,0,36.87,0.6,0.0,05:01:00,0.0,none,1001.42,partly-cloudy-night,40.88,3,3
2018-03-16,15502.47,184,0,27.92,0.45,0.0,05:01:00,0.0,none,1011.61,clear-night,34.26,4,3
2018-03-17,17215.66,205,0,42.8,0.32,0.0,05:01:00,0.0,none,1006.42,clear-night,44.94,5,3
2018-03-18,14037.34,185,0,40.69,0.3,0.0,05:01:00,0.0,none,1012.85,clear-night,40.69,6,3
2018-03-19,13587.97,192,0,41.51,0.27,0.0,05:01:00,0.0,none,1014.15,clear-night,41.51,0,3
2018-03-20,13245.02,173,0,34.26,0.47,0.0,05:01:00,0.0,none,1010.22,cloudy,37.34,1,3
2018-03-21,13036.93,164,0,28.41,0.92,0.0052,15:00:00,0.42,snow,1004.64,snow,32.07,2,3
2018-03-22,14031.82,169,0,43.41,0.43,0.0979,13:00:00,0.0,rain,1012.01,partly-cloudy-night,46.03,3,3
2018-03-23,16848.58,203,0,41.83,0.47,0.0,05:01:00,0.0,none,1016.43,cloudy,44.54,4,3
2018-03-24,17664.66,223,0,45.46,0.35,0.0,05:01:00,0.0,none,1018.12,partly-cloudy-night,45.46,5,3
2018-03-25,14533.32,198,0,40.34,0.53,0.0,05:01:00,0.0,none,1033.05,partly-cloudy-night,40.34,6,3
2018-03-26,12464.67,168,0,41.06,0.57,0.0,05:01:00,0.0,none,1038.68,clear-night,41.06,0,3
2018-03-27,13446.0,169,0,40.35,0.5,0.0009,00:00:00,0.0,none,1025.98,cloudy,40.35,1,3
2018-03-28,13819.49,148,0,48.76,0.76,0.0138,06:00:00,0.0,rain,1016.55,cloudy,48.76,2,3
2018-03-29,14182.87,193,0,48.6,0.92,0.007,11:00:00,0.0,rain,1013.31,fog,48.6,3,3
2018-03-30,14656.24,172,0,46.76,0.69,0.014,18:00:00,0.36,rain,1011.37,rain,49.21,4,3
2018-03-31,15249.67,202,0,45.2,0.43,0.0,05:01:00,0.0,none,1021.03,clear-night,47.85,5,3
2018-04-01,15046.22,225,1,51.23,0.41,0.0,05:01:00,0.0,none,1016.79,partly-cloudy-night,51.23,6,4
2018-04-02,12480.72,168,0,39.92,0.71,0.0747,15:00:00,0.22,rain,1020.5,partly-cloudy-night,39.92,0,4
2018-04-03,13825.48,171,0,40.36,0.93,0.0478,13:00:00,0.64,rain,1013.94,rain,40.36,1,4
2018-04-04,14518.67,173,0,43.65,0.38,0.0217,14:00:00,0.0,rain,1004.51,partly-cloudy-night,48.15,2,4
2018-04-05,12431.53,179,0,37.9,0.33,0.0,05:01:00,0.0,none,1018.91,partly-cloudy-night,41.47,3,4
2018-04-06,18609.07,254,1,57.51,0.44,0.0197,11:00:00,0.0,rain,1005.59,partly-cloudy-night,57.51,4,4
2018-04-07,19217.6,247,1,42.98,0.34,0.0,05:01:00,0.0,none,1012.49,cloudy,44.22,5,4
2018-04-08,16561.0,214,0,34.73,0.37,0.0,05:01:00,0.0,none,1014.47,partly-cloudy-night,39.12,6,4
2018-04-09,12958.0,178,0,39.6,0.54,0.0,05:01:00,0.0,none,1021.38,cloudy,41.9,0,4
2018-04-10,14129.44,180,0,42.2,0.39,0.0026,05:00:00,0.0,rain,1020.63,partly-cloudy-night,45.77,1,4
2018-04-11,16995.75,191,1,45.22,0.55,0.0,05:01:00,0.0,none,1018.54,partly-cloudy-night,46.08,2,4
2018-04-12,16146.57,206,1,55.9,0.62,0.0,05:01:00,0.0,none,1010.79,partly-cloudy-night,55.9,3,4
2018-04-13,22190.31,274,1,73.24,0.38,0.0,05:01:00,0.0,none,1010.56,partly-cloudy-night,73.24,4,4
2018-04-14,19757.77,262,1,54.39,0.72,0.0,05:01:00,0.0,none,1017.66,partly-cloudy-night,54.39,5,4
2018-04-15,14469.12,184,0,32.12,0.88,0.0543,21:00:00,0.77,rain,1023.52,rain,38.18,6,4
2018-04-16,18279.83,168,1,52.11,0.75,0.3883,10:00:00,0.0,rain,998.88,cloudy,52.11,0,4
2018-04-17,12857.1,182,0,37.23,0.64,0.0,05:01:00,0.0,none,1005.44,cloudy,41.27,1,4
2018-04-18,16056.62,193,1,50.93,0.47,0.0,05:01:00,0.0,none,1008.68,clear-day,50.93,2,4
2018-04-19,14159.5,166,0,39.42,0.53,0.0296,15:00:00,0.0,rain,1012.25,partly-cloudy-day,43.75,3,4
2018-04-20,16106.5,203,1,40.89,0.47,0.0,05:01:00,0.0,none,1025.83,clear-day,44.79,4,4
2018-04-21,24282.07,265,1,57.78,0.28,0.0,05:01:00,0.0,none,1025.62,partly-cloudy-day,57.78,5,4
2018-04-22,19158.62,214,1,56.17,0.34,0.0,05:01:00,0.0,none,1027.53,clear-day,56.17,6,4
2018-04-23,13654.19,181,1,54.14,0.53,0.0,05:01:00,0.0,none,1030.56,clear-day,54.14,0,4
2018-04-24,12074.46,165,1,56.87,0.6,0.0129,00:00:00,0.0,rain,1023.71,cloudy,56.87,1,4
2018-04-25,14522.48,175,0,56.42,0.94,0.0759,08:00:00,0.0,rain,1004.59,fog,56.42,2,4
2018-04-26,20257.34,263,1,65.94,0.44,0.0153,02:00:00,0.0,rain,1009.21,clear-day,65.94,3,4
2018-04-27,15425.84,193,0,51.72,0.92,0.0202,12:00:00,0.0,rain,1007.17,cloudy,51.72,4,4
2018-04-28,20763.16,259,1,58.2,0.76,0.0523,21:00:00,0.2,rain,1008.44,partly-cloudy-day,58.2,5,4
2018-04-29,16604.26,238,1,50.21,0.55,0.0118,04:00:00,0.0,rain,1014.97,partly-cloudy-day,50.21,6,4
2018-04-30,15611.31,192,0,47.76,0.75,0.004,19:00:00,0.34,rain,1016.63,rain,48.46,0,4
2018-05-01,16284.51,216,1,75.87,0.23,0.0,05:01:00,0.0,none,1016.47,partly-cloudy-day,75.87,1,5
2018-05-02,20521.94,256,1,84.18,0.24,0.0,05:01:00,0.0,none,1014.45,partly-cloudy-day,84.18,2,5
2018-05-03,16630.77,225,1,81.33,0.56,0.0257,20:00:00,0.29,rain,1013.38,partly-cloudy-day,79.98,3,5
2018-05-04,21375.9,268,1,82.07,0.51,0.0008,00:00:00,0.0,rain,1007.93,partly-cloudy-day,81.18,4,5
2018-05-05,20346.1,276,1,67.78,0.45,0.0,05:01:00,0.0,none,1018.27,partly-cloudy-day,67.78,5,5
2018-05-06,15222.5,227,1,60.36,0.7,0.0043,10:00:00,0.0,rain,1011.77,cloudy,60.36,6,5
2018-05-07,17844.81,241,1,64.23,0.64,0.0,05:01:00,0.0,none,1019.73,partly-cloudy-day,64.23,0,5
2018-05-08,16582.43,235,1,63.17,0.61,0.0,05:01:00,0.0,none,1022.66,clear-day,63.17,1,5
2018-05-09,15513.94,214,1,64.77,0.52,0.0,05:01:00,0.0,none,1018.66,clear-day,64.77,2,5
2018-05-10,19005.0,220,1,64.74,0.72,0.064,22:00:00,0.0,rain,1009.07,partly-cloudy-day,64.74,3,5
2018-05-11,22731.73,267,1,69.03,0.3,0.0027,00:00:00,0.0,rain,1017.43,partly-cloudy-day,69.03,4,5
2018-05-12,16979.94,196,0,54.77,0.91,0.0413,06:00:00,0.87,rain,1017.87,rain,54.77,5,5
2018-05-13,13837.93,194,0,53.19,0.89,0.0449,14:00:00,0.0,rain,1019.62,cloudy,53.19,6,5
2018-05-14,19629.08,253,1,64.2,0.79,0.0112,02:00:00,0.0,rain,1013.63,partly-cloudy-day,64.2,0,5
2018-05-15,12929.73,159,0,67.27,0.92,0.1227,18:00:00,0.99,rain,1011.55,rain,66.58,1,5
2018-05-16,18678.09,175,0,57.78,0.93,0.0487,15:00:00,0.96,rain,1018.54,rain,57.78,2,5
2018-05-17,21654.0,241,1,69.32,0.84,0.0617,07:00:00,0.0,rain,1017.42,partly-cloudy-day,68.77,3,5
2018-05-18,23487.87,260,1,58.99,0.52,0.0,05:01:00,0.0,none,1027.35,cloudy,58.99,4,5
2018-05-19,18021.24,224,0,55.82,0.97,0.0839,14:00:00,0.16,rain,1019.46,fog,55.82,5,5
2018-05-20,20117.6,298,1,74.18,0.61,0.002,03:00:00,0.0,rain,1015.13,partly-cloudy-day,74.18,6,5
2018-05-21,19446.0,270,1,69.6,0.49,0.0,05:01:00,0.0,none,1020.8,clear-day,69.6,0,5
2018-05-22,16704.53,176,0,57.99,0.92,0.1001,16:00:00,0.0,rain,1016.59,cloudy,57.99,1,5
2018-05-23,18860.14,257,1,78.7,0.38,0.1069,04:00:00,0.0,rain,1014.04,clear-day,78.7,2,5
2018-05-24,19747.75,251,1,76.35,0.33,0.0,05:01:00,0.0,none,1018.11,clear-day,76.35,3,5
2018-05-25,21825.5,297,1,82.51,0.41,0.0,05:01:00,0.0,none,1010.05,clear-day,82.51,4,5
2018-05-26,19334.18,272,1,83.63,0.56,0.0,05:01:00,0.0,none,1009.26,partly-cloudy-day,81.96,5,5
2018-05-27,19427.08,234,1,59.11,0.82,0.0916,09:00:00,0.0,rain,1017.92,cloudy,59.11,6,5
2018-05-28,17146.93,239,1,64.44,0.76,0.0,05:01:00,0.0,none,1016.79,cloudy,64.44,0,5
2018-05-29,17720.8,244,1,82.8,0.58,0.0,05:01:00,0.0,none,1014.79,partly-cloudy-day,81.02,1,5
2018-05-30,16912.06,218,1,63.22,0.79,0.0,05:01:00,0.0,none,1019.77,partly-cloudy-day,63.22,2,5
2018-05-31,14630.36,166,0,67.34,0.95,0.006,14:00:00,0.0,rain,1014.02,cloudy,66.52,3,5
2018-06-01,19551.05,262,1,76.82,0.79,0.0116,06:00:00,0.0,rain,1007.01,partly-cloudy-day,75.81,4,6
2018-06-02,20075.91,251,1,79.48,0.63,0.0206,01:00:00,0.0,rain,1008.45,partly-cloudy-day,78.92,5,6
2018-06-03,16704.33,250,1,58.45,0.71,0.0519,00:00:00,0.0,rain,1014.48,partly-cloudy-day,58.45,6,6
2018-06-04,16769.17,221,1,67.7,0.68,0.0869,01:00:00,0.0,rain,1005.5,partly-cloudy-day,67.7,0,6
2018-06-05,18104.52,232,1,70.55,0.51,0.0,05:01:00,0.0,none,1003.96,partly-cloudy-day,70.55,1,6
2018-06-06,16055.22,225,1,63.08,0.7,0.0,05:01:00,0.0,none,1014.38,cloudy,63.08,2,6
2018-06-07,18901.44,240,1,64.37,0.68,0.0,05:01:00,0.0,none,1019.72,clear-day,64.37,3,6
2018-06-08,21328.43,251,1,79.21,0.5,0.0,05:01:00,0.0,none,1018.32,partly-cloudy-day,79.21,4,6
2018-06-09,22155.93,288,1,72.87,0.55,0.0,05:01:00,0.0,none,1017.94,partly-cloudy-day,72.87,5,6
2018-06-10,15181.83,205,0,63.74,0.7,0.0012,00:00:00,0.0,rain,1016.3,cloudy,63.74,6,6
2018-06-11,16658.19,226,1,64.79,0.47,0.0064,01:00:00,0.0,rain,1019.89,partly-cloudy-day,64.79,0,6
2018-06-12,18436.7,245,1,67.77,0.52,0.0,05:01:00,0.0,none,1019.71,clear-day,67.77,1,6
2018-06-13,18510.18,242,1,77.49,0.73,0.0124,14:00:00,0.0,rain,1008.52,partly-cloudy-day,76.67,2,6
2018-06-14,19769.98,269,1,80.7,0.3,0.0021,01:00:00,0.0,rain,1008.2,clear-day,80.7,3,6
2018-06-15,21247.76,246,1,73.13,0.48,0.0,05:01:00,0.0,none,1014.36,partly-cloudy-day,73.13,4,6
2018-06-16,21834.46,275,1,78.17,0.41,0.0,05:01:00,0.0,none,1015.33,partly-cloudy-day,78.17,5,6
2018-06-17,18720.02,271,1,81.18,0.43,0.0,05:01:00,0.0,none,1017.77,clear-day,81.18,6,6
2018-06-18,15238.61,220,1,92.45,0.57,0.057,21:00:00,0.0,rain,1008.56,partly-cloudy-day,87.26,0,6
2018-06-19,19066.09,247,1,83.64,0.32,0.0108,03:00:00,0.0,rain,1009.05,clear-day,83.64,1,6
2018-06-20,17807.35,239,1,76.01,0.66,0.0,05:01:00,0.0,none,1008.34,partly-cloudy-day,75.63,2,6
2018-06-21,20054.76,231,1,79.61,0.49,0.0701,02:00:00,0.0,rain,1008.1,partly-cloudy-day,79.61,3,6
2018-06-22,23974.74,252,1,67.73,0.75,0.0109,00:00:00,0.0,none,1015.92,clear-day,67.73,4,6
2018-06-23,21335.83,257,1,66.68,0.84,0.0134,01:00:00,0.0,none,1009.84,cloudy,66.38,5,6
2018-06-24,18088.94,255,1,84.2,0.55,0.0148,21:00:00,0.0,none,1007.76,partly-cloudy-day,82.45,6,6
2018-06-25,18901.46,271,1,77.59,0.33,0.0,05:01:00,0.0,none,1018.49,partly-cloudy-day,77.59,0,6
2018-06-26,17697.73,249,1,72.29,0.64,0.0,05:01:00,0.0,none,1022.18,partly-cloudy-day,72.29,1,6
2018-06-27,14848.95,199,1,70.89,0.75,0.0017,20:00:00,0.08,rain,1014.26,cloudy,70.62,2,6
2018-06-28,18233.31,223,1,79.28,0.8,0.0831,07:00:00,0.12,none,1008.42,partly-cloudy-day,78.02,3,6
2018-06-29,20554.35,265,1,86.85,0.39,0.0,05:01:00,0.0,none,1014.31,partly-cloudy-day,86.85,4,6
2018-06-30,21052.63,266,1,90.84,0.44,0.0,05:01:00,0.0,none,1015.92,clear-day,89.23,5,6
2018-07-01,19125.53,280,1,96.24,0.53,0.0,05:01:00,0.0,none,1015.36,partly-cloudy-day,90.11,6,7
2018-07-02,19309.07,265,1,90.05,0.64,0.0,05:01:00,0.0,none,1017.38,clear-day,84.81,0,7
2018-07-03,17903.76,237,1,81.37,0.86,0.5709,17:00:00,0.1,rain,1022.24,partly-cloudy-day,78.43,1,7
2018-07-04,17014.13,261,1,83.32,0.77,0.0039,18:00:00,0.0,rain,1025.56,partly-cloudy-day,79.73,2,7
2018-07-05,17429.53,255,1,90.48,0.75,0.0,05:01:00,0.0,none,1021.05,partly-cloudy-day,83.23,3,7
2018-07-06,17613.89,246,1,81.21,0.51,0.1566,06:00:00,0.0,rain,1016.93,partly-cloudy-day,80.38,4,7
2018-07-07,20770.03,277,1,70.27,0.49,0.0,05:01:00,0.0,none,1026.38,clear-day,70.27,5,7
2018-07-08,19662.42,272,1,75.33,0.45,0.0,05:01:00,0.0,none,1026.0,clear-day,75.33,6,7
2018-07-09,19864.91,264,1,79.89,0.54,0.0,05:01:00,0.0,none,1018.04,clear-day,79.7,0,7
2018-07-10,17776.0,235,1,87.91,0.44,0.0,05:01:00,0.0,none,1010.0,clear-day,87.23,1,7
2018-07-11,20568.22,260,1,77.85,0.68,0.0114,19:00:00,0.0,rain,1014.91,partly-cloudy-day,77.25,2,7
2018-07-12,18466.52,242,1,76.56,0.55,0.0127,09:00:00,0.0,rain,1022.29,partly-cloudy-day,76.56,3,7
2018-07-13,18420.84,245,1,78.7,0.48,0.0001,13:00:00,0.0,none,1021.44,clear-day,78.7,4,7
2018-07-14,20962.87,296,1,86.94,0.45,0.0,05:01:00,0.0,none,1015.72,partly-cloudy-day,86.34,5,7
2018-07-15,19200.45,250,1,84.36,0.64,0.0879,05:00:00,0.0,rain,1014.02,partly-cloudy-day,81.48,6,7
2018-07-16,17532.43,231,1,88.7,0.67,0.0021,23:00:00,0.0,rain,1012.52,partly-cloudy-day,83.52,0,7
2018-07-17,13153.74,165,0,73.55,0.95,0.2116,16:00:00,0.49,rain,1010.19,rain,72.19,1,7
2018-07-18,18395.94,247,1,81.99,0.34,0.0037,00:00:00,0.0,rain,1012.61,clear-day,81.99,2,7
2018-07-19,20136.22,235,1,77.1,0.46,0.0,05:01:00,0.0,none,1018.37,clear-day,77.1,3,7
2018-07-20,19032.37,258,1,75.15,0.53,0.0011,16:00:00,0.0,none,1020.0,partly-cloudy-day,75.15,4,7
2018-07-21,18651.66,227,1,71.07,0.71,0.1045,00:00:00,0.19,rain,1014.97,cloudy,70.96,5,7
2018-07-22,14591.49,189,0,75.94,0.95,0.1722,02:00:00,0.84,rain,1015.06,rain,74.33,6,7
2018-07-23,16599.2,232,1,79.53,0.83,0.089,07:00:00,0.0,rain,1020.54,cloudy,78.11,0,7
2018-07-24,18471.5,246,1,81.99,0.82,0.007,08:00:00,0.04,rain,1019.95,partly-cloudy-day,78.83,1,7
2018-07-25,13308.51,171,0,76.63,0.94,0.1379,07:00:00,0.68,rain,1012.7,rain,75.01,2,7
2018-07-26,19037.19,242,1,88.0,0.61,0.0223,00:00:00,0.0,rain,1011.62,partly-cloudy-day,84.09,3,7
2018-07-27,13722.27,169,0,75.87,0.85,0.1009,18:00:00,0.44,rain,1015.28,rain,74.71,4,7
2018-07-28,23515.34,292,1,83.99,0.7,0.0122,13:00:00,0.0,rain,1014.27,partly-cloudy-day,80.65,5,7
2018-07-29,17437.0,254,1,80.92,0.51,0.0002,00:00:00,0.0,none,1018.32,partly-cloudy-day,80.04,6,7
2018-07-30,14636.92,218,1,75.55,0.74,0.0004,18:00:00,0.0,none,1020.45,partly-cloudy-day,74.86,0,7
2018-07-31,16954.35,220,1,76.22,0.67,0.0,05:01:00,0.0,none,1019.61,partly-cloudy-day,75.8,1,7
2018-08-01,16807.44,229,1,89.69,0.68,0.0818,14:00:00,0.0,rain,1015.65,partly-cloudy-day,83.96,2,8
2018-08-02,18051.46,242,1,86.63,0.75,0.0541,17:00:00,0.05,rain,1018.52,partly-cloudy-day,81.55,3,8
2018-08-03,18817.99,265,1,81.74,0.83,0.1025,16:00:00,0.0,rain,1019.78,partly-cloudy-day,78.67,4,8
2018-08-04,19186.8,269,1,89.27,0.57,0.114,10:00:00,0.0,rain,1017.57,partly-cloudy-day,85.52,5,8
2018-08-05,16912.96,280,1,90.02,0.53,0.0,05:01:00,0.0,none,1018.92,partly-cloudy-day,86.71,6,8
2018-08-06,15930.68,242,1,92.81,0.61,0.0,05:01:00,0.0,none,1016.07,partly-cloudy-day,86.59,0,8
2018-08-07,14436.0,162,1,82.86,0.82,0.1028,19:00:00,0.51,rain,1012.6,rain,79.26,1,8
2018-08-08,18439.75,234,1,88.99,0.7,0.0057,00:00:00,0.0,rain,1009.1,partly-cloudy-day,83.32,2,8
2018-08-09,18732.41,248,1,86.98,0.44,0.0448,03:00:00,0.0,rain,1008.72,clear-day,86.54,3,8
2018-08-10,19621.11,274,1,83.94,0.62,0.0124,23:00:00,0.0,rain,1011.27,cloudy,81.45,4,8
2018-08-11,18665.55,217,1,75.63,0.92,0.1977,18:00:00,0.43,rain,1013.79,rain,74.2,5,8
2018-08-12,16544.5,259,1,79.93,0.79,0.0134,02:00:00,0.03,rain,1016.32,partly-cloudy-day,78.65,6,8
2018-08-13,15843.99,220,1,76.05,0.93,0.0545,11:00:00,0.0,rain,1011.95,cloudy,74.54,0,8
2018-08-14,14021.0,176,1,74.71,0.83,0.0956,16:00:00,0.0,rain,1010.15,partly-cloudy-day,73.74,1,8
2018-08-15,18027.25,242,1,87.63,0.53,0.0004,05:00:00,0.0,none,1013.31,partly-cloudy-day,85.2,2,8
2018-08-16,17058.75,250,1,89.95,0.55,0.0006,05:00:00,0.0,rain,1017.23,partly-cloudy-day,86.34,3,8
2018-08-17,18602.79,219,1,88.95,0.79,0.1796,23:00:00,0.32,rain,1013.52,rain,82.13,4,8
2018-08-18,16693.42,221,1,76.72,0.87,0.271,01:00:00,0.74,rain,1009.36,rain,75.39,5,8
2018-08-19,16915.76,248,1,72.84,0.78,0.0048,08:00:00,0.0,rain,1017.13,cloudy,72.27,6,8
2018-08-20,17508.99,218,1,73.07,0.78,0.0005,19:00:00,0.0,none,1019.94,partly-cloudy-day,72.46,0,8
2018-08-21,16520.0,228,1,73.83,0.79,0.0035,00:00:00,0.0,rain,1014.64,partly-cloudy-day,73.09,1,8
2018-08-22,18468.65,242,1,82.33,0.56,0.2471,02:00:00,0.0,rain,1006.79,partly-cloudy-day,80.87,2,8
2018-08-23,18457.36,281,1,76.46,0.41,0.0024,08:00:00,0.0,rain,1016.48,clear-day,76.46,3,8
2018-08-24,20671.67,283,1,76.89,0.49,0.0,05:01:00,0.0,none,1023.21,clear-day,76.89,4,8
2018-08-25,21394.14,287,1,74.16,0.6,0.0,05:01:00,0.0,none,1023.3,clear-day,74.16,5,8
2018-08-26,17948.49,289,1,83.69,0.63,0.0001,20:00:00,0.0,none,1017.32,cloudy,81.16,6,8
2018-08-27,15743.67,248,1,87.38,0.68,0.0003,03:00:00,0.0,none,1017.08,partly-cloudy-day,82.72,0,8
2018-08-28,16426.75,246,1,96.06,0.54,0.0003,08:00:00,0.0,none,1015.46,clear-night,89.81,1,8
2018-08-29,16096.66,249,1,95.06,0.52,0.0003,02:00:00,0.0,rain,1013.06,clear-night,89.71,2,8
2018-08-30,18462.61,273,1,87.08,0.51,0.001,17:00:00,0.0,rain,1017.32,clear-night,85.22,3,8
2018-08-31,18168.68,250,1,71.79,0.77,0.0374,15:00:00,0.0,rain,1024.76,partly-cloudy-night,71.33,4,8
2018-09-01,20437.75,266,1,72.75,0.71,0.0007,08:00:00,0.0,rain,1024.76,partly-cloudy-night,72.47,5,9
2018-09-02,18696.14,267,1,77.56,0.79,0.0,05:01:00,0.0,none,1022.65,partly-cloudy-night,76.49,6,9
2018-09-03,16762.98,237,1,90.85,0.75,0.0028,15:00:00,0.0,rain,1022.07,clear-night,83.49,0,9
2018-09-04,16015.25,244,1,91.66,0.6,0.0004,05:00:00,0.0,rain,1021.71,partly-cloudy-night,86.29,1,9
2018-09-05,15439.42,212,1,84.72,0.77,0.0009,23:00:00,0.0,rain,1021.4,clear-night,80.44,2,9
2018-09-06,18117.15,205,1,78.58,0.85,0.0503,19:00:00,0.67,rain,1019.62,rain,77.19,3,9
2018-09-07,18680.0,254,1,72.55,0.79,0.0075,02:00:00,0.0,rain,1019.43,cloudy,71.96,4,9
2018-09-08,15178.5,241,0,63.41,0.82,0.0063,10:00:00,0.37,rain,1020.88,rain,63.41,5,9
2018-09-09,14679.25,197,0,60.03,0.9,0.0322,18:00:00,0.97,rain,1022.81,rain,60.03,6,9
2018-09-10,12763.67,185,0,63.21,0.96,0.0849,05:00:00,0.83,rain,1019.81,rain,62.72,0,9
2018-09-11,15832.75,191,1,74.2,0.91,0.0131,14:00:00,0.0,rain,1020.37,cloudy,72.94,1,9
2018-09-12,13564.72,179,0,75.6,0.95,0.007,21:00:00,0.35,rain,1023.3,rain,74.02,2,9
2018-09-13,17284.8,234,1,74.17,0.87,0.0017,03:00:00,0.0,rain,1023.94,cloudy,73.06,3,9
2018-09-14,19072.09,246,1,72.62,0.79,0.0003,02:00:00,0.0,none,1022.77,cloudy,72.01,4,9
2018-09-15,19974.0,270,1,73.04,0.76,0.0003,07:00:00,0.0,none,1022.03,clear-night,72.5,5,9
2018-09-16,17065.79,278,1,75.33,0.72,0.0,05:01:00,0.0,none,1022.04,clear-night,74.76,6,9
2018-09-17,14932.88,212,1,76.14,0.86,0.0011,18:00:00,0.0,rain,1015.5,partly-cloudy-night,74.89,0,9
2018-09-18,18315.5,243,1,73.25,0.92,0.1312,14:00:00,0.0,rain,1008.18,partly-cloudy-night,72.02,1,9
2018-09-19,16643.54,235,1,73.8,0.83,0.0003,17:00:00,0.0,none,1014.84,partly-cloudy-night,72.9,2,9
2018-09-20,15009.7,220,1,68.28,0.74,0.0,05:01:00,0.0,none,1023.83,cloudy,68.25,3,9
2018-09-21,21252.0,284,1,72.96,0.79,0.0001,08:00:00,0.0,none,1016.53,cloudy,72.32,4,9
2018-09-22,20649.25,285,1,65.81,0.57,0.0081,05:00:00,0.0,rain,1022.04,partly-cloudy-night,65.81,5,9
2018-09-23,15416.27,233,1,63.87,0.81,0.0025,18:00:00,0.0,rain,1024.24,cloudy,63.87,6,9
2018-09-24,19496.46,233,1,62.85,0.67,0.0006,01:00:00,0.0,rain,1032.07,partly-cloudy-night,62.85,0,9
2018-09-25,13328.38,164,0,72.97,0.96,0.18,15:00:00,0.92,rain,1021.57,rain,71.6,1,9
2018-09-26,15864.5,191,1,77.13,0.88,0.1104,04:00:00,0.0,rain,1011.6,partly-cloudy-night,75.72,2,9
2018-09-27,15575.25,212,1,67.95,0.73,0.0159,22:00:00,0.0,rain,1019.08,cloudy,67.95,3,9
2018-09-28,19322.93,262,1,60.68,0.84,0.3667,07:00:00,0.0,rain,1019.33,partly-cloudy-night,60.68,4,9
2018-09-29,20224.75,280,1,66.45,0.63,0.0,05:01:00,0.0,none,1023.19,partly-cloudy-night,66.45,5,9
2018-09-30,18367.01,270,1,64.78,0.76,0.0,05:01:00,0.0,none,1025.75,clear-night,64.78,6,9
2018-10-01,17821.75,217,1,71.72,0.85,0.0005,23:00:00,0.0,none,1023.57,partly-cloudy-night,70.96,0,10
2018-10-02,16216.34,209,1,74.42,0.81,0.3115,23:00:00,0.0,rain,1016.33,partly-cloudy-night,73.55,1,10
2018-10-03,25000.01,1,1,68.83,0.7,0.1656,00:00:00,0.0,rain,1017.92,partly-cloudy-night,68.83,2,10
2018-10-04,16258.59,2,0,74.07,0.9,0.0213,18:00:00,0.06,rain,1013.79,cloudy,72.85,3,10
2018-10-05,19032.6,240,1,64.71,0.74,0.0,05:01:00,0.0,none,1021.1,partly-cloudy-night,64.71,4,10
2018-10-06,20786.38,277,1,66.45,0.92,0.0016,11:00:00,0.13,rain,1022.29,cloudy,65.84,5,10
2018-10-07,19098.41,258,1,75.46,0.85,0.0016,20:00:00,0.0,rain,1022.95,partly-cloudy-night,74.32,6,10
2018-10-08,15722.99,188,1,64.29,0.94,0.0047,07:00:00,0.16,rain,1029.91,cloudy,63.78,0,10
2018-10-09,15684.59,231,1,72.45,0.91,0.0029,02:00:00,0.0,rain,1023.8,partly-cloudy-night,71.34,1,10
2018-10-10,18442.77,251,1,74.41,0.93,0.0025,00:00:00,0.0,rain,1014.63,partly-cloudy-night,73.05,2,10
2018-10-11,15418.14,177,0,71.55,0.97,0.0914,17:00:00,0.94,rain,1002.63,rain,70.26,3,10
2018-10-12,19191.42,247,1,55.04,0.56,0.0761,05:00:00,0.0,rain,1007.47,clear-night,55.04,4,10
2018-10-13,20660.75,265,1,52.7,0.65,0.0248,09:00:00,0.0,rain,1015.68,clear-night,52.7,5,10
2018-10-14,18563.63,262,1,54.87,0.66,0.0011,13:00:00,0.0,rain,1023.23,partly-cloudy-night,54.87,6,10
2018-10-15,14750.25,198,1,66.47,0.85,0.0164,11:00:00,0.0,rain,1012.09,cloudy,66.17,0,10
2018-10-16,15190.07,170,1,51.74,0.57,0.0089,01:00:00,0.0,rain,1018.44,partly-cloudy-night,51.74,1,10
2018-10-17,13724.67,162,1,56.05,0.47,0.0,05:01:00,0.0,none,1015.57,partly-cloudy-night,56.05,2,10
2018-10-18,14878.0,181,0,45.94,0.4,0.0,05:01:00,0.0,none,1027.4,clear-night,47.86,3,10
2018-10-19,16887.5,228,1,56.44,0.56,0.0,05:01:00,0.0,none,1017.4,partly-cloudy-night,56.44,4,10
2018-10-20,18547.04,226,1,56.22,0.66,0.0071,04:00:00,0.0,rain,1002.77,partly-cloudy-night,56.22,5,10
2018-10-21,14927.0,178,0,38.14,0.5,0.0025,07:00:00,0.0,rain,1019.62,clear-night,42.6,6,10
2018-10-22,13160.74,196,0,48.44,0.58,0.0,05:01:00,0.0,none,1021.96,partly-cloudy-night,49.11,0,10
2018-10-23,14008.51,183,1,56.71,0.52,0.0008,19:00:00,0.0,none,1014.63,partly-cloudy-night,56.71,1,10
2018-10-24,15935.0,183,0,50.24,0.5,0.001,01:00:00,0.0,none,1020.17,partly-cloudy-night,50.24,2,10
2018-10-25,14465.01,171,0,42.35,0.55,0.0,05:01:00,0.0,none,1018.83,clear-night,45.39,3,10
2018-10-26,14558.0,196,0,44.63,0.7,0.0002,13:00:00,0.0,none,1018.38,cloudy,47.86,4,10
2018-10-27,16526.96,191,0,50.48,0.96,0.0922,05:00:00,0.29,rain,999.19,cloudy,50.48,5,10
2018-10-28,14556.23,196,1,51.36,0.74,0.0063,00:00:00,0.0,rain,1009.42,cloudy,51.36,6,10
2018-10-29,14752.5,186,0,52.63,0.65,0.0104,01:00:00,0.0,rain,1012.11,partly-cloudy-night,52.63,0,10
2018-10-30,13185.25,162,0,50.68,0.44,0.0016,19:00:00,0.0,rain,1019.28,clear-night,50.68,1,10
2018-10-31,15653.8,215,1,59.87,0.72,0.0001,07:00:00,0.0,none,1013.59,partly-cloudy-night,59.87,2,10
2018-11-01,16452.25,206,1,63.5,0.8,0.0,05:01:00,0.0,none,1009.79,partly-cloudy-night,63.5,3,11
2018-11-02,17802.78,223,1,64.37,0.97,0.1424,22:00:00,0.0,rain,1006.06,cloudy,63.72,4,11
2018-11-03,20010.5,232,1,52.86,0.48,0.1557,03:00:00,0.0,rain,1020.92,clear-night,52.86,5,11
2018-11-04,17146.5,209,1,47.53,0.64,0.0023,06:00:00,0.0,rain,1032.36,clear-night,47.53,6,11
2018-11-05,14828.91,161,0,51.52,0.95,0.0524,11:00:00,0.8,rain,1021.07,rain,51.52,0,11
2018-11-06,12192.5,159,0,57.27,0.96,0.5273,12:00:00,0.29,rain,1009.23,partly-cloudy-night,57.27,1,11
2018-11-07,16467.5,156,1,59.16,0.49,0.0002,05:00:00,0.0,none,1016.9,partly-cloudy-night,59.16,2,11
2018-11-08,13734.5,179,0,45.72,0.52,0.0,05:01:00,0.0,none,1026.28,clear-night,48.61,3,11
2018-11-09,14426.65,181,0,50.44,0.96,0.2149,19:00:00,0.98,rain,1013.95,rain,50.44,4,11
2018-11-10,15439.52,203,0,31.55,0.4,0.0108,00:00:00,0.0,rain,1021.84,clear-night,37.9,5,11
2018-11-11,13939.95,199,0,40.72,0.52,0.0011,00:00:00,0.0,none,1028.08,clear-night,40.72,6,11
2018-11-12,11892.0,153,0,45.53,0.69,0.0157,00:00:00,0.0,rain,1027.87,partly-cloudy-night,45.53,0,11
2018-11-13,13397.5,165,0,39.04,0.63,0.1403,05:00:00,0.0,rain,1016.96,cloudy,44.71,1,11
2018-11-14,13446.0,171,0,28.07,0.44,0.0,05:01:00,0.0,none,1034.05,partly-cloudy-night,34.64,2,11
2018-11-15,13457.0,146,0,22.95,0.97,0.0627,17:00:00,0.5,snow,1021.26,sleet,31.93,3,11
2018-11-16,15187.25,188,0,34.8,0.65,0.0571,06:00:00,0.0,rain,1011.75,partly-cloudy-night,40.71,4,11
2018-11-17,17525.25,195,0,41.0,0.59,0.0,05:01:00,0.0,none,1024.05,cloudy,44.75,5,11
2018-11-18,14531.0,180,0,43.05,0.68,0.0,05:01:00,0.0,none,1025.16,cloudy,43.05,6,11
2018-11-19,13200.24,174,0,46.49,0.76,0.0,05:01:00,0.0,none,1015.68,partly-cloudy-night,46.49,0,11
2018-11-20,14088.25,194,0,39.54,0.59,0.0012,07:00:00,0.0,rain,1015.96,cloudy,43.7,1,11
2018-11-21,14029.99,174,0,30.5,0.64,0.006,19:00:00,0.0,rain,1019.2,cloudy,37.76,2,11
2018-11-22,0.0,0,0,11.24,0.33,0.0,05:01:00,0.0,none,1034.67,clear-night,21.98,3,11
2018-11-23,14565.5,199,0,29.91,0.38,0.0,05:01:00,0.0,none,1031.22,clear-night,29.91,4,11
2018-11-24,15461.75,198,0,41.72,0.93,0.3288,23:00:00,0.7,rain,1009.06,rain,46.1,5,11
2018-11-25,11946.5,193,0,50.85,0.62,0.2538,01:00:00,0.0,rain,1014.06,cloudy,50.85,6,11
2018-11-26,12201.5,164,0,43.93,0.95,0.1992,16:00:00,1.0,rain,995.96,rain,48.63,0,11
2018-11-27,13653.0,163,0,32.9,0.58,0.0117,00:00:00,0.0,rain,998.13,cloudy,39.8,1,11
2018-11-28,14088.95,171,0,35.05,0.56,0.0,05:01:00,0.0,none,1004.0,cloudy,41.0,2,11
2018-11-29,14179.59,183,0,35.57,0.55,0.0,05:01:00,0.0,none,1015.49,cloudy,40.83,3,11
2018-11-30,14363.37,187,0,39.28,0.84,0.0041,15:00:00,0.0,rain,1018.55,cloudy,39.28,4,11
2018-12-01,15720.91,203,0,38.66,0.81,0.0083,21:00:00,0.75,rain,1021.39,rain,41.5,5,12
2018-12-02,13512.75,196,0,52.32,1.0,0.0782,04:00:00,0.54,rain,1002.91,rain,52.32,6,12
2018-12-03,11313.5,167,0,44.49,0.58,0.0003,00:00:00,0.0,none,1006.77,partly-cloudy-night,48.28,0,12
2018-12-04,12529.75,162,0,29.74,0.46,0.0,05:01:00,0.0,none,1017.53,clear-night,34.93,1,12
2018-12-05,11761.25,172,0,30.02,0.52,0.0,05:01:00,0.0,none,1018.63,partly-cloudy-night,33.63,2,12
2018-12-06,15825.84,178,0,32.01,0.53,0.0,05:01:00,0.0,none,1021.65,partly-cloudy-night,37.75,3,12
2018-12-07,16930.08,202,0,23.98,0.44,0.0,05:01:00,0.0,none,1030.77,clear-night,31.28,4,12
2018-12-08,15826.49,206,0,31.01,0.57,0.0,05:01:00,0.0,none,1033.37,partly-cloudy-night,31.01,5,12
2018-12-09,14290.71,186,0,28.57,0.57,0.0003,11:00:00,0.0,none,1023.68,clear-night,32.71,6,12
2018-12-10,14184.25,176,0,33.47,0.54,0.0,05:01:00,0.0,none,1021.34,clear-night,33.47,0,12
2018-12-11,18929.5,170,0,30.48,0.6,0.0,05:01:00,0.0,none,1014.76,clear-night,34.82,1,12
2018-12-12,13305.57,159,0,34.57,0.63,0.0,05:01:00,0.0,none,1023.64,partly-cloudy-night,34.57,2,12
2018-12-13,18817.5,164,0,35.08,0.91,0.0014,13:00:00,0.0,rain,1031.68,cloudy,39.14,3,12
2018-12-14,16720.16,183,0,47.58,0.95,0.0174,00:00:00,0.09,rain,1026.88,cloudy,47.58,4,12
2018-12-15,16371.82,202,0,47.03,0.72,0.0339,02:00:00,0.0,rain,1020.0,partly-cloudy-night,49.65,5,12
2018-12-16,13708.5,170,0,32.26,0.94,0.1232,06:00:00,1.0,rain,1009.31,rain,38.67,6,12
2018-12-17,14433.0,173,0,36.19,0.49,0.0031,01:00:00,0.0,rain,1008.35,cloudy,42.46,0,12
2018-12-18,15217.59,169,0,23.37,0.49,0.0,05:01:00,0.0,none,1020.88,clear-night,31.23,1,12
2018-12-19,15203.41,194,0,36.2,0.63,0.0014,00:00:00,0.0,rain,1020.0,clear-night,36.2,2,12
2018-12-20,13216.0,159,0,40.58,0.95,0.04,19:00:00,1.0,rain,1014.6,rain,43.97,3,12
2018-12-21,12837.89,180,0,54.25,0.97,0.2207,07:00:00,0.0,rain,991.23,cloudy,54.25,4,12
2018-12-22,16637.99,204,0,36.55,0.55,0.0005,07:00:00,0.0,none,1011.26,cloudy,42.8,5,12
2018-12-23,14078.37,189,0,37.46,0.6,0.0003,23:00:00,0.0,none,1019.19,partly-cloudy-night,39.69,6,12
2018-12-24,0.0,0,0,33.23,0.55,0.0098,04:00:00,0.0,rain,1018.88,partly-cloudy-night,39.22,0,12
2018-12-25,0.0,0,0,31.16,0.52,0.0,05:01:00,0.0,none,1027.2,partly-cloudy-night,36.75,1,12
2018-12-26,13206.7,176,0,34.34,0.61,0.0,05:01:00,0.0,none,1031.82,clear-night,38.11,2,12
2018-12-27,15357.03,201,0,36.67,0.72,0.0,05:01:00,0.0,none,1035.16,partly-cloudy-night,38.73,3,12
2018-12-28,15497.37,211,0,56.46,0.98,0.1741,11:00:00,0.12,rain,1010.97,cloudy,56.46,4,12
2018-12-29,16236.11,207,0,39.17,0.55,0.0001,06:00:00,0.0,none,1021.15,partly-cloudy-night,43.62,5,12
2018-12-30,15208.0,209,0,37.87,0.76,0.0001,22:00:00,0.0,none,1025.07,partly-cloudy-night,37.87,6,12
2018-12-31,15099.0,177,0,38.78,0.96,0.2171,22:00:00,1.0,rain,1019.36,rain,43.76,0,12
2019-01-01,0.0,0,0,39.16,0.58,0.1339,00:00:00,0.0,rain,1019.39,partly-cloudy-night,44.36,1,1
2019-01-02,12685.24,191,0,31.98,0.61,0.0,05:01:00,0.0,none,1023.7,cloudy,36.71,2,1
2019-01-03,13580.96,184,0,37.55,0.58,0.0001,07:00:00,0.0,none,1016.84,partly-cloudy-night,37.55,3,1
2019-01-04,16002.75,199,0,41.93,0.75,0.0001,13:00:00,0.0,none,1011.7,clear-night,43.32,4,1
2019-01-05,16463.62,232,0,40.87,0.89,0.0778,03:00:00,0.06,rain,1003.26,partly-cloudy-night,44.62,5,1
2019-01-06,12405.14,182,0,30.02,0.44,0.0001,12:00:00,0.0,none,1021.62,partly-cloudy-night,38.42,6,1
2019-01-07,14222.67,178,0,31.57,0.34,0.0,05:01:00,0.0,none,1028.72,cloudy,31.57,0,1
2019-01-08,10811.32,167,0,41.97,0.92,0.0792,00:00:00,0.06,rain,1006.89,cloudy,41.97,1,1
2019-01-09,12985.09,173,0,30.43,0.43,0.0792,00:00:00,0.0,rain,1003.79,partly-cloudy-night,37.97,2,1
2019-01-10,13196.76,151,0,22.21,0.53,0.0,05:01:00,0.0,none,1012.98,partly-cloudy-night,31.44,3,1
2019-01-11,14699.25,187,0,16.39,0.33,0.0,05:01:00,0.0,none,1028.1,clear-night,25.78,4,1
2019-01-12,17112.96,214,0,27.76,0.42,0.0,05:01:00,0.0,none,1033.23,partly-cloudy-night,30.78,5,1
2019-01-13,14285.0,189,0,19.9,0.46,0.0023,02:00:00,0.0,snow,1026.44,partly-cloudy-night,29.02,6,1
2019-01-14,14422.25,189,0,28.65,0.48,0.0,05:01:00,0.0,none,1021.18,clear-night,28.65,0,1
2019-01-15,13893.17,190,0,31.01,0.56,0.0,05:01:00,0.0,none,1020.62,clear-night,31.01,1,1
2019-01-16,12378.42,178,0,31.67,0.52,0.0,05:01:00,0.0,none,1019.96,partly-cloudy-night,37.95,2,1
2019-01-17,13888.74,183,0,26.75,0.49,0.0,05:01:00,0.0,none,1026.56,partly-cloudy-night,29.87,3,1
2019-01-18,15526.62,192,0,31.11,0.84,0.0034,12:00:00,0.0,snow,1019.53,partly-cloudy-night,35.25,4,1
2019-01-19,15916.88,212,0,30.52,0.77,0.059,00:00:00,0.0,rain,1017.38,cloudy,36.73,5,1
2019-01-20,16673.0,212,0,2.42,0.59,0.1636,03:00:00,0.0,rain,1003.67,partly-cloudy-night,17.81,6,1
2019-01-21,11967.25,171,0,-3.83,0.43,0.0,05:01:00,0.0,none,1024.97,clear-night,11.62,0,1
2019-01-22,13409.07,187,0,27.2,0.42,0.0,05:01:00,0.0,none,1037.03,partly-cloudy-night,27.2,1,1
2019-01-23,13602.0,182,0,39.42,0.75,0.0,05:01:00,0.0,none,1017.18,cloudy,41.68,2,1
2019-01-24,13681.91,194,0,33.8,0.68,0.218,12:00:00,0.0,rain,1001.59,cloudy,40.84,3,1
2019-01-25,17980.69,202,0,25.91,0.32,0.0,05:01:00,0.0,none,1019.62,clear-night,33.17,4,1
2019-01-26,25000.0,75,0,32.18,0.47,0.0,05:01:00,0.0,none,1024.09,cloudy,32.18,5,1
2019-01-27,13926.0,179,0,39.89,0.53,0.0001,22:00:00,0.0,none,1014.57,partly-cloudy-night,42.5,6,1
2019-01-28,15725.4,190,0,26.84,0.42,0.0,05:01:00,0.0,none,1017.74,clear-night,26.84,0,1
2019-01-29,13610.53,158,0,34.02,0.92,0.0611,20:00:00,1.0,rain,1009.38,rain,40.06,1,1
2019-01-30,14601.53,174,0,-5.39,0.33,0.005,16:00:00,0.0,rain,1020.03,clear-night,11.15,2,1
2019-01-31,15421.91,186,0,2.62,0.36,0.0,05:01:00,0.0,none,1029.6,clear-night,14.46,3,1
2019-02-01,16049.24,195,0,13.44,0.44,0.0001,16:00:00,0.0,none,1028.79,partly-cloudy-night,19.67,4,2
2019-02-02,18353.31,229,0,22.8,0.64,0.0,05:01:00,0.0,none,1019.12,partly-cloudy-night,31.27,5,2
2019-02-03,0.0,0,0,36.68,0.78,0.0,05:01:00,0.0,none,1020.07,partly-cloudy-night,39.47,6,2
2019-02-04,11976.75,169,0,43.62,0.75,0.0,05:01:00,0.0,none,1016.14,clear-night,43.62,0,2
2019-02-05,14941.96,183,0,53.57,0.65,0.0002,04:00:00,0.0,none,1016.23,partly-cloudy-night,53.57,1,2
2019-02-06,14392.54,191,0,35.69,0.9,0.1027,22:00:00,0.86,rain,1019.84,rain,40.79,2,2
2019-02-07,14755.85,188,0,40.86,0.91,0.0822,00:00:00,0.0,rain,1019.02,cloudy,42.77,3,2
2019-02-08,14796.74,186,0,32.76,0.36,0.0844,02:00:00,0.0,rain,1019.37,clear-night,40.8,4,2
2019-02-09,18597.28,216,0,22.72,0.4,0.0,05:01:00,0.0,none,1039.37,clear-night,29.4,5,2
2019-02-10,14265.28,211,0,28.32,0.37,0.0,05:01:00,0.0,none,1030.9,partly-cloudy-night,33.51,6,2
2019-02-11,13817.81,183,0,31.76,0.47,0.0019,11:00:00,0.0,snow,1027.49,partly-cloudy-night,35.28,0,2
2019-02-12,13575.01,160,0,26.68,0.94,0.0435,00:00:00,0.68,rain,1013.07,rain,34.26,1,2
2019-02-13,15300.51,175,0,26.44,0.53,0.0435,00:00:00,0.0,rain,1009.51,clear-night,34.74,2,2
2019-02-14,15169.45,184,0,41.44,0.43,0.0082,13:00:00,0.0,rain,1017.3,partly-cloudy-night,41.44,3,2
2019-02-15,16749.41,219,0,51.95,0.63,0.0013,05:00:00,0.0,rain,1003.66,cloudy,51.95,4,2
2019-02-16,16851.88,233,0,31.42,0.44,0.0002,00:00:00,0.0,none,1013.94,clear-night,37.4,5,2
2019-02-17,16455.36,230,0,28.56,0.64,0.0092,00:00:00,0.0,rain,1017.35,cloudy,34.05,6,2
2019-02-18,15747.65,188,0,21.39,0.54,0.0258,06:00:00,0.0,rain,1021.88,partly-cloudy-night,31.36,0,2
2019-02-19,13941.2,178,0,28.19,0.34,0.0,05:01:00,0.0,none,1035.9,clear-night,32.86,1,2
2019-02-20,13769.0,157,0,23.69,0.94,0.0661,00:00:00,0.55,rain,1026.25,sleet,29.79,2,2
2019-02-21,14799.51,190,0,44.34,0.57,0.0923,01:00:00,0.0,rain,1017.39,clear-night,46.64,3,2
2019-02-22,17253.5,210,0,35.91,0.49,0.0006,22:00:00,0.0,none,1030.28,clear-night,39.95,4,2
2019-02-23,17842.15,229,0,35.06,0.77,0.0041,00:00:00,0.0,rain,1026.69,cloudy,38.19,5,2
2019-02-24,13862.72,197,0,39.49,0.81,0.1716,07:00:00,0.0,rain,995.92,partly-cloudy-night,45.69,6,2
2019-02-25,13771.25,162,0,27.04,0.34,0.0013,11:00:00,0.0,rain,1018.56,clear-night,35.45,0,2
2019-02-26,13913.67,178,0,21.22,0.37,0.0016,06:00:00,0.0,snow,1029.43,partly-cloudy-night,30.13,1,2
2019-02-27,27909.75,179,0,21.22,0.59,0.0015,23:00:00,0.0,snow,1020.74,cloudy,28.43,2,2
2019-02-28,14560.02,169,0,27.14,0.41,0.0034,03:00:00,0.0,snow,1024.76,clear-night,32.5,3,2
2019-03-01,14837.11,194,0,28.18,0.81,0.0168,13:00:00,0.0,snow,1024.75,cloudy,34.1,4,3
2019-03-02,19093.57,198,0,34.18,0.75,0.0419,05:00:00,0.0,snow,1017.51,cloudy,38.7,5,3
2019-03-03,13957.5,188,0,33.06,0.96,0.0881,22:00:00,0.76,snow,1014.59,snow,33.06,6,3
2019-03-04,13369.25,188,0,28.53,0.51,0.0775,01:00:00,0.0,snow,1012.87,partly-cloudy-night,33.88,0,3
2019-03-05,13599.77,175,0,20.34,0.42,0.0019,13:00:00,0.0,snow,1014.62,clear-night,28.59,1,3
2019-03-06,11925.17,153,0,14.46,0.48,0.0018,04:00:00,0.0,snow,1022.99,partly-cloudy-night,23.05,2,3
2019-03-07,15261.42,204,0,24.57,0.45,0.0013,06:00:00,0.0,snow,1026.87,partly-cloudy-night,29.75,3,3
2019-03-08,17086.85,212,0,35.87,0.57,0.0054,12:00:00,0.0,snow,1024.25,partly-cloudy-night,35.87,4,3
2019-03-09,19019.56,269,0,35.8,0.59,0.003,11:00:00,0.0,rain,1026.84,clear-night,38.42,5,3
2019-03-10,15061.3,206,0,39.74,0.97,0.0946,11:00:00,0.0,rain,1013.2,cloudy,39.74,6,3
2019-03-11,14179.58,191,0,50.89,0.31,0.0001,00:00:00,0.0,none,1015.83,clear-night,50.89,0,3
2019-03-12,14019.5,191,0,33.66,0.4,0.0003,13:00:00,0.0,none,1024.67,clear-night,39.9,1,3
2019-03-13,16744.55,183,0,34.39,0.62,0.0016,17:00:00,0.0,rain,1026.29,partly-cloudy-night,39.74,2,3
2019-03-14,14913.4,180,0,44.63,0.72,0.0,05:01:00,0.0,none,1018.22,partly-cloudy-night,47.98,3,3
2019-03-15,15491.38,197,0,61.88,0.71,0.1669,22:00:00,0.0,rain,1003.35,partly-cloudy-night,61.88,4,3
2019-03-16,16980.42,211,0,38.58,0.39,0.0123,00:00:00,0.0,rain,1017.83,partly-cloudy-night,44.08,5,3
2019-03-17,14554.25,189,0,36.78,0.29,0.0,05:01:00,0.0,none,1021.39,clear-night,41.98,6,3
2019-03-18,14174.46,186,0,39.8,0.36,0.0,05:01:00,0.0,none,1025.72,partly-cloudy-night,42.02,0,3
2019-03-19,13480.41,188,0,42.34,0.38,0.0014,02:00:00,0.0,rain,1028.75,partly-cloudy-night,44.34,1,3
2019-03-20,12259.69,167,0,38.87,0.6,0.0001,04:00:00,0.0,none,1026.06,clear-night,44.24,2,3
2019-03-21,13971.17,176,0,38.12,0.86,0.0813,00:00:00,0.68,rain,1009.01,rain,44.05,3,3
2019-03-22,15905.09,216,0,39.99,0.51,0.1578,01:00:00,0.0,rain,997.07,partly-cloudy-night,45.81,4,3
2019-03-23,17432.25,215,0,39.19,0.23,0.0001,05:00:00,0.0,none,1017.05,clear-night,45.3,5,3
2019-03-24,14233.0,220,0,57.67,0.23,0.0,05:01:00,0.0,none,1016.86,partly-cloudy-night,57.67,6,3
2019-03-25,14034.25,188,0,45.46,0.47,0.0001,06:00:00,0.0,none,1017.87,cloudy,47.56,0,3
2019-03-26,14285.5,185,0,41.66,0.17,0.0003,14:00:00,0.0,none,1025.38,clear-night,45.61,1,3
2019-03-27,15776.1,172,0,33.15,0.52,0.001,05:00:00,0.0,none,1032.97,clear-night,38.38,2,3
2019-03-28,13559.5,188,0,40.18,0.72,0.0,05:01:00,0.0,none,1024.36,partly-cloudy-night,44.31,3,3
2019-03-29,16291.09,204,0,54.81,0.68,0.0,05:01:00,0.0,none,1018.93,cloudy,54.81,4,3
2019-03-30,17937.19,243,0,56.66,0.58,0.0002,06:00:00,0.0,none,1012.72,partly-cloudy-night,56.66,5,3
2019-03-31,14248.72,220,0,40.31,0.47,0.0212,13:00:00,0.0,rain,1010.07,partly-cloudy-night,46.25,6,3
2019-04-01,12858.5,167,0,40.04,0.26,0.0,05:01:00,0.0,none,1026.03,clear-night,43.63,0,4
2019-04-02,13983.0,173,0,39.95,0.62,0.0031,23:00:00,0.0,rain,1022.99,cloudy,44.16,1,4
2019-04-03,15275.98,183,1,63.34,0.15,0.0083,03:00:00,0.0,rain,1016.21,clear-night,63.34,2,4
2019-04-04,14172.84,190,0,54.69,0.22,0.0014,12:00:00,0.0,rain,1028.35,clear-night,54.69,3,4
2019-04-05,17164.91,210,0,33.94,0.88,0.0334,23:00:00,0.91,rain,1027.13,rain,38.53,4,4
2019-04-06,19636.7,253,0,61.5,0.44,0.0201,00:00:00,0.0,rain,1021.59,clear-night,61.5,5,4
2019-04-07,15262.66,206,0,55.15,0.66,0.0,05:01:00,0.0,none,1020.13,partly-cloudy-night,55.15,6,4
2019-04-08,13748.75,185,0,72.73,0.46,0.0781,03:00:00,0.0,rain,1005.49,partly-cloudy-night,72.73,0,4
2019-04-09,15610.75,184,0,42.98,0.96,0.0246,19:00:00,0.55,rain,1002.22,rain,45.06,1,4
2019-04-10,16141.53,213,1,52.94,0.36,0.0011,14:00:00,0.0,rain,1014.03,clear-night,52.94,2,4
2019-04-11,15233.42,193,1,43.88,0.45,0.0,05:01:00,0.0,none,1025.17,cloudy,46.32,3,4
2019-04-12,15499.54,195,0,60.18,0.85,0.1513,23:00:00,0.27,rain,1020.16,cloudy,60.18,4,4
2019-04-13,22044.7,309,1,66.27,0.69,0.1411,06:00:00,0.0,rain,1015.83,clear-night,66.27,5,4
2019-04-14,19197.14,273,1,60.33,0.93,0.0041,23:00:00,0.0,rain,1005.07,cloudy,60.24,6,4
2019-04-15,15071.21,207,0,43.64,0.52,0.668,05:00:00,0.0,rain,1004.4,partly-cloudy-day,49.18,0,4
2019-04-16,16704.25,231,1,60.52,0.28,0.0015,17:00:00,0.0,rain,1014.9,partly-cloudy-day,60.52,1,4
2019-04-17,15640.2,210,1,51.89,0.47,0.0021,15:00:00,0.0,rain,1021.89,partly-cloudy-day,51.89,2,4
2019-04-18,18789.73,223,1,57.41,0.78,0.0001,06:00:00,0.0,none,1011.85,partly-cloudy-day,57.41,3,4
2019-04-19,18099.51,256,1,64.36,0.82,0.0251,22:00:00,0.0,rain,1007.6,cloudy,64.36,4,4
2019-04-20,19922.12,285,1,56.76,0.74,0.1668,03:00:00,0.0,rain,1009.76,partly-cloudy-day,56.76,5,4
2019-04-21,17947.38,262,1,57.48,0.66,0.0052,05:00:00,0.0,rain,1017.73,partly-cloudy-day,57.48,6,4
2019-04-22,14521.0,199,0,58.01,0.94,0.0786,16:00:00,0.42,rain,1015.6,rain,58.01,0,4
2019-04-23,15124.71,226,1,62.7,0.64,0.0013,00:00:00,0.0,rain,1010.15,partly-cloudy-day,62.7,1,4
2019-04-24,18315.59,263,1,66.72,0.34,0.0168,01:00:00,0.0,rain,1009.35,clear-day,66.72,2,4
2019-04-25,15795.0,194,0,52.33,0.79,0.0101,19:00:00,0.1,rain,1013.7,cloudy,52.33,3,4
2019-04-26,15665.17,190,0,57.49,0.96,0.1243,13:00:00,0.39,rain,994.6,rain,57.49,4,4
2019-04-27,20572.2,233,1,56.18,0.39,0.0217,04:00:00,0.0,rain,1007.28,clear-day,56.18,5,4
2019-04-28,13385.27,187,1,46.72,0.69,0.0,05:01:00,0.0,none,1020.0,partly-cloudy-day,49.91,6,4
2019-04-29,13533.34,194,1,50.0,0.54,0.0,05:01:00,0.0,none,1026.22,partly-cloudy-day,50.0,0,4
2019-04-30,15476.48,160,1,56.06,0.76,0.0259,05:00:00,0.0,rain,1026.83,partly-cloudy-day,56.06,1,4
2019-05-01,13112.84,174,0,48.02,0.93,0.0008,21:00:00,0.0,rain,1025.62,cloudy,49.94,2,5
2019-05-02,18046.26,208,1,55.15,0.83,0.0097,22:00:00,0.29,rain,1021.41,cloudy,55.15,3,5
2019-05-03,17950.99,236,1,53.37,0.95,0.0746,00:00:00,0.0,rain,1015.8,cloudy,53.37,4,5
2019-05-04,21879.9,304,1,61.36,0.83,0.1101,02:00:00,0.0,rain,1009.88,partly-cloudy-day,61.36,5,5
2019-05-05,14566.4,206,0,51.67,0.95,0.1056,20:00:00,1.0,rain,1009.73,rain,51.67,6,5
2019-05-06,15982.0,210,1,57.84,0.66,0.0257,00:00:00,0.0,rain,1017.88,cloudy,57.84,0,5
2019-05-07,16030.75,219,1,64.03,0.71,0.0618,21:00:00,0.0,rain,1018.86,partly-cloudy-day,64.03,1,5
2019-05-08,13849.69,193,1,59.94,0.63,0.0013,02:00:00,0.0,rain,1022.75,clear-day,59.94,2,5
2019-05-09,16304.6,203,1,54.32,0.7,0.0,05:01:00,0.0,none,1024.7,cloudy,54.32,3,5
2019-05-10,24313.54,301,1,70.8,0.69,0.0143,14:00:00,0.0,rain,1013.24,partly-cloudy-day,70.77,4,5
2019-05-11,20713.68,257,1,65.52,0.43,0.0175,04:00:00,0.0,rain,1015.11,cloudy,65.52,5,5
2019-05-12,12262.59,180,0,40.43,0.92,0.1532,14:00:00,0.39,rain,1011.93,rain,45.31,6,5
2019-05-13,13163.0,179,0,42.75,0.93,0.1593,18:00:00,0.55,rain,1009.97,rain,47.22,0,5
2019-05-14,14125.75,170,0,48.37,0.93,0.0773,20:00:00,0.85,rain,1009.37,rain,48.97,1,5
2019-05-15,17601.21,238,1,62.87,0.56,0.005,00:00:00,0.0,rain,1009.21,partly-cloudy-day,62.87,2,5
2019-05-16,18423.49,247,1,67.44,0.42,0.0117,05:00:00,0.0,rain,1010.53,partly-cloudy-day,67.44,3,5
2019-05-17,21350.49,245,1,74.72,0.55,0.031,22:00:00,0.0,rain,1006.66,partly-cloudy-day,74.72,4,5
2019-05-18,24635.4,314,1,64.52,0.49,0.0003,00:00:00,0.0,none,1016.1,partly-cloudy-day,64.52,5,5
2019-05-19,17560.63,270,1,71.88,0.78,0.011,08:00:00,0.0,rain,1013.02,partly-cloudy-day,71.39,6,5
2019-05-20,17033.5,257,1,82.32,0.47,0.1401,02:00:00,0.01,rain,1005.71,partly-cloudy-day,81.96,0,5
2019-05-21,20307.91,228,1,69.39,0.25,0.0,05:01:00,0.0,none,1015.14,partly-cloudy-day,69.39,1,5
2019-05-22,17455.46,251,1,70.59,0.33,0.0,05:01:00,0.0,none,1022.58,partly-cloudy-day,70.59,2,5
2019-05-23,16084.5,213,1,65.92,0.87,0.0811,17:00:00,0.0,rain,1012.62,partly-cloudy-day,65.59,3,5
2019-05-24,21672.14,300,1,70.53,0.47,0.0015,00:00:00,0.0,rain,1017.47,partly-cloudy-day,70.53,4,5
2019-05-25,25080.0,42,0,62.47,0.59,0.0026,00:00:00,0.0,rain,1019.61,partly-cloudy-day,62.47,5,5
2019-05-26,20863.74,281,1,72.46,0.81,0.0469,19:00:00,0.4,rain,1011.57,rain,71.78,6,5
2019-05-27,19083.49,309,1,77.71,0.36,0.0003,00:00:00,0.0,none,1012.01,partly-cloudy-day,77.71,0,5
2019-05-28,13647.99,181,1,69.29,0.83,0.0581,22:00:00,0.0,rain,1004.7,partly-cloudy-day,68.79,1,5
2019-05-29,13669.77,184,0,56.79,0.96,0.4723,18:00:00,1.0,rain,1007.09,rain,56.79,2,5
2019-05-30,14610.13,180,0,62.47,0.96,0.3532,19:00:00,1.0,rain,1005.95,rain,62.06,3,5
2019-05-31,22367.26,307,1,76.6,0.5,0.0226,01:00:00,0.0,rain,1007.85,partly-cloudy-day,76.6,4,5
2019-06-01,25309.0,334,1,69.51,0.69,0.0023,00:00:00,0.0,rain,1008.67,partly-cloudy-day,69.51,5,6
2019-06-02,17890.58,252,1,74.72,0.64,0.0729,22:00:00,0.0,rain,1004.36,partly-cloudy-day,74.55,6,6
2019-06-03,18854.8,278,1,68.07,0.29,0.0056,00:00:00,0.0,rain,1014.78,clear-day,68.07,0,6
2019-06-04,19001.46,243,1,69.97,0.37,0.0006,11:00:00,0.0,none,1016.41,partly-cloudy-day,69.97,1,6
2019-06-05,15613.58,231,1,76.19,0.71,0.0003,16:00:00,0.0,none,1007.12,partly-cloudy-day,75.58,2,6
2019-06-06,18421.26,253,1,79.75,0.5,0.0968,01:00:00,0.0,rain,1008.61,partly-cloudy-day,79.73,3,6
2019-06-07,21023.88,270,1,69.91,0.77,0.0004,17:00:00,0.0,rain,1014.18,partly-cloudy-day,69.63,4,6
2019-06-08,21201.51,304,1,71.23,0.4,0.0001,01:00:00,0.0,none,1022.45,partly-cloudy-day,71.23,5,6
2019-06-09,20616.1,305,1,69.77,0.37,0.0,05:01:00,0.0,none,1025.03,clear-day,69.77,6,6
2019-06-10,13564.7,184,0,68.41,0.98,0.1024,15:00:00,0.0,rain,1013.24,cloudy,67.38,0,6
2019-06-11,18338.47,253,1,75.07,0.3,0.1434,04:00:00,0.0,rain,1015.6,clear-day,75.07,1,6
2019-06-12,18032.37,246,1,66.83,0.5,0.0,05:01:00,0.0,none,1020.59,partly-cloudy-day,66.83,2,6
2019-06-13,15209.75,207,1,64.41,0.74,0.1757,10:00:00,0.0,rain,1007.32,cloudy,64.41,3,6
2019-06-14,19688.38,292,1,74.2,0.32,0.0217,00:00:00,0.0,rain,1014.42,partly-cloudy-day,74.2,4,6
2019-06-15,21059.31,306,1,77.14,0.42,0.0063,00:00:00,0.0,rain,1015.07,partly-cloudy-day,77.14,5,6
2019-06-16,17868.69,252,1,76.23,0.74,0.0092,20:00:00,0.15,rain,1009.46,partly-cloudy-day,75.51,6,6
2019-06-17,18532.47,265,1,73.81,0.74,0.0037,02:00:00,0.0,rain,1015.15,partly-cloudy-day,73.28,0,6
2019-06-18,14957.13,192,0,70.37,0.96,0.156,18:00:00,0.86,rain,1010.87,rain,69.24,1,6
2019-06-19,14231.25,190,0,68.62,0.95,0.1459,21:00:00,0.0,rain,1008.35,cloudy,67.71,2,6
2019-06-20,16718.5,233,1,75.78,0.87,0.0655,20:00:00,0.22,rain,997.72,partly-cloudy-day,74.52,3,6
2019-06-21,20981.99,262,1,76.32,0.39,0.1372,09:00:00,0.0,rain,1006.62,clear-day,76.32,4,6
2019-06-22,20264.18,340,1,78.54,0.32,0.0,05:01:00,0.0,none,1012.66,partly-cloudy-day,78.54,5,6
2019-06-23,19539.88,292,1,82.07,0.36,0.0,05:01:00,0.0,none,1011.6,clear-day,82.07,6,6
2019-06-24,18136.5,255,1,77.47,0.63,0.0002,18:00:00,0.0,none,1010.14,partly-cloudy-day,77.1,0,6
2019-06-25,18854.7,222,1,84.14,0.66,0.2181,08:00:00,0.0,rain,1010.0,partly-cloudy-day,81.16,1,6
2019-06-26,17092.5,260,1,84.73,0.43,0.0005,00:00:00,0.0,rain,1015.76,partly-cloudy-day,84.73,2,6
2019-06-27,19118.62,258,1,86.31,0.34,0.0001,02:00:00,0.0,none,1019.05,partly-cloudy-day,86.31,3,6
2019-06-28,20351.75,273,1,83.33,0.43,0.0,05:01:00,0.0,none,1019.48,partly-cloudy-day,83.33,4,6
2019-06-29,22065.22,287,1,77.0,0.0,0.0,18:00:00,0.0,rain,1011.0,partly-cloudy-day,76.0,5,6
2019-06-30,18998.74,288,1,79.0,0.0,0.0,16:00:00,0.0,rain,1008.0,partly-cloudy-day,79.0,6,6
2019-07-01,16767.93,256,1,82.0,0.0,0.0,05:01:00,0.0,none,1011.0,partly-cloudy-day,82.0,0,7
2019-07-02,18989.75,262,1,85.0,0.0,0.0,20:00:00,0.0,rain,1007.0,partly-cloudy-day,83.0,1,7
2019-07-03,20938.95,295,1,85.0,0.0,0.0,15:00:00,0.0,rain,1011.0,partly-cloudy-day,82.0,2,7
2019-07-04,18100.15,295,1,82.0,0.0,0.0,13:00:00,0.0,rain,1018.0,clear-day,79.0,3,7
2019-07-05,19768.72,278,1,79.0,0.0,0.0,19:00:00,0.0,rain,1018.0,partly-cloudy-day,77.0,4,7
2019-07-06,17448.6,254,1,83.0,0.0,0.0,19:00:00,0.0,rain,1010.0,rain,79.0,5,7
2019-07-07,17422.51,279,1,76.0,0.0,0.0,02:00:00,0.0,rain,1012.0,clear-day,76.0,6,7
