date,inside_sales,outside_sales,inside_covers,outside_covers,reserved_covers,walkin_covers,waitlist_covers,no_show_covers,no_show_parties
2017-01-02,13159.84,0.0,174.0,0,106.0,26.0,42.0,17.0,6.0
2017-01-03,12442.11,0.0,181.0,0,119.0,31.0,31.0,14.0,4.0
2017-01-04,12927.64,0.0,174.0,0,131.0,17.0,26.0,5.0,2.0
2017-01-05,14457.79,0.0,191.0,0,138.0,25.0,28.0,4.0,2.0
2017-01-06,15331.97,0.0,200.0,0,130.0,16.0,54.0,6.0,3.0
2017-01-07,16245.739999999998,0.0,209.0,0,115.0,22.0,72.0,4.0,1.0
2017-01-08,14428.09,0.0,188.0,0,135.0,13.0,40.0,8.0,3.0
2017-01-09,12604.6,0.0,175.0,0,131.0,25.0,19.0,4.0,2.0
2017-01-10,13227.15,0.0,179.0,0,134.0,15.0,30.0,11.0,3.0
2017-01-11,15294.74,0.0,187.0,0,139.0,18.0,30.0,3.0,2.0
2017-01-12,15518.55,0.0,182.0,0,124.0,17.0,41.0,13.0,7.0
2017-01-13,14839.62,0.0,201.0,0,131.0,25.0,45.0,19.0,5.0
2017-01-14,17289.53,0.0,222.0,0,155.0,10.0,57.0,10.0,4.0
2017-01-15,15491.24,0.0,222.0,0,146.0,21.0,55.0,18.0,6.0
2017-01-16,13852.72,0.0,200.0,0,143.0,14.0,43.0,2.0,1.0
2017-01-17,11401.96,0.0,139.0,0,105.0,19.0,15.0,4.0,2.0
2017-01-18,13072.37,0.0,173.0,0,121.0,24.0,28.0,14.0,6.0
2017-01-19,14309.929999999997,0.0,186.0,0,129.0,23.0,34.0,5.0,3.0
2017-01-20,16909.2,0.0,202.0,0,140.0,14.0,48.0,6.0,2.0
2017-01-21,17803.79,0.0,241.0,0,163.0,20.0,58.0,4.0,2.0
2017-01-22,11864.92,0.0,167.0,0,116.0,26.0,25.0,6.0,3.0
2017-01-23,13118.67,0.0,164.0,0,129.0,18.0,17.0,16.0,5.0
2017-01-24,15002.2,0.0,179.0,0,136.0,2.0,41.0,10.0,4.0
2017-01-25,15672.27,0.0,198.0,0,151.0,15.0,32.0,2.0,1.0
2017-01-26,13775.48,0.0,148.0,0,89.0,17.0,42.0,10.0,4.0
2017-01-27,15530.009999999998,0.0,202.0,0,140.0,17.0,45.0,8.0,4.0
2017-01-28,17798.769999999997,0.0,217.0,0,142.0,25.0,50.0,8.0,3.0
2017-01-29,13957.47,0.0,198.0,0,130.0,17.0,51.0,6.0,3.0
2017-01-30,13181.96,0.0,183.0,0,139.0,11.0,33.0,9.0,4.0
2017-01-31,14639.51,0.0,161.0,0,117.0,15.0,29.0,10.0,4.0
2017-02-01,14123.7,0.0,194.0,0,145.0,8.0,41.0,8.0,3.0
2017-02-02,17747.129999999994,0.0,178.0,0,130.0,14.0,34.0,10.0,3.0
2017-02-03,17399.43,0.0,206.0,0,147.0,17.0,42.0,8.0,2.0
2017-02-04,17545.95,0.0,217.0,0,152.0,24.0,41.0,0.0,0.0
2017-02-05,0.0,0.0,,0,,,,,
2017-02-06,12541.53,0.0,168.0,0,127.0,20.0,21.0,8.0,3.0
2017-02-07,14185.24,0.0,176.0,0,133.0,14.0,29.0,9.0,3.0
2017-02-08,14382.57,0.0,186.0,0,129.0,16.0,41.0,16.0,7.0
2017-02-09,13655.02,0.0,181.0,0,112.0,16.0,53.0,12.0,7.0
2017-02-10,15970.63,0.0,177.0,0,136.0,10.0,31.0,2.0,1.0
2017-02-11,16634.659999999996,0.0,222.0,0,140.0,27.0,55.0,11.0,4.0
2017-02-12,14299.8,0.0,200.0,0,138.0,28.0,34.0,7.0,3.0
2017-02-13,14230.93,0.0,190.0,0,143.0,24.0,23.0,20.0,7.0
2017-02-14,14481.16,0.0,186.0,0,123.0,20.0,43.0,10.0,4.0
2017-02-15,15609.009999999998,0.0,196.0,0,144.0,17.0,35.0,9.0,4.0
2017-02-16,15115.679999999997,0.0,196.0,0,144.0,22.0,30.0,4.0,1.0
2017-02-17,16962.3,0.0,210.0,0,149.0,23.0,38.0,5.0,2.0
2017-02-18,15932.199999999995,0.0,215.0,0,139.0,33.0,43.0,4.0,2.0
2017-02-19,15567.31,0.0,200.0,0,140.0,22.0,38.0,8.0,2.0
2017-02-20,12690.5,0.0,183.0,0,124.0,25.0,34.0,18.0,6.0
2017-02-21,13379.98,0.0,186.0,0,127.0,20.0,39.0,6.0,2.0
2017-02-22,12914.12,0.0,172.0,0,126.0,11.0,35.0,5.0,2.0
2017-02-23,13450.75,0.0,186.0,0,129.0,19.0,38.0,0.0,0.0
2017-02-24,14834.670000000002,0.0,209.0,0,140.0,16.0,53.0,4.0,1.0
2017-02-25,16599.519999999997,0.0,231.0,0,154.0,33.0,44.0,12.0,4.0
2017-02-26,14263.85,0.0,201.0,0,125.0,38.0,38.0,17.0,7.0
2017-02-27,13716.86,0.0,171.0,0,138.0,14.0,19.0,3.0,2.0
2017-02-28,15136.09,0.0,161.0,0,113.0,33.0,15.0,4.0,2.0
2017-03-01,13773.48,0.0,179.0,0,134.0,14.0,31.0,0.0,0.0
2017-03-02,15066.19,0.0,179.0,0,133.0,17.0,29.0,14.0,6.0
2017-03-03,14819.79,0.0,190.0,0,125.0,17.0,48.0,9.0,4.0
2017-03-04,18980.779999999995,0.0,240.0,0,164.0,4.0,72.0,0.0,0.0
2017-03-05,14517.5,0.0,217.0,0,140.0,30.0,47.0,9.0,4.0
2017-03-06,13041.74,0.0,166.0,0,119.0,21.0,26.0,4.0,2.0
2017-03-07,13784.06,0.0,167.0,0,133.0,11.0,23.0,6.0,2.0
2017-03-08,14269.45,0.0,185.0,0,136.0,11.0,38.0,10.0,4.0
2017-03-09,14775.67,0.0,193.0,0,143.0,18.0,32.0,8.0,3.0
2017-03-10,15135.91,0.0,195.0,0,135.0,21.0,39.0,11.0,4.0
2017-03-11,18060.54,0.0,209.0,0,140.0,17.0,52.0,13.0,5.0
2017-03-12,14304.03,0.0,192.0,0,138.0,30.0,24.0,16.0,6.0
2017-03-13,13130.57,0.0,179.0,0,133.0,35.0,11.0,1.0,1.0
2017-03-14,0.0,0.0,,0,,,,,
2017-03-15,13946.539999999995,0.0,172.0,0,125.0,28.0,19.0,6.0,2.0
2017-03-16,14506.04,0.0,187.0,0,132.0,20.0,35.0,10.0,5.0
2017-03-17,18270.45,0.0,210.0,0,142.0,24.0,44.0,10.0,3.0
2017-03-18,17417.11,0.0,226.0,0,154.0,19.0,53.0,10.0,5.0
2017-03-19,15175.57,0.0,197.0,0,127.0,34.0,36.0,18.0,8.0
2017-03-20,13641.76,0.0,191.0,0,131.0,18.0,42.0,5.0,3.0
2017-03-21,13990.11,0.0,179.0,0,130.0,20.0,29.0,10.0,5.0
2017-03-22,13219.240000000002,0.0,181.0,0,120.0,22.0,39.0,11.0,5.0
2017-03-23,12274.55,0.0,171.0,0,120.0,20.0,31.0,18.0,7.0
2017-03-24,14918.99,0.0,193.0,0,142.0,14.0,37.0,11.0,5.0
2017-03-25,17790.2,0.0,233.0,0,169.0,22.0,42.0,5.0,2.0
2017-03-26,15494.25,0.0,213.0,0,140.0,29.0,44.0,16.0,7.0
2017-03-27,14012.569999999998,0.0,177.0,0,111.0,28.0,38.0,16.0,7.0
2017-03-28,13764.82,0.0,188.0,0,132.0,24.0,32.0,10.0,5.0
2017-03-29,13511.06,0.0,193.0,0,119.0,19.0,55.0,21.0,9.0
2017-03-30,14750.53,0.0,178.0,0,129.0,8.0,41.0,14.0,7.0
2017-03-31,14993.56,0.0,196.0,0,134.0,14.0,48.0,10.0,4.0
2017-04-01,18240.05,0.0,229.0,0,154.0,14.0,61.0,10.0,4.0
2017-04-02,13855.399999999998,0.0,206.0,0,137.0,29.0,40.0,8.0,2.0
2017-04-03,14837.15,0.0,184.0,0,129.0,16.0,39.0,12.0,3.0
2017-04-04,13197.14,0.0,175.0,0,126.0,17.0,32.0,6.0,3.0
2017-04-05,12734.13,26.0,167.0,2,119.0,10.0,40.0,10.0,3.0
2017-04-06,13259.94,0.0,179.0,0,117.0,27.0,35.0,12.0,4.0
2017-04-07,15871.63,0.0,202.0,0,147.0,13.0,42.0,6.0,3.0
2017-04-08,17201.92,0.0,233.0,0,152.0,20.0,61.0,9.0,4.0
2017-04-09,13944.97,0.0,209.0,0,136.0,24.0,49.0,14.0,5.0
2017-04-10,13294.15,4164.0,185.0,71,130.0,80.0,46.0,22.0,8.0
2017-04-11,11246.8,4619.0,164.0,89,121.0,60.0,72.0,10.0,5.0
2017-04-12,14836.66,5001.21,191.0,84,150.0,56.0,69.0,8.0,4.0
2017-04-13,15669.83,3782.38,193.0,67,157.0,53.0,50.0,2.0,1.0
2017-04-14,16497.2,3915.5,207.0,76,135.0,67.0,81.0,28.0,10.0
2017-04-15,17041.18,4769.0,210.0,81,131.0,91.0,69.0,14.0,5.0
2017-04-16,13162.99,4921.0,199.0,106,128.0,76.0,101.0,21.0,8.0
2017-04-17,11764.6,3301.98,165.0,61,123.0,88.0,15.0,17.0,8.0
2017-04-18,13129.11,366.5,173.0,8,134.0,17.0,30.0,10.0,4.0
2017-04-19,12213.749999999998,0.0,176.0,0,113.0,30.0,33.0,8.0,4.0
2017-04-20,13549.070000000003,1669.17,184.0,30,127.0,49.0,38.0,14.0,6.0
2017-04-21,15855.95,176.0,199.0,2,133.0,10.0,58.0,15.0,5.0
2017-04-22,17513.949999999993,0.0,232.0,0,143.0,27.0,62.0,8.0,4.0
2017-04-23,15399.77,2084.5,203.0,43,119.0,70.0,57.0,22.0,8.0
2017-04-24,14321.38,0.0,200.0,0,131.0,20.0,49.0,16.0,5.0
2017-04-25,15762.3,0.0,166.0,0,102.0,14.0,50.0,12.0,5.0
2017-04-26,13659.22,544.0,163.0,11,111.0,26.0,37.0,11.0,3.0
2017-04-27,14241.45,1327.5,202.0,33,127.0,60.0,48.0,30.0,10.0
2017-04-28,14681.55,7498.0,183.0,114,140.0,68.0,89.0,26.0,9.0
2017-04-29,17023.25,7897.22,188.0,127,142.0,43.0,130.0,12.0,5.0
2017-04-30,13939.2,84.0,205.0,2,139.0,17.0,51.0,22.0,8.0
2017-05-01,11624.23,3760.89,162.0,60,110.0,61.0,51.0,16.0,7.0
2017-05-02,13417.57,5621.549999999998,180.0,86,129.0,61.0,76.0,13.0,6.0
2017-05-03,12843.27,2846.0,175.0,42,107.0,51.0,59.0,24.0,8.0
2017-05-04,14497.92,334.42,185.0,14,126.0,35.0,38.0,16.0,6.0
2017-05-05,15769.13,0.0,205.0,0,135.0,21.0,49.0,4.0,2.0
2017-05-06,16751.370000000006,2253.0,225.0,46,136.0,65.0,70.0,18.0,6.0
2017-05-07,14938.69,0.0,200.0,0,123.0,16.0,61.0,21.0,8.0
2017-05-08,13171.45,1630.0,171.0,39,102.0,69.0,39.0,9.0,4.0
2017-05-09,14515.84,104.0,185.0,3,127.0,21.0,40.0,14.0,4.0
2017-05-10,13333.11,3194.5,173.0,53,124.0,70.0,32.0,21.0,8.0
2017-05-11,16600.78,2098.0,195.0,36,131.0,48.0,52.0,10.0,4.0
2017-05-12,16186.37,2761.0,198.0,54,132.0,51.0,69.0,21.0,7.0
2017-05-13,16634.989999999998,0.0,217.0,0,132.0,39.0,46.0,17.0,6.0
2017-05-14,14104.57,3714.0,221.0,56,149.0,76.0,52.0,10.0,6.0
2017-05-15,14619.05,4898.0,162.0,81,121.0,73.0,49.0,13.0,5.0
2017-05-16,13584.74,6678.13,184.0,103,145.0,44.0,98.0,20.0,9.0
2017-05-17,12554.89,5574.61,170.0,100,126.0,60.0,84.0,14.0,7.0
2017-05-18,14528.9,5349.3,196.0,84,127.0,70.0,83.0,18.0,7.0
2017-05-19,14493.43,5773.48,194.0,105,155.0,45.0,99.0,13.0,7.0
2017-05-20,18713.63,4784.84,213.0,102,143.0,52.0,120.0,9.0,4.0
2017-05-21,13555.5,4690.5,190.0,91,121.0,82.0,78.0,33.0,12.0
2017-05-22,14307.2,0.0,190.0,0,124.0,25.0,41.0,11.0,5.0
2017-05-23,13687.53,4048.5,168.0,79,115.0,65.0,67.0,14.0,7.0
2017-05-24,13219.46,4360.84,184.0,77,128.0,69.0,64.0,27.0,12.0
2017-05-25,15073.34,0.0,187.0,0,111.0,24.0,52.0,13.0,5.0
2017-05-26,15073.999999999998,6612.48,197.0,100,132.0,42.0,123.0,16.0,7.0
2017-05-27,15183.88,6186.17,212.0,102,145.0,44.0,125.0,12.0,6.0
2017-05-28,16041.19,5743.5,220.0,101,132.0,79.0,110.0,12.0,5.0
2017-05-29,12522.7,1563.5,182.0,26,118.0,32.0,58.0,27.0,11.0
2017-05-30,13781.12,184.5,194.0,3,118.0,22.0,57.0,13.0,6.0
2017-05-31,14624.48,4208.5,176.0,80,123.0,72.0,61.0,22.0,9.0
2017-06-01,12063.4,5377.5,176.0,86,111.0,81.0,70.0,32.0,10.0
2017-06-02,15566.88,7445.91,168.0,137,131.0,60.0,114.0,6.0,3.0
2017-06-03,16106.63,7925.0,203.0,128,152.0,44.0,135.0,7.0,3.0
2017-06-04,14567.5,0.0,211.0,0,121.0,33.0,57.0,7.0,3.0
2017-06-05,12927.54,1090.5,171.0,27,109.0,31.0,58.0,12.0,5.0
2017-06-06,15728.74,0.0,185.0,0,128.0,25.0,32.0,18.0,9.0
2017-06-07,14807.97,4945.0,170.0,88,117.0,74.0,67.0,26.0,13.0
2017-06-08,14142.99,3195.08,176.0,51,125.0,52.0,50.0,19.0,7.0
2017-06-09,14799.02,7802.0,186.0,115,147.0,50.0,104.0,12.0,4.0
2017-06-10,15207.24,7747.0,191.0,125,120.0,58.0,138.0,30.0,10.0
2017-06-11,12895.079999999998,5303.13,188.0,102,121.0,89.0,80.0,20.0,8.0
2017-06-12,13012.01,4566.5,168.0,93,117.0,82.0,62.0,28.0,10.0
2017-06-13,12198.81,3807.5,186.0,70,118.0,70.0,68.0,28.0,9.0
2017-06-14,13244.11,5336.88,182.0,77,124.0,56.0,79.0,11.0,5.0
2017-06-15,15192.26,5314.97,184.0,91,140.0,54.0,81.0,18.0,8.0
2017-06-16,15727.78,5047.0,197.0,90,151.0,58.0,78.0,14.0,6.0
2017-06-17,16829.43,4976.67,190.0,102,130.0,93.0,69.0,35.0,12.0
2017-06-18,13134.39,5022.49,196.0,96,131.0,69.0,92.0,32.0,12.0
2017-06-19,13991.77,0.0,177.0,0,118.0,19.0,40.0,28.0,12.0
2017-06-20,12398.23,6477.63,189.0,102,128.0,84.0,79.0,23.0,7.0
2017-06-21,13197.29,5956.950000000002,169.0,99,135.0,57.0,76.0,20.0,8.0
2017-06-22,13939.559999999998,6081.8,154.0,111,117.0,38.0,110.0,21.0,9.0
2017-06-23,16353.36,0.0,200.0,5,141.0,3.0,61.0,18.0,9.0
2017-06-24,16211.179999999997,7313.21,197.0,115,151.0,58.0,103.0,14.0,5.0
2017-06-25,12659.490000000002,5744.55,189.0,106,121.0,67.0,107.0,23.0,8.0
2017-06-26,12941.88,4954.0,180.0,80,136.0,56.0,68.0,17.0,6.0
2017-06-27,12553.62,5261.18,151.0,107,130.0,64.0,64.0,21.0,9.0
2017-06-28,15526.919999999998,5581.46,162.0,92,147.0,44.0,63.0,7.0,3.0
2017-06-29,12673.13,5672.0,157.0,106,129.0,75.0,59.0,17.0,7.0
2017-06-30,15662.149999999998,4779.01,201.0,77,148.0,53.0,77.0,12.0,5.0
2017-07-01,15957.69,5348.0,223.0,85,156.0,75.0,77.0,20.0,6.0
2017-07-02,14588.54,7725.39,217.0,129,140.0,62.0,144.0,30.0,12.0
2017-07-03,14509.19,7319.55,194.0,115,125.0,72.0,112.0,17.0,6.0
2017-07-04,11978.96,5884.69,183.0,107,96.0,134.0,60.0,32.0,12.0
2017-07-05,11827.669999999998,5477.5,148.0,112,111.0,66.0,83.0,24.0,10.0
2017-07-06,12197.88,4487.5,168.0,81,119.0,86.0,44.0,30.0,10.0
2017-07-07,15878.84,2830.5,188.0,68,128.0,60.0,68.0,16.0,5.0
2017-07-08,15991.75,7466.0,199.0,132,128.0,80.0,123.0,14.0,6.0
2017-07-09,13829.5,6024.5,196.0,106,135.0,83.0,84.0,32.0,9.0
2017-07-10,12842.45,4061.02,176.0,77,119.0,61.0,73.0,13.0,5.0
2017-07-11,12741.23,4409.38,182.0,75,128.0,84.0,45.0,22.0,9.0
2017-07-12,14399.47,947.5,184.0,30,134.0,47.0,33.0,26.0,9.0
2017-07-13,13686.990000000002,0.0,186.0,0,113.0,27.0,46.0,15.0,7.0
2017-07-14,15037.84,0.0,204.0,0,145.0,20.0,39.0,8.0,3.0
2017-07-15,15675.67,6790.5,201.0,105,146.0,48.0,112.0,23.0,9.0
2017-07-16,13457.31,5966.5,198.0,109,126.0,64.0,117.0,16.0,7.0
2017-07-17,13317.17,3647.21,187.0,79,134.0,78.0,54.0,17.0,9.0
2017-07-18,12022.86,6442.48,161.0,85,117.0,68.0,61.0,19.0,7.0
2017-07-19,12747.39,4887.84,172.0,91,128.0,73.0,62.0,16.0,6.0
2017-07-20,14222.98,2395.0,170.0,40,134.0,41.0,35.0,12.0,5.0
2017-07-21,14705.17,6266.0,206.0,99,150.0,55.0,100.0,13.0,5.0
2017-07-22,18243.54,1014.0,221.0,27,117.0,63.0,68.0,27.0,9.0
2017-07-23,17013.199999999993,5016.0,206.0,93,148.0,78.0,73.0,8.0,3.0
2017-07-24,13543.94,1046.5,171.0,26,109.0,48.0,40.0,10.0,4.0
2017-07-25,13297.26,5033.5,156.0,82,123.0,53.0,62.0,16.0,6.0
2017-07-26,14047.67,5519.5,176.0,87,147.0,55.0,61.0,21.0,8.0
2017-07-27,14598.44,4008.96,193.0,72,132.0,65.0,68.0,15.0,6.0
2017-07-28,14663.24,5702.5,195.0,100,124.0,63.0,108.0,35.0,14.0
2017-07-29,15562.11,7189.0,220.0,130,152.0,71.0,127.0,16.0,7.0
2017-07-30,13614.36,7344.88,184.0,122,124.0,72.0,110.0,10.0,3.0
2017-07-31,13067.24,4781.13,188.0,77,132.0,63.0,70.0,9.0,5.0
2017-08-01,11004.36,4611.5,160.0,85,121.0,60.0,64.0,21.0,9.0
2017-08-02,13404.86,2856.0,161.0,42,132.0,18.0,53.0,19.0,7.0
2017-08-03,15063.759999999998,4461.5,180.0,87,133.0,55.0,79.0,12.0,3.0
2017-08-04,14477.75,7325.98,197.0,119,128.0,67.0,121.0,26.0,9.0
2017-08-05,16061.959999999995,7801.26,218.0,135,147.0,56.0,150.0,20.0,8.0
2017-08-06,13366.839999999998,7201.0,193.0,117,125.0,67.0,118.0,17.0,6.0
2017-08-07,14308.249999999998,0.0,186.0,0,128.0,14.0,44.0,11.0,5.0
2017-08-08,12335.28,5132.21,157.0,99,122.0,66.0,68.0,21.0,8.0
2017-08-09,13570.7,5854.5,182.0,101,162.0,40.0,81.0,8.0,4.0
2017-08-10,13985.32,6498.17,194.0,95,153.0,50.0,86.0,18.0,7.0
2017-08-11,15111.63,5541.0,193.0,93,145.0,47.0,94.0,17.0,6.0
2017-08-12,15923.2,5654.0,192.0,94,147.0,59.0,80.0,11.0,6.0
2017-08-13,14686.77,6330.69,212.0,113,136.0,91.0,98.0,16.0,7.0
2017-08-14,12545.42,5191.67,174.0,86,137.0,61.0,62.0,22.0,9.0
2017-08-15,11992.97,4222.0,157.0,74,125.0,60.0,46.0,22.0,8.0
2017-08-16,12639.89,5863.0,162.0,96,127.0,48.0,83.0,23.0,8.0
2017-08-17,12026.11,6088.0,167.0,103,135.0,71.0,64.0,40.0,14.0
2017-08-18,16542.829999999998,860.0,191.0,25,133.0,32.0,51.0,24.0,7.0
2017-08-19,14475.31,8107.13,197.0,132,156.0,42.0,131.0,22.0,8.0
2017-08-20,12300.07,4823.5,184.0,97,114.0,86.0,81.0,19.0,9.0
2017-08-21,11535.22,5494.5,166.0,94,135.0,60.0,65.0,10.0,4.0
2017-08-22,12102.29,4393.5,183.0,76,126.0,83.0,50.0,19.0,8.0
2017-08-23,13163.74,5672.0,175.0,104,130.0,61.0,88.0,22.0,10.0
2017-08-24,12845.74,5641.0,163.0,94,113.0,68.0,76.0,20.0,8.0
2017-08-25,13149.34,7395.0,184.0,110,151.0,51.0,92.0,12.0,5.0
2017-08-26,13359.34,6897.41,205.0,115,127.0,75.0,118.0,19.0,8.0
2017-08-27,13484.0,6730.07,180.0,126,125.0,70.0,111.0,20.0,9.0
2017-08-28,14718.64,4780.5,204.0,72,139.0,85.0,52.0,17.0,8.0
2017-08-29,13213.19,0.0,184.0,0,134.0,23.0,27.0,23.0,9.0
2017-08-30,14429.14,4848.0,178.0,101,127.0,68.0,84.0,13.0,6.0
2017-08-31,12712.38,6251.0,169.0,102,133.0,68.0,70.0,24.0,11.0
2017-09-01,15084.56,5818.0,193.0,110,130.0,54.0,119.0,21.0,8.0
2017-09-02,16146.44,0.0,214.0,9,136.0,28.0,59.0,4.0,2.0
2017-09-03,15226.27,7114.940000000001,193.0,129,139.0,66.0,117.0,13.0,5.0
2017-09-04,13684.25,5409.63,196.0,98,128.0,65.0,101.0,34.0,10.0
2017-09-05,11958.47,3372.5,184.0,60,134.0,49.0,61.0,18.0,8.0
2017-09-06,19011.01,0.0,183.0,0,124.0,27.0,32.0,9.0,5.0
2017-09-07,12200.46,4932.5,171.0,90,105.0,100.0,56.0,40.0,13.0
2017-09-08,14816.19,5928.5,189.0,97,142.0,72.0,72.0,26.0,13.0
2017-09-09,17040.54,8129.5,198.0,117,152.0,61.0,102.0,20.0,7.0
2017-09-10,13594.009999999998,6244.98,197.0,107,115.0,90.0,99.0,18.0,6.0
2017-09-11,11879.239999999998,4611.0,160.0,82,123.0,48.0,71.0,18.0,7.0
2017-09-12,13365.39,5930.0,150.0,99,132.0,51.0,66.0,16.0,5.0
2017-09-13,13017.94,4684.0,171.0,71,132.0,67.0,43.0,16.0,6.0
2017-09-14,14029.47,4819.5,182.0,83,127.0,90.0,48.0,20.0,10.0
2017-09-15,16592.760000000002,7299.0,176.0,123,148.0,50.0,101.0,6.0,2.0
2017-09-16,15538.67,6985.3,186.0,117,157.0,61.0,85.0,16.0,6.0
2017-09-17,12164.32,6410.13,171.0,107,126.0,54.0,98.0,30.0,11.0
2017-09-18,13568.5,2561.94,189.0,49,129.0,67.0,42.0,10.0,5.0
2017-09-19,13213.17,0.0,185.0,0,114.0,24.0,47.0,15.0,5.0
2017-09-20,13463.0,4414.5,167.0,78,119.0,68.0,58.0,27.0,9.0
2017-09-21,12122.5,5421.0,170.0,81,129.0,46.0,76.0,6.0,2.0
2017-09-22,16806.97,7043.0,177.0,121,131.0,73.0,94.0,9.0,3.0
2017-09-23,14781.02,8088.17,176.0,128,144.0,61.0,99.0,19.0,6.0
2017-09-24,15292.979999999998,5812.09,188.0,89,120.0,49.0,108.0,6.0,3.0
2017-09-25,12402.47,4219.5,160.0,74,130.0,49.0,55.0,21.0,8.0
2017-09-26,11746.39,3276.5,174.0,54,107.0,79.0,42.0,6.0,3.0
2017-09-27,13053.71,4626.25,154.0,77,121.0,52.0,58.0,24.0,9.0
2017-09-28,13579.759999999998,3453.34,171.0,75,131.0,64.0,51.0,14.0,5.0
2017-09-29,15094.87,6752.63,195.0,106,155.0,63.0,83.0,7.0,3.0
2017-09-30,17188.44,4214.0,221.0,69,154.0,78.0,58.0,22.0,10.0
2017-10-01,13615.99,5314.0,180.0,100,130.0,77.0,73.0,13.0,6.0
2017-10-02,12110.05,3094.5,168.0,58,113.0,69.0,44.0,37.0,14.0
2017-10-03,14212.16,3270.0,195.0,60,144.0,54.0,57.0,17.0,7.0
2017-10-04,11686.51,5014.0,159.0,83,114.0,69.0,59.0,28.0,9.0
2017-10-05,16526.109999999993,3306.5,184.0,65,121.0,80.0,48.0,21.0,9.0
2017-10-06,14574.51,7504.65,202.0,104,161.0,58.0,87.0,12.0,4.0
2017-10-07,13430.319999999998,7511.0,189.0,122,130.0,62.0,119.0,16.0,7.0
2017-10-08,14986.73,4556.5,191.0,86,122.0,63.0,92.0,9.0,4.0
2017-10-09,11963.9,0.0,180.0,0,114.0,36.0,30.0,10.0,4.0
2017-10-10,16150.46,4707.5,157.0,88,135.0,62.0,48.0,15.0,7.0
2017-10-11,16262.21,0.0,180.0,4,121.0,26.0,37.0,15.0,6.0
2017-10-12,14665.87,2548.5,189.0,28,127.0,45.0,45.0,19.0,6.0
2017-10-13,14984.36,6096.0,199.0,108,143.0,53.0,111.0,18.0,6.0
2017-10-14,15717.4,6352.5,196.0,106,151.0,61.0,90.0,6.0,2.0
2017-10-15,14638.729999999998,4322.0,182.0,78,122.0,80.0,58.0,5.0,2.0
2017-10-16,14182.99,0.0,182.0,0,122.0,20.0,40.0,13.0,5.0
2017-10-17,12756.3,0.0,179.0,0,114.0,35.0,30.0,21.0,10.0
2017-10-18,13725.51,3579.12,184.0,56,137.0,46.0,57.0,8.0,4.0
2017-10-19,14178.88,4282.17,185.0,65,127.0,67.0,56.0,29.0,10.0
2017-10-20,14863.48,5901.98,187.0,85,145.0,54.0,73.0,13.0,5.0
2017-10-21,16583.739999999994,7211.98,202.0,113,145.0,54.0,116.0,10.0,5.0
2017-10-22,14256.47,5181.6100000000015,188.0,89,117.0,54.0,106.0,13.0,5.0
2017-10-23,15603.8,3548.0,181.0,67,135.0,64.0,49.0,11.0,5.0
2017-10-24,13815.61,0.0,192.0,0,119.0,29.0,44.0,11.0,4.0
2017-10-25,14156.55,2688.13,191.0,47,131.0,57.0,50.0,24.0,8.0
2017-10-26,18560.79,0.0,189.0,0,132.0,24.0,33.0,9.0,5.0
2017-10-27,15526.58,3365.0,191.0,52,141.0,68.0,34.0,13.0,5.0
2017-10-28,16796.1,6863.5,186.0,101,151.0,54.0,82.0,10.0,4.0
2017-10-29,14239.55,0.0,191.0,0,126.0,22.0,43.0,18.0,7.0
2017-10-30,13725.509999999998,0.0,177.0,0,128.0,13.0,36.0,14.0,5.0
2017-10-31,13040.32,0.0,189.0,0,121.0,24.0,44.0,20.0,9.0
2017-11-01,17678.12,0.0,176.0,0,130.0,18.0,28.0,20.0,7.0
2017-11-02,13972.7,2471.5,177.0,54,112.0,89.0,30.0,25.0,11.0
2017-11-03,16277.0,5194.5,183.0,94,125.0,70.0,82.0,26.0,7.0
2017-11-04,17404.57,0.0,214.0,0,152.0,33.0,29.0,8.0,4.0
2017-11-05,15577.17,0.0,199.0,0,130.0,36.0,33.0,21.0,8.0
2017-11-06,14282.8,0.0,184.0,0,130.0,24.0,30.0,14.0,7.0
2017-11-07,12763.13,0.0,164.0,0,111.0,20.0,33.0,19.0,5.0
2017-11-08,15251.01,0.0,184.0,0,125.0,33.0,26.0,7.0,3.0
2017-11-09,16385.379999999994,0.0,186.0,0,138.0,13.0,35.0,14.0,4.0
2017-11-10,17368.440000000002,0.0,200.0,0,148.0,21.0,31.0,14.0,4.0
2017-11-11,15800.3,0.0,202.0,0,129.0,24.0,49.0,21.0,5.0
2017-11-12,14902.36,0.0,201.0,0,126.0,32.0,43.0,14.0,6.0
2017-11-13,12977.0,0.0,168.0,0,111.0,23.0,34.0,27.0,10.0
2017-11-14,13953.13,0.0,166.0,0,112.0,27.0,27.0,14.0,6.0
2017-11-15,15811.91,0.0,187.0,0,120.0,19.0,48.0,18.0,7.0
2017-11-16,16681.98,0.0,189.0,0,138.0,17.0,34.0,19.0,6.0
2017-11-17,16040.229999999998,0.0,189.0,0,137.0,17.0,35.0,2.0,1.0
2017-11-18,19629.02,0.0,215.0,0,154.0,17.0,44.0,8.0,4.0
2017-11-19,15032.04,0.0,203.0,0,117.0,33.0,53.0,22.0,8.0
2017-11-20,14128.5,0.0,180.0,0,122.0,33.0,25.0,5.0,2.0
2017-11-21,15569.8,0.0,190.0,0,138.0,15.0,37.0,8.0,3.0
2017-11-22,16224.55,0.0,198.0,0,142.0,28.0,28.0,8.0,4.0
2017-11-23,0.0,0.0,,0,,,,,
2017-11-24,13427.240000000002,0.0,188.0,0,113.0,33.0,42.0,10.0,5.0
2017-11-25,14833.24,0.0,213.0,0,133.0,11.0,69.0,7.0,2.0
2017-11-26,13432.36,0.0,186.0,0,132.0,26.0,28.0,24.0,12.0
2017-11-27,12881.51,0.0,174.0,0,115.0,15.0,44.0,14.0,6.0
2017-11-28,14999.48,0.0,146.0,0,105.0,17.0,24.0,13.0,4.0
2017-11-29,15724.67,0.0,171.0,0,126.0,21.0,24.0,4.0,2.0
2017-11-30,12896.5,0.0,173.0,0,119.0,23.0,31.0,6.0,2.0
2017-12-01,15511.27,0.0,181.0,0,133.0,18.0,30.0,4.0,1.0
2017-12-02,18556.11,0.0,222.0,0,144.0,35.0,43.0,6.0,3.0
2017-12-03,15865.48,0.0,205.0,0,131.0,7.0,67.0,25.0,8.0
2017-12-04,19433.48,0.0,178.0,0,125.0,19.0,34.0,19.0,7.0
2017-12-05,14639.21,0.0,155.0,0,104.0,22.0,29.0,6.0,2.0
2017-12-06,14597.31,0.0,180.0,0,129.0,19.0,32.0,14.0,5.0
2017-12-07,20422.05,0.0,170.0,0,126.0,14.0,30.0,13.0,5.0
2017-12-08,17726.059999999998,0.0,198.0,0,151.0,14.0,33.0,6.0,3.0
2017-12-09,15744.28,0.0,209.0,0,133.0,18.0,58.0,14.0,4.0
2017-12-10,14365.0,0.0,189.0,0,120.0,37.0,32.0,12.0,4.0
2017-12-11,12052.75,0.0,169.0,0,121.0,20.0,28.0,10.0,3.0
2017-12-12,14517.97,0.0,162.0,0,112.0,17.0,33.0,4.0,2.0
2017-12-13,15496.48,0.0,177.0,0,121.0,18.0,38.0,9.0,3.0
2017-12-14,14323.89,0.0,183.0,0,149.0,19.0,15.0,9.0,4.0
2017-12-15,17763.8,0.0,196.0,0,126.0,34.0,36.0,14.0,5.0
2017-12-16,15935.17,0.0,203.0,0,143.0,27.0,33.0,12.0,4.0
2017-12-17,16267.0,0.0,214.0,0,127.0,26.0,61.0,9.0,4.0
2017-12-18,14395.6,0.0,173.0,0,130.0,13.0,30.0,12.0,5.0
2017-12-19,16609.84,0.0,192.0,2,135.0,11.0,48.0,6.0,2.0
2017-12-20,17182.139999999996,0.0,173.0,0,133.0,16.0,24.0,27.0,8.0
2017-12-21,17355.11,0.0,192.0,0,147.0,20.0,25.0,6.0,3.0
2017-12-22,18221.14,0.0,160.0,0,118.0,9.0,33.0,4.0,2.0
2017-12-23,15586.86,0.0,206.0,0,126.0,36.0,44.0,8.0,2.0
2017-12-24,0.0,0.0,,0,,,,,
2017-12-25,0.0,0.0,,0,,,,,
2017-12-26,14696.17,0.0,191.0,0,127.0,11.0,53.0,10.0,4.0
2017-12-27,13799.65,0.0,196.0,0,133.0,7.0,56.0,2.0,1.0
2017-12-28,16099.48,0.0,210.0,0,139.0,18.0,53.0,10.0,3.0
2017-12-29,15889.64,0.0,203.0,0,130.0,1.0,72.0,10.0,5.0
2017-12-30,14915.91,0.0,202.0,2,144.0,16.0,44.0,8.0,4.0
2017-12-31,16199.589999999995,0.0,204.0,0,148.0,21.0,35.0,13.0,5.0
2018-01-01,381.0,0.0,,0,,,,,
2018-01-02,11591.75,0.0,163.0,2,102.0,27.0,36.0,18.0,9.0
2018-01-03,12052.11,0.0,156.0,2,116.0,23.0,19.0,22.0,8.0
2018-01-04,12296.98,0.0,172.0,0,100.0,16.0,56.0,12.0,6.0
2018-01-05,15831.14,0.0,183.0,0,130.0,13.0,40.0,8.0,4.0
2018-01-06,17706.94,0.0,205.0,0,145.0,27.0,33.0,14.0,6.0
2018-01-07,12013.589999999998,0.0,174.0,0,125.0,16.0,33.0,10.0,4.0
2018-01-08,10950.13,0.0,160.0,0,110.0,24.0,26.0,10.0,4.0
2018-01-09,13713.21,0.0,188.0,0,124.0,25.0,39.0,14.0,6.0
2018-01-10,13153.22,0.0,183.0,0,132.0,22.0,29.0,6.0,3.0
2018-01-11,13591.3,0.0,173.0,0,121.0,17.0,35.0,17.0,5.0
2018-01-12,15769.51,0.0,195.0,0,142.0,22.0,31.0,6.0,3.0
2018-01-13,15649.11,0.0,208.0,0,133.0,18.0,57.0,10.0,2.0
2018-01-14,14887.05,0.0,194.0,0,138.0,15.0,41.0,8.0,4.0
2018-01-15,14474.18,0.0,184.0,0,125.0,9.0,50.0,19.0,7.0
2018-01-16,12975.52,0.0,175.0,0,128.0,17.0,30.0,16.0,6.0
2018-01-17,13090.01,0.0,182.0,0,132.0,16.0,34.0,17.0,6.0
2018-01-18,12896.48,0.0,158.0,0,105.0,20.0,33.0,25.0,10.0
2018-01-19,14100.47,0.0,185.0,0,137.0,12.0,36.0,4.0,2.0
2018-01-20,16153.19,0.0,206.0,0,149.0,23.0,34.0,11.0,5.0
2018-01-21,13986.0,0.0,192.0,0,141.0,25.0,26.0,4.0,2.0
2018-01-22,13145.0,0.0,182.0,0,137.0,13.0,32.0,11.0,5.0
2018-01-23,13383.92,0.0,171.0,4,136.0,15.0,24.0,2.0,1.0
2018-01-24,14668.75,0.0,187.0,0,139.0,15.0,33.0,7.0,3.0
2018-01-25,14697.44,0.0,186.0,0,129.0,22.0,35.0,10.0,4.0
2018-01-26,15793.57,0.0,196.0,0,145.0,18.0,33.0,8.0,3.0
2018-01-27,18097.83,0.0,211.0,0,163.0,20.0,28.0,6.0,2.0
2018-01-28,15762.86,0.0,217.0,0,147.0,29.0,41.0,5.0,2.0
2018-01-29,13543.61,0.0,181.0,0,146.0,5.0,30.0,11.0,5.0
2018-01-30,12223.45,0.0,160.0,0,107.0,32.0,21.0,10.0,4.0
2018-01-31,14233.5,0.0,175.0,0,136.0,19.0,20.0,3.0,1.0
2018-02-01,15137.0,0.0,171.0,0,117.0,33.0,21.0,10.0,4.0
2018-02-02,16261.74,0.0,172.0,0,134.0,19.0,19.0,4.0,1.0
2018-02-03,17275.07,0.0,208.0,0,148.0,34.0,26.0,15.0,5.0
2018-02-04,0.0,0.0,,0,,,,,
2018-02-05,13081.65,0.0,170.0,0,113.0,38.0,19.0,10.0,4.0
2018-02-06,12446.82,0.0,157.0,0,111.0,20.0,26.0,13.0,5.0
2018-02-07,11371.75,0.0,144.0,0,106.0,16.0,22.0,20.0,6.0
2018-02-08,16081.5,0.0,175.0,0,126.0,22.0,27.0,2.0,1.0
2018-02-09,18509.32,0.0,205.0,0,142.0,16.0,47.0,5.0,2.0
2018-02-10,16519.23,0.0,203.0,0,142.0,30.0,31.0,9.0,3.0
2018-02-11,15937.24,0.0,201.0,0,126.0,29.0,46.0,8.0,4.0
2018-02-12,16637.839999999997,0.0,199.0,0,136.0,17.0,46.0,9.0,4.0
2018-02-13,13032.24,0.0,180.0,0,142.0,5.0,33.0,5.0,2.0
2018-02-14,15317.94,0.0,184.0,0,159.0,17.0,8.0,4.0,2.0
2018-02-15,14609.26,0.0,193.0,0,135.0,22.0,36.0,2.0,1.0
2018-02-16,15764.829999999998,0.0,190.0,0,155.0,21.0,14.0,8.0,3.0
2018-02-17,15503.48,0.0,206.0,0,156.0,21.0,29.0,4.0,2.0
2018-02-18,17442.629999999994,0.0,223.0,0,157.0,24.0,42.0,2.0,1.0
2018-02-19,13704.0,0.0,176.0,0,120.0,11.0,45.0,12.0,5.0
2018-02-20,12742.07,0.0,163.0,0,122.0,26.0,15.0,18.0,7.0
2018-02-21,13869.01,0.0,182.0,0,115.0,28.0,39.0,11.0,4.0
2018-02-22,15877.63,0.0,172.0,0,137.0,12.0,23.0,4.0,1.0
2018-02-23,13772.15,0.0,179.0,0,121.0,12.0,46.0,12.0,5.0
2018-02-24,21976.76,0.0,210.0,0,150.0,26.0,34.0,2.0,1.0
2018-02-25,13971.81,0.0,206.0,0,134.0,17.0,55.0,10.0,4.0
2018-02-26,17876.87,0.0,171.0,0,111.0,15.0,45.0,5.0,2.0
2018-02-27,14237.64,0.0,171.0,0,128.0,16.0,27.0,9.0,4.0
2018-02-28,12150.94,0.0,162.0,0,120.0,15.0,27.0,6.0,3.0
2018-03-01,13980.8,0.0,177.0,0,127.0,21.0,29.0,11.0,3.0
2018-03-02,15440.15,0.0,180.0,0,138.0,2.0,40.0,4.0,1.0
2018-03-03,18356.160000000003,0.0,217.0,0,171.0,8.0,38.0,11.0,3.0
2018-03-04,14259.57,0.0,184.0,0,123.0,27.0,34.0,6.0,3.0
2018-03-05,13305.0,0.0,169.0,0,122.0,8.0,39.0,16.0,6.0
2018-03-06,12088.94,0.0,157.0,0,106.0,29.0,22.0,17.0,6.0
2018-03-07,13685.18,0.0,158.0,0,102.0,14.0,42.0,14.0,7.0
2018-03-08,14277.66,0.0,167.0,0,131.0,17.0,19.0,6.0,2.0
2018-03-09,18137.11,0.0,191.0,0,138.0,10.0,43.0,12.0,4.0
2018-03-10,19734.19,0.0,208.0,0,167.0,11.0,30.0,10.0,3.0
2018-03-11,14177.67,0.0,195.0,0,111.0,28.0,56.0,10.0,4.0
2018-03-12,12434.9,0.0,168.0,0,107.0,16.0,45.0,27.0,9.0
2018-03-13,13097.63,0.0,183.0,0,135.0,17.0,31.0,6.0,2.0
2018-03-14,13295.0,0.0,165.0,0,115.0,35.0,15.0,15.0,7.0
2018-03-15,13203.02,0.0,190.0,0,135.0,25.0,30.0,8.0,3.0
2018-03-16,15502.47,0.0,182.0,0,139.0,10.0,33.0,6.0,2.0
2018-03-17,17215.66,0.0,208.0,0,144.0,31.0,33.0,6.0,1.0
2018-03-18,14037.34,0.0,185.0,0,116.0,22.0,47.0,8.0,3.0
2018-03-19,13587.97,0.0,191.0,0,125.0,23.0,43.0,24.0,8.0
2018-03-20,13245.02,0.0,173.0,0,125.0,17.0,31.0,9.0,3.0
2018-03-21,13036.93,0.0,165.0,0,88.0,19.0,58.0,30.0,11.0
2018-03-22,14031.82,0.0,170.0,0,122.0,25.0,23.0,9.0,3.0
2018-03-23,16848.579999999998,0.0,203.0,0,157.0,16.0,30.0,2.0,1.0
2018-03-24,17664.66,0.0,222.0,0,158.0,5.0,59.0,0.0,0.0
2018-03-25,14533.32,0.0,199.0,0,134.0,37.0,28.0,8.0,3.0
2018-03-26,12464.67,0.0,170.0,0,114.0,21.0,35.0,11.0,5.0
2018-03-27,13446.0,0.0,167.0,0,118.0,16.0,33.0,22.0,9.0
2018-03-28,13819.489999999998,0.0,156.0,0,119.0,15.0,22.0,22.0,8.0
2018-03-29,14182.87,0.0,193.0,0,137.0,12.0,44.0,5.0,2.0
2018-03-30,14656.24,0.0,172.0,0,120.0,6.0,46.0,13.0,4.0
2018-03-31,15249.67,0.0,202.0,0,143.0,25.0,34.0,10.0,4.0
2018-04-01,14288.22,758.0,211.0,18,132.0,55.0,42.0,8.0,3.0
2018-04-02,12480.72,0.0,169.0,0,114.0,16.0,39.0,15.0,5.0
2018-04-03,13825.48,0.0,172.0,0,139.0,14.0,19.0,2.0,1.0
2018-04-04,14518.67,0.0,178.0,0,131.0,14.0,33.0,14.0,4.0
2018-04-05,12431.53,0.0,180.0,0,120.0,27.0,33.0,10.0,3.0
2018-04-06,16374.57,2234.5,198.0,50,138.0,39.0,71.0,0.0,0.0
2018-04-07,17592.6,1625.0,224.0,26,164.0,38.0,48.0,4.0,1.0
2018-04-08,16561.0,0.0,221.0,0,137.0,15.0,69.0,5.0,2.0
2018-04-09,12958.0,0.0,178.0,0,131.0,29.0,18.0,8.0,3.0
2018-04-10,14129.44,0.0,181.0,0,142.0,20.0,19.0,13.0,4.0
2018-04-11,16705.75,290.0,186.0,6,128.0,18.0,46.0,4.0,1.0
2018-04-12,14819.07,1327.5,187.0,16,133.0,27.0,43.0,6.0,2.0
2018-04-13,16591.81,5598.5,186.0,92,139.0,38.0,101.0,16.0,6.0
2018-04-14,16506.27,3251.5,201.0,63,177.0,32.0,55.0,9.0,4.0
2018-04-15,14469.12,0.0,185.0,0,124.0,18.0,43.0,2.0,1.0
2018-04-16,18094.83,185.0,163.0,4,106.0,28.0,33.0,15.0,6.0
2018-04-17,12857.1,0.0,180.0,0,116.0,17.0,47.0,10.0,4.0
2018-04-18,15526.12,530.5,185.0,10,136.0,26.0,33.0,8.0,4.0
2018-04-19,14159.5,0.0,164.0,0,119.0,15.0,30.0,0.0,0.0
2018-04-20,14910.5,1196.0,186.0,15,145.0,33.0,23.0,0.0,0.0
2018-04-21,18449.57,5832.5,198.0,93,152.0,56.0,83.0,6.0,2.0
2018-04-22,15381.12,3777.5,150.0,74,110.0,66.0,48.0,14.0,5.0
2018-04-23,12992.69,661.5,170.0,13,126.0,25.0,32.0,6.0,2.0
2018-04-24,11575.46,499.0,158.0,10,102.0,36.0,30.0,12.0,5.0
2018-04-25,14522.48,0.0,180.0,0,131.0,11.0,38.0,6.0,3.0
2018-04-26,14701.84,5555.5,182.0,85,143.0,49.0,75.0,12.0,5.0
2018-04-27,15425.84,0.0,193.0,0,131.0,12.0,50.0,4.0,2.0
2018-04-28,16718.66,4044.5,217.0,63,159.0,64.0,57.0,9.0,4.0
2018-04-29,14007.76,2596.5,199.0,50,137.0,59.0,53.0,10.0,3.0
2018-04-30,15611.31,0.0,194.0,0,159.0,7.0,28.0,8.0,3.0
2018-05-01,11684.51,4600.0,125.0,89,102.0,81.0,31.0,21.0,9.0
2018-05-02,15034.94,5487.0,168.0,89,143.0,50.0,64.0,6.0,2.0
2018-05-03,13397.79,3232.98,150.0,86,127.0,56.0,53.0,8.0,4.0
2018-05-04,14565.25,6810.65,163.0,105,137.0,62.0,69.0,11.0,4.0
2018-05-05,15062.6,5283.5,188.0,92,167.0,52.0,61.0,9.0,5.0
2018-05-06,12533.5,2689.0,182.0,49,114.0,65.0,52.0,27.0,7.0
2018-05-07,13757.81,4087.0,183.0,63,113.0,69.0,64.0,6.0,1.0
2018-05-08,12614.43,3968.0,176.0,63,120.0,64.0,55.0,12.0,4.0
2018-05-09,11408.94,4105.0,157.0,59,124.0,58.0,34.0,20.0,8.0
2018-05-10,16175.0,2830.0,173.0,47,136.0,46.0,38.0,0.0,0.0
2018-05-11,16312.729999999998,6419.0,179.0,99,151.0,43.0,84.0,6.0,2.0
2018-05-12,16979.940000000002,0.0,191.0,0,142.0,21.0,28.0,0.0,0.0
2018-05-13,13837.93,0.0,196.0,0,139.0,16.0,41.0,6.0,3.0
2018-05-14,15569.45,4059.63,183.0,76,145.0,56.0,58.0,3.0,1.0
2018-05-15,12929.73,0.0,161.0,0,116.0,13.0,32.0,12.0,5.0
2018-05-16,18678.09,0.0,186.0,0,156.0,13.0,17.0,2.0,1.0
2018-05-17,16303.02,5350.98,184.0,91,134.0,90.0,51.0,6.0,2.0
2018-05-18,18299.45,5188.42,182.0,80,134.0,50.0,78.0,12.0,6.0
2018-05-19,18021.24,0.0,225.0,0,167.0,18.0,40.0,0.0,0.0
2018-05-20,13642.59,6475.01,198.0,106,128.0,46.0,130.0,6.0,2.0
2018-05-21,13374.37,6071.63,171.0,111,126.0,63.0,93.0,4.0,1.0
2018-05-22,16704.53,0.0,180.0,0,132.0,17.0,31.0,8.0,3.0
2018-05-23,13141.51,5718.63,175.0,86,137.0,45.0,79.0,7.0,3.0
2018-05-24,13523.75,6224.0,155.0,102,126.0,57.0,74.0,13.0,5.0
2018-05-25,14467.87,7357.63,179.0,114,142.0,51.0,100.0,7.0,3.0
2018-05-26,13296.779999999995,6037.4,175.0,99,126.0,49.0,99.0,16.0,5.0
2018-05-27,16728.579999999998,2698.5,205.0,40,149.0,36.0,60.0,4.0,1.0
2018-05-28,12769.43,4377.5,166.0,74,128.0,37.0,75.0,19.0,5.0
2018-05-29,12516.17,5204.63,167.0,86,139.0,50.0,64.0,9.0,4.0
2018-05-30,13340.06,3572.0,159.0,62,142.0,49.0,30.0,17.0,6.0
2018-05-31,14630.36,0.0,172.0,0,133.0,18.0,21.0,5.0,2.0
2018-06-01,14105.71,5445.34,176.0,96,131.0,55.0,86.0,10.0,2.0
2018-06-02,15602.91,4473.0,195.0,75,156.0,52.0,62.0,2.0,1.0
2018-06-03,14108.7,2595.63,191.0,55,132.0,63.0,51.0,2.0,1.0
2018-06-04,13121.67,3647.5,153.0,74,119.0,44.0,64.0,9.0,3.0
2018-06-05,12583.01,5521.51,153.0,82,134.0,57.0,44.0,1.0,1.0
2018-06-06,13109.72,2945.5,178.0,54,132.0,70.0,30.0,8.0,2.0
2018-06-07,13667.44,5234.0,163.0,81,123.0,52.0,69.0,8.0,3.0
2018-06-08,15523.05,5805.38,166.0,84,133.0,43.0,74.0,9.0,2.0
2018-06-09,15582.48,6573.45,180.0,111,143.0,51.0,97.0,4.0,2.0
2018-06-10,15181.83,0.0,208.0,0,151.0,26.0,31.0,2.0,1.0
2018-06-11,12291.19,4367.0,158.0,62,135.0,42.0,43.0,16.0,4.0
2018-06-12,13492.7,4944.0,160.0,86,116.0,62.0,68.0,13.0,6.0
2018-06-13,13572.04,4938.1399999999985,184.0,73,155.0,46.0,56.0,0.0,0.0
2018-06-14,13382.81,6387.17,163.0,105,137.0,40.0,91.0,2.0,1.0
2018-06-15,14912.259999999998,6335.5,163.0,82,141.0,35.0,69.0,2.0,1.0
2018-06-16,15405.12,6429.34,182.0,95,139.0,40.0,98.0,2.0,1.0
2018-06-17,12722.52,5997.5,174.0,102,113.0,42.0,121.0,2.0,1.0
2018-06-18,12331.61,2907.0,181.0,45,128.0,52.0,46.0,6.0,2.0
2018-06-19,13458.61,5607.48,165.0,89,123.0,69.0,62.0,10.0,4.0
2018-06-20,12647.35,5160.0,169.0,78,124.0,60.0,63.0,10.0,4.0
2018-06-21,14613.76,5441.0,155.0,81,132.0,51.0,53.0,16.0,6.0
2018-06-22,19863.4,4111.34,177.0,84,155.0,43.0,63.0,7.0,3.0
2018-06-23,16363.33,4972.5,177.0,86,130.0,44.0,89.0,15.0,5.0
2018-06-24,13736.68,4352.26,184.0,70,125.0,40.0,89.0,2.0,1.0
2018-06-25,12891.46,6010.0,175.0,100,120.0,61.0,94.0,8.0,3.0
2018-06-26,12190.56,5507.17,159.0,94,124.0,85.0,44.0,6.0,2.0
2018-06-27,12955.95,1893.0,172.0,27,133.0,36.0,30.0,8.0,3.0
2018-06-28,14486.47,3746.84,164.0,63,136.0,16.0,75.0,3.0,2.0
2018-06-29,14712.35,5842.0,182.0,87,143.0,31.0,95.0,5.0,2.0
2018-06-30,15268.96,5783.67,174.0,98,141.0,49.0,82.0,16.0,6.0
2018-07-01,13596.51,5529.02,179.0,104,115.0,78.0,90.0,2.0,1.0
2018-07-02,14225.570000000003,5083.5,185.0,86,153.0,66.0,52.0,2.0,1.0
2018-07-03,14845.76,3058.0,185.0,50,134.0,32.0,69.0,2.0,1.0
2018-07-04,12459.13,4555.0,186.0,78,103.0,77.0,84.0,8.0,4.0
2018-07-05,12038.53,5391.0,170.0,93,115.0,56.0,92.0,3.0,1.0
2018-07-06,11965.7,5648.190000000001,173.0,89,119.0,57.0,86.0,0.0,0.0
2018-07-07,14743.689999999995,6026.34,185.0,92,132.0,43.0,102.0,6.0,4.0
2018-07-08,13114.94,6547.48,177.0,103,128.0,67.0,85.0,0.0,0.0
2018-07-09,14095.41,5769.5,166.0,97,137.0,67.0,59.0,0.0,0.0
2018-07-10,12972.33,4803.67,161.0,75,117.0,42.0,77.0,9.0,3.0
2018-07-11,14571.59,5996.63,186.0,79,143.0,46.0,76.0,10.0,4.0
2018-07-12,12336.17,6130.35,164.0,90,144.0,42.0,68.0,12.0,5.0
2018-07-13,12121.36,6299.48,159.0,90,101.0,49.0,99.0,15.0,4.0
2018-07-14,15143.37,5819.5,184.0,111,126.0,67.0,102.0,4.0,2.0
2018-07-15,13234.33,5966.12,159.0,91,131.0,49.0,70.0,4.0,1.0
2018-07-16,12604.93,4927.5,166.0,74,117.0,41.0,82.0,6.0,2.0
2018-07-17,13153.74,0.0,163.0,4,126.0,17.0,24.0,9.0,5.0
2018-07-18,12961.44,5434.5,155.0,89,126.0,69.0,49.0,8.0,3.0
2018-07-19,13566.22,6570.0,164.0,74,158.0,32.0,48.0,4.0,1.0
2018-07-20,12916.87,6115.5,168.0,94,134.0,32.0,96.0,6.0,2.0
2018-07-21,16427.66,2224.0,195.0,33,147.0,34.0,47.0,4.0,1.0
2018-07-22,14591.49,0.0,189.0,5,134.0,30.0,30.0,6.0,2.0
2018-07-23,11472.2,5127.0,164.0,75,123.0,68.0,48.0,9.0,3.0
2018-07-24,13662.499999999998,4809.0,174.0,73,136.0,38.0,73.0,4.0,2.0
2018-07-25,13308.51,0.0,170.0,0,132.0,12.0,26.0,8.0,3.0
2018-07-26,13805.19,5232.0,157.0,89,118.0,48.0,80.0,8.0,4.0
2018-07-27,13722.27,0.0,170.0,0,114.0,3.0,53.0,18.0,6.0
2018-07-28,17181.21,6334.13,194.0,103,137.0,48.0,112.0,6.0,2.0
2018-07-29,12268.5,5168.5,171.0,88,117.0,59.0,83.0,3.0,2.0
2018-07-30,11039.54,3597.38,155.0,65,108.0,45.0,67.0,5.0,3.0
2018-07-31,11946.1,5008.25,141.0,81,124.0,43.0,55.0,8.0,3.0
2018-08-01,12627.44,4180.0,154.0,80,132.0,43.0,59.0,10.0,4.0
2018-08-02,13941.46,4110.0,185.0,64,124.0,57.0,68.0,4.0,1.0
2018-08-03,13745.739999999998,5072.25,179.0,84,137.0,38.0,88.0,8.0,3.0
2018-08-04,13179.43,6007.37,173.0,95,134.0,36.0,98.0,7.0,3.0
2018-08-05,12225.96,4687.0,189.0,93,109.0,60.0,113.0,10.0,2.0
2018-08-06,13345.18,2585.5,176.0,44,100.0,39.0,81.0,5.0,2.0
2018-08-07,13329.0,1107.0,170.0,15,150.0,26.0,9.0,0.0,0.0
2018-08-08,14000.75,4439.0,170.0,57,137.0,57.0,33.0,12.0,5.0
2018-08-09,14408.66,4323.75,166.0,73,138.0,44.0,57.0,8.0,3.0
2018-08-10,14071.11,5550.0,189.0,85,149.0,36.0,89.0,2.0,1.0
2018-08-11,16841.05,1824.5,209.0,30,140.0,31.0,68.0,4.0,1.0
2018-08-12,12815.0,3729.5,201.0,55,120.0,51.0,85.0,5.0,2.0
2018-08-13,13052.99,2791.0,172.0,44,118.0,27.0,71.0,13.0,5.0
2018-08-14,12508.0,1513.0,160.0,31,109.0,33.0,49.0,4.0,1.0
2018-08-15,14045.75,3981.5,179.0,64,155.0,33.0,55.0,9.0,5.0
2018-08-16,12314.25,4744.5,166.0,74,114.0,56.0,70.0,15.0,6.0
2018-08-17,14948.29,3654.5,177.0,49,136.0,32.0,58.0,9.0,4.0
2018-08-18,15246.42,1447.0,196.0,21,127.0,41.0,49.0,2.0,1.0
2018-08-19,12110.76,4805.0,171.0,78,101.0,31.0,117.0,13.0,5.0
2018-08-20,12614.99,4894.0,167.0,63,126.0,42.0,62.0,12.0,4.0
2018-08-21,12990.5,3529.5,169.0,54,113.0,35.0,75.0,17.0,6.0
2018-08-22,13419.65,5049.0,172.0,68,142.0,43.0,55.0,2.0,1.0
2018-08-23,13205.86,5251.5,166.0,83,127.0,37.0,85.0,4.0,1.0
2018-08-24,14840.67,5831.0,171.0,83,128.0,28.0,98.0,10.0,4.0
2018-08-25,14889.14,6505.0,184.0,91,125.0,44.0,106.0,6.0,2.0
2018-08-26,13021.99,4926.5,183.0,80,118.0,46.0,99.0,4.0,2.0
2018-08-27,11553.17,4190.5,163.0,73,116.0,36.0,84.0,6.0,2.0
2018-08-28,12533.75,3893.0,183.0,62,115.0,51.0,79.0,6.0,3.0
2018-08-29,13121.66,2975.0,167.0,48,128.0,45.0,42.0,5.0,2.0
2018-08-30,13174.11,5288.5,187.0,73,123.0,37.0,100.0,10.0,3.0
2018-08-31,14003.68,4165.0,168.0,63,123.0,33.0,75.0,4.0,2.0
2018-09-01,14579.25,5858.5,187.0,78,146.0,41.0,78.0,5.0,2.0
2018-09-02,13605.89,5090.25,196.0,78,125.0,46.0,103.0,0.0,0.0
2018-09-03,13012.23,3750.75,163.0,62,111.0,28.0,86.0,11.0,4.0
2018-09-04,12005.0,4010.25,170.0,69,117.0,56.0,66.0,6.0,3.0
2018-09-05,12228.42,3211.0,161.0,53,110.0,70.0,34.0,10.0,2.0
2018-09-06,15589.4,2527.75,168.0,40,132.0,31.0,45.0,1.0,1.0
2018-09-07,15249.0,3431.0,193.0,51,138.0,38.0,68.0,5.0,2.0
2018-09-08,15178.5,0.0,191.0,0,126.0,33.0,32.0,21.0,6.0
2018-09-09,14679.25,0.0,199.0,0,132.0,33.0,34.0,0.0,0.0
2018-09-10,12763.67,0.0,177.0,0,125.0,21.0,31.0,8.0,2.0
2018-09-11,14773.75,1059.0,187.0,20,129.0,50.0,28.0,7.0,3.0
2018-09-12,13564.72,0.0,172.0,0,116.0,17.0,39.0,4.0,2.0
2018-09-13,12964.3,4320.5,164.0,67,128.0,27.0,76.0,5.0,3.0
2018-09-14,13918.34,5153.75,171.0,74,131.0,11.0,103.0,11.0,4.0
2018-09-15,13631.5,6342.5,169.0,79,141.0,4.0,103.0,14.0,4.0
2018-09-16,11764.29,5301.5,171.0,90,118.0,31.0,112.0,4.0,1.0
2018-09-17,13232.13,1700.75,189.0,33,134.0,42.0,46.0,6.0,2.0
2018-09-18,13700.5,4615.0,174.0,73,129.0,8.0,110.0,1.0,1.0
2018-09-19,12611.16,4032.38,159.0,64,111.0,6.0,106.0,2.0,1.0
2018-09-20,11553.2,3456.5,155.0,56,101.0,16.0,94.0,12.0,4.0
2018-09-21,15884.0,5368.0,186.0,91,153.0,2.0,122.0,4.0,2.0
2018-09-22,14687.5,5961.75,182.0,93,139.0,8.0,128.0,9.0,4.0
2018-09-23,13291.77,2124.5,187.0,33,110.0,2.0,108.0,8.0,2.0
2018-09-24,17008.46,2488.0,188.0,42,123.0,17.0,90.0,2.0,1.0
2018-09-25,13328.38,0.0,180.0,0,125.0,1.0,54.0,3.0,1.0
2018-09-26,13383.75,2480.75,171.0,29,133.0,5.0,62.0,0.0,0.0
2018-09-27,13965.25,1610.0,173.0,26,127.0,2.0,70.0,2.0,1.0
2018-09-28,14566.68,4756.25,187.0,72,140.0,3.0,116.0,4.0,2.0
2018-09-29,14317.75,5907.0,173.0,85,125.0,4.0,129.0,8.0,3.0
2018-09-30,13291.51,5075.5,208.0,73,154.0,5.0,122.0,2.0,1.0
2018-10-01,13859.75,3962.0,174.0,59,123.0,5.0,105.0,0.0,0.0
2018-10-02,14062.59,2153.75,181.0,36,137.0,4.0,76.0,8.0,3.0
2018-10-03,-1000.0,26000.01,,1,,,,,
2018-10-04,16258.59,0.0,40.0,0,40.0,0.0,0.0,0.0,0.0
2018-10-05,14232.6,4800.0,170.0,77,135.0,1.0,111.0,5.0,2.0
2018-10-06,15833.88,4952.5,183.0,75,144.0,2.0,112.0,7.0,4.0
2018-10-07,13752.2,5346.21,176.0,84,130.0,10.0,120.0,9.0,4.0
2018-10-08,14688.49,1034.5,172.0,15,123.0,5.0,59.0,3.0,1.0
2018-10-09,11409.59,4275.0,164.0,69,112.0,5.0,116.0,4.0,2.0
2018-10-10,14005.52,4437.25,160.0,76,129.0,3.0,104.0,3.0,1.0
2018-10-11,15418.14,0.0,186.0,0,127.0,0.0,59.0,17.0,5.0
2018-10-12,14132.42,5059.0,174.0,67,134.0,13.0,94.0,13.0,5.0
2018-10-13,15842.75,4818.0,186.0,68,144.0,49.0,61.0,2.0,1.0
2018-10-14,14820.38,3743.25,194.0,59,150.0,2.0,101.0,5.0,2.0
2018-10-15,14410.75,339.5,185.0,4,119.0,2.0,68.0,0.0,0.0
2018-10-16,14500.07,690.0,167.0,6,120.0,2.0,51.0,16.0,4.0
2018-10-17,13630.67,94.0,170.0,2,122.0,4.0,46.0,10.0,3.0
2018-10-18,14878.0,0.0,176.0,0,115.0,2.0,59.0,4.0,2.0
2018-10-19,15480.5,1407.0,192.0,29,143.0,13.0,65.0,2.0,1.0
2018-10-20,15528.04,3019.0,187.0,56,140.0,2.0,101.0,6.0,3.0
2018-10-21,14927.0,0.0,184.0,0,130.0,5.0,49.0,0.0,0.0
2018-10-22,13160.74,0.0,174.0,0,132.0,2.0,40.0,8.0,2.0
2018-10-23,13488.76,519.75,173.0,6,114.0,0.0,65.0,4.0,2.0
2018-10-24,15935.0,0.0,180.0,0,134.0,0.0,46.0,0.0,0.0
2018-10-25,14465.01,0.0,164.0,0,114.0,11.0,39.0,0.0,0.0
2018-10-26,14558.0,0.0,195.0,0,137.0,1.0,57.0,0.0,0.0
2018-10-27,16526.96,0.0,194.0,0,152.0,0.0,42.0,2.0,1.0
2018-10-28,13103.98,1452.25,180.0,23,124.0,4.0,75.0,6.0,2.0
2018-10-29,14752.500000000002,0.0,179.0,0,118.0,7.0,54.0,6.0,3.0
2018-10-30,13185.25,0.0,171.0,0,130.0,2.0,39.0,6.0,2.0
2018-10-31,13802.3,1851.5,174.0,29,124.0,2.0,77.0,10.0,4.0
2018-11-01,14209.75,2242.5,175.0,36,119.0,7.0,85.0,11.0,4.0
2018-11-02,16646.78,1156.0,204.0,16,160.0,6.0,54.0,0.0,0.0
2018-11-03,17098.0,2912.5,198.0,46,148.0,0.0,96.0,0.0,0.0
2018-11-04,15718.0,1428.5,180.0,22,128.0,2.0,72.0,5.0,2.0
2018-11-05,14828.91,0.0,182.0,0,128.0,8.0,46.0,2.0,1.0
2018-11-06,12192.5,0.0,167.0,0,123.0,0.0,44.0,6.0,3.0
2018-11-07,15258.0,1209.5,143.0,18,90.0,4.0,67.0,8.0,4.0
2018-11-08,13734.5,0.0,175.0,0,130.0,0.0,45.0,0.0,0.0
2018-11-09,14426.65,0.0,183.0,0,139.0,0.0,44.0,4.0,2.0
2018-11-10,15439.52,0.0,233.0,0,184.0,0.0,49.0,2.0,1.0
2018-11-11,13939.95,0.0,198.0,0,151.0,2.0,45.0,0.0,0.0
2018-11-12,11892.0,0.0,163.0,0,118.0,8.0,37.0,13.0,3.0
2018-11-13,13397.5,0.0,163.0,0,123.0,1.0,39.0,5.0,2.0
2018-11-14,13446.0,0.0,164.0,0,116.0,2.0,46.0,9.0,4.0
2018-11-15,13457.0,0.0,147.0,0,102.0,3.0,42.0,10.0,5.0
2018-11-16,15187.25,0.0,176.0,0,135.0,1.0,40.0,8.0,3.0
2018-11-17,17525.25,0.0,198.0,0,147.0,0.0,51.0,8.0,2.0
2018-11-18,14531.0,0.0,184.0,0,119.0,4.0,61.0,6.0,3.0
2018-11-19,13200.24,0.0,173.0,0,119.0,5.0,49.0,0.0,0.0
2018-11-20,14088.25,0.0,189.0,0,132.0,0.0,57.0,6.0,3.0
2018-11-21,14029.99,0.0,178.0,0,124.0,2.0,52.0,12.0,5.0
2018-11-22,0.0,0.0,,0,,,,,
2018-11-23,14565.5,0.0,197.0,0,137.0,1.0,59.0,2.0,1.0
2018-11-24,15461.75,0.0,190.0,0,145.0,0.0,45.0,6.0,2.0
2018-11-25,11946.5,0.0,179.0,0,120.0,8.0,51.0,7.0,2.0
2018-11-26,12201.5,0.0,163.0,0,111.0,3.0,49.0,4.0,2.0
2018-11-27,13653.0,0.0,161.0,0,116.0,2.0,43.0,6.0,2.0
2018-11-28,14088.95,0.0,170.0,0,124.0,1.0,45.0,4.0,1.0
2018-11-29,14179.59,0.0,183.0,0,138.0,6.0,39.0,2.0,1.0
2018-11-30,14363.37,0.0,172.0,0,126.0,0.0,46.0,2.0,1.0
2018-12-01,15720.91,0.0,191.0,0,133.0,0.0,58.0,2.0,1.0
2018-12-02,13512.75,0.0,197.0,0,136.0,0.0,61.0,0.0,0.0
2018-12-03,11313.5,0.0,169.0,0,110.0,16.0,43.0,10.0,3.0
2018-12-04,12529.75,0.0,165.0,0,121.0,0.0,44.0,14.0,5.0
2018-12-05,11761.25,0.0,170.0,0,119.0,0.0,51.0,5.0,2.0
2018-12-06,15825.84,0.0,180.0,0,132.0,0.0,48.0,8.0,3.0
2018-12-07,16930.08,0.0,192.0,0,153.0,0.0,39.0,8.0,3.0
2018-12-08,15826.49,0.0,205.0,0,127.0,1.0,77.0,7.0,3.0
2018-12-09,14290.71,0.0,188.0,0,129.0,0.0,59.0,10.0,3.0
2018-12-10,14184.25,0.0,173.0,0,127.0,1.0,45.0,6.0,2.0
2018-12-11,18929.5,0.0,169.0,0,120.0,3.0,46.0,2.0,1.0
2018-12-12,13305.57,0.0,159.0,0,110.0,0.0,49.0,8.0,3.0
2018-12-13,18817.5,0.0,164.0,0,115.0,4.0,45.0,2.0,1.0
2018-12-14,16720.16,0.0,171.0,0,112.0,4.0,55.0,6.0,2.0
2018-12-15,16371.82,0.0,246.0,0,197.0,0.0,49.0,6.0,2.0
2018-12-16,13708.5,0.0,175.0,0,140.0,0.0,35.0,2.0,1.0
2018-12-17,14433.0,0.0,169.0,0,116.0,4.0,49.0,8.0,2.0
2018-12-18,15217.59,0.0,169.0,0,132.0,0.0,37.0,8.0,3.0
2018-12-19,15203.41,0.0,185.0,0,126.0,2.0,57.0,6.0,2.0
2018-12-20,13216.0,0.0,163.0,0,117.0,5.0,41.0,8.0,3.0
2018-12-21,12837.89,0.0,184.0,0,134.0,5.0,45.0,2.0,1.0
2018-12-22,16637.989999999998,0.0,207.0,0,134.0,6.0,67.0,5.0,1.0
2018-12-23,14078.37,0.0,186.0,0,131.0,3.0,52.0,4.0,1.0
2018-12-24,0.0,0.0,,0,,,,,
2018-12-25,0.0,0.0,,0,,,,,
2018-12-26,13206.7,0.0,176.0,0,110.0,1.0,65.0,14.0,4.0
2018-12-27,15357.03,0.0,197.0,0,142.0,1.0,54.0,2.0,1.0
2018-12-28,15497.37,0.0,209.0,0,152.0,0.0,57.0,0.0,0.0
2018-12-29,16236.11,0.0,202.0,0,143.0,0.0,59.0,3.0,1.0
2018-12-30,15208.0,0.0,202.0,0,131.0,0.0,71.0,9.0,3.0
2018-12-31,15099.0,0.0,182.0,0,137.0,0.0,45.0,2.0,1.0
2019-01-01,0.0,0.0,,0,,,,,
2019-01-02,12685.24,0.0,183.0,0,132.0,0.0,51.0,4.0,1.0
2019-01-03,13580.96,0.0,184.0,0,131.0,0.0,53.0,6.0,2.0
2019-01-04,16002.75,0.0,197.0,0,138.0,0.0,59.0,6.0,2.0
2019-01-05,16463.620000000006,0.0,216.0,0,157.0,0.0,59.0,0.0,0.0
2019-01-06,12405.14,0.0,178.0,0,113.0,2.0,63.0,8.0,3.0
2019-01-07,14222.67,0.0,175.0,0,126.0,0.0,49.0,0.0,0.0
2019-01-08,10811.32,0.0,166.0,0,106.0,5.0,55.0,14.0,4.0
2019-01-09,12985.09,0.0,175.0,0,123.0,0.0,52.0,10.0,4.0
2019-01-10,13196.76,0.0,162.0,0,121.0,2.0,39.0,0.0,0.0
2019-01-11,14699.25,0.0,186.0,0,141.0,0.0,45.0,4.0,2.0
2019-01-12,17112.96,0.0,203.0,0,156.0,1.0,46.0,12.0,4.0
2019-01-13,14285.0,0.0,185.0,0,130.0,2.0,53.0,12.0,4.0
2019-01-14,14422.25,0.0,191.0,0,142.0,0.0,49.0,13.0,4.0
2019-01-15,13893.17,0.0,191.0,0,135.0,0.0,56.0,9.0,3.0
2019-01-16,12378.42,0.0,166.0,0,124.0,4.0,38.0,8.0,3.0
2019-01-17,13888.74,0.0,180.0,0,143.0,2.0,35.0,0.0,0.0
2019-01-18,15526.62,0.0,187.0,0,150.0,1.0,36.0,6.0,1.0
2019-01-19,15916.88,0.0,201.0,0,148.0,1.0,52.0,5.0,2.0
2019-01-20,16673.0,0.0,208.0,0,147.0,2.0,59.0,8.0,3.0
2019-01-21,11967.25,0.0,165.0,0,114.0,2.0,49.0,9.0,4.0
2019-01-22,13409.07,0.0,179.0,0,138.0,3.0,38.0,11.0,5.0
2019-01-23,13602.0,0.0,170.0,0,132.0,0.0,38.0,4.0,1.0
2019-01-24,13681.91,0.0,190.0,0,147.0,1.0,42.0,0.0,0.0
2019-01-25,17980.690000000002,0.0,194.0,0,145.0,0.0,49.0,2.0,1.0
2019-01-26,25000.0,0.0,75.0,0,75.0,0.0,0.0,0.0,0.0
2019-01-27,13926.0,0.0,178.0,0,128.0,0.0,50.0,14.0,4.0
2019-01-28,15725.4,0.0,191.0,0,151.0,4.0,36.0,2.0,1.0
2019-01-29,13610.53,0.0,153.0,0,112.0,0.0,41.0,4.0,1.0
2019-01-30,14601.53,0.0,174.0,0,136.0,0.0,38.0,3.0,1.0
2019-01-31,15421.91,0.0,192.0,0,151.0,0.0,41.0,3.0,1.0
2019-02-01,16049.24,0.0,183.0,0,143.0,0.0,40.0,6.0,2.0
2019-02-02,18353.31,0.0,195.0,0,150.0,0.0,45.0,4.0,1.0
2019-02-03,0.0,0.0,,0,,,,,
2019-02-04,11976.75,0.0,169.0,0,125.0,0.0,44.0,8.0,2.0
2019-02-05,14941.96,0.0,181.0,0,124.0,0.0,57.0,18.0,5.0
2019-02-06,14392.54,0.0,186.0,0,141.0,0.0,45.0,2.0,1.0
2019-02-07,14755.85,0.0,186.0,0,140.0,0.0,46.0,7.0,3.0
2019-02-08,14796.74,0.0,176.0,0,133.0,0.0,43.0,4.0,2.0
2019-02-09,18597.28,0.0,200.0,0,154.0,0.0,46.0,0.0,0.0
2019-02-10,14265.28,0.0,196.0,0,147.0,0.0,49.0,4.0,2.0
2019-02-11,13817.81,0.0,177.0,0,121.0,5.0,51.0,7.0,3.0
2019-02-12,13575.01,0.0,158.0,0,120.0,1.0,37.0,2.0,1.0
2019-02-13,15300.51,0.0,180.0,0,144.0,0.0,36.0,2.0,1.0
2019-02-14,15169.45,0.0,185.0,0,140.0,0.0,45.0,4.0,2.0
2019-02-15,16749.41,0.0,199.0,0,144.0,3.0,52.0,0.0,0.0
2019-02-16,16851.88,0.0,218.0,0,157.0,0.0,61.0,4.0,1.0
2019-02-17,16455.36,0.0,213.0,0,154.0,0.0,59.0,7.0,2.0
2019-02-18,15747.65,0.0,185.0,0,139.0,0.0,46.0,3.0,1.0
2019-02-19,13941.2,0.0,168.0,0,123.0,4.0,41.0,9.0,4.0
2019-02-20,13769.0,0.0,155.0,0,116.0,1.0,38.0,8.0,3.0
2019-02-21,14799.51,0.0,183.0,0,141.0,0.0,42.0,8.0,3.0
2019-02-22,17253.5,0.0,201.0,0,145.0,1.0,55.0,0.0,0.0
2019-02-23,17842.15,0.0,213.0,0,151.0,0.0,62.0,6.0,3.0
2019-02-24,13862.72,0.0,189.0,0,138.0,0.0,51.0,6.0,3.0
2019-02-25,13771.25,0.0,159.0,0,120.0,0.0,39.0,13.0,5.0
2019-02-26,13913.67,0.0,178.0,0,140.0,0.0,38.0,4.0,2.0
2019-02-27,27909.75,0.0,168.0,0,134.0,0.0,34.0,3.0,1.0
2019-02-28,14560.02,0.0,168.0,0,134.0,4.0,30.0,4.0,1.0
2019-03-01,14837.11,0.0,190.0,0,154.0,0.0,36.0,0.0,0.0
2019-03-02,19093.57,0.0,198.0,0,145.0,0.0,53.0,4.0,2.0
2019-03-03,13957.5,0.0,183.0,0,123.0,4.0,56.0,4.0,2.0
2019-03-04,13369.25,0.0,184.0,0,138.0,0.0,46.0,8.0,2.0
2019-03-05,13599.77,0.0,164.0,0,126.0,0.0,38.0,4.0,1.0
2019-03-06,11925.17,0.0,150.0,0,115.0,0.0,35.0,14.0,5.0
2019-03-07,15261.42,0.0,192.0,0,123.0,2.0,67.0,10.0,4.0
2019-03-08,17086.85,0.0,196.0,0,145.0,0.0,51.0,4.0,2.0
2019-03-09,19019.56,0.0,210.0,0,156.0,0.0,54.0,3.0,1.0
2019-03-10,15061.3,0.0,204.0,0,156.0,0.0,48.0,4.0,1.0
2019-03-11,14179.58,0.0,182.0,0,134.0,3.0,45.0,8.0,3.0
2019-03-12,14019.5,0.0,182.0,0,138.0,1.0,43.0,2.0,1.0
2019-03-13,16744.55,0.0,177.0,0,129.0,0.0,48.0,15.0,6.0
2019-03-14,14913.4,0.0,179.0,0,128.0,0.0,51.0,0.0,0.0
2019-03-15,15491.38,0.0,181.0,0,139.0,0.0,42.0,0.0,0.0
2019-03-16,16980.42,0.0,203.0,0,157.0,0.0,46.0,0.0,0.0
2019-03-17,14554.25,0.0,186.0,0,135.0,1.0,50.0,9.0,3.0
2019-03-18,14174.46,0.0,173.0,0,132.0,1.0,40.0,6.0,1.0
2019-03-19,13480.41,0.0,178.0,0,117.0,1.0,60.0,10.0,4.0
2019-03-20,12259.69,0.0,164.0,0,108.0,0.0,56.0,8.0,3.0
2019-03-21,13971.17,0.0,171.0,0,124.0,0.0,47.0,13.0,4.0
2019-03-22,15905.09,0.0,190.0,0,144.0,0.0,46.0,6.0,2.0
2019-03-23,17432.25,0.0,200.0,0,140.0,0.0,60.0,13.0,5.0
2019-03-24,14233.0,0.0,179.0,0,123.0,3.0,53.0,6.0,3.0
2019-03-25,14034.25,0.0,187.0,0,134.0,2.0,51.0,0.0,0.0
2019-03-26,14285.5,0.0,178.0,0,126.0,0.0,52.0,4.0,1.0
2019-03-27,15776.1,0.0,170.0,0,133.0,0.0,37.0,0.0,0.0
2019-03-28,13559.5,0.0,182.0,0,135.0,0.0,47.0,0.0,0.0
2019-03-29,16291.09,0.0,189.0,0,146.0,0.0,43.0,4.0,1.0
2019-03-30,17937.190000000002,0.0,206.0,0,156.0,0.0,50.0,4.0,2.0
2019-03-31,14248.72,0.0,195.0,0,146.0,0.0,49.0,6.0,3.0
2019-04-01,12858.5,0.0,162.0,0,114.0,2.0,46.0,13.0,5.0
2019-04-02,13983.0,0.0,171.0,0,128.0,1.0,42.0,2.0,1.0
2019-04-03,15240.98,35.0,176.0,1,120.0,0.0,57.0,5.0,2.0
2019-04-04,14172.84,0.0,178.0,0,129.0,0.0,49.0,4.0,1.0
2019-04-05,17164.91,0.0,200.0,0,151.0,1.0,48.0,3.0,1.0
2019-04-06,19636.7,0.0,223.0,0,161.0,2.0,60.0,6.0,2.0
2019-04-07,15262.66,0.0,190.0,0,128.0,2.0,60.0,0.0,0.0
2019-04-08,13748.75,0.0,181.0,0,122.0,1.0,58.0,6.0,3.0
2019-04-09,15610.75,0.0,181.0,0,145.0,2.0,34.0,2.0,1.0
2019-04-10,14814.28,1327.25,189.0,15,135.0,0.0,69.0,2.0,1.0
2019-04-11,14669.42,564.0,178.0,7,131.0,7.0,47.0,2.0,1.0
2019-04-12,15499.54,0.0,188.0,0,128.0,5.0,55.0,10.0,2.0
2019-04-13,16776.58,5268.12,201.0,85,173.0,2.0,111.0,9.0,3.0
2019-04-14,16358.64,2838.5,211.0,48,153.0,0.0,106.0,13.0,4.0
2019-04-15,15071.21,0.0,197.0,0,143.0,0.0,54.0,0.0,0.0
2019-04-16,14612.5,2091.75,184.0,37,135.0,3.0,83.0,0.0,0.0
2019-04-17,14541.2,1099.0,183.0,16,133.0,0.0,66.0,10.0,4.0
2019-04-18,16055.73,2734.0,180.0,36,144.0,5.0,67.0,2.0,1.0
2019-04-19,16211.01,1888.5,204.0,24,145.0,3.0,80.0,8.0,3.0
2019-04-20,17324.62,2597.5,213.0,48,138.0,4.0,119.0,8.0,4.0
2019-04-21,15022.88,2924.5,201.0,48,138.0,0.0,111.0,4.0,2.0
2019-04-22,14521.0,0.0,193.0,0,140.0,1.0,52.0,8.0,2.0
2019-04-23,13687.71,1437.0,171.0,27,127.0,2.0,69.0,4.0,1.0
2019-04-24,13878.090000000002,4437.5,182.0,67,131.0,0.0,118.0,9.0,3.0
2019-04-25,15795.0,0.0,183.0,0,125.0,0.0,58.0,2.0,1.0
2019-04-26,15665.17,0.0,178.0,0,136.0,0.0,42.0,6.0,2.0
2019-04-27,17420.7,3151.5,177.0,43,133.0,0.0,87.0,4.0,1.0
2019-04-28,13128.27,257.0,170.0,4,124.0,0.0,50.0,16.0,5.0
2019-04-29,13181.34,352.0,184.0,6,142.0,0.0,48.0,2.0,1.0
2019-04-30,14855.48,621.0,162.0,10,126.0,5.0,41.0,0.0,0.0
2019-05-01,13112.84,0.0,165.0,0,118.0,0.0,47.0,6.0,2.0
2019-05-02,16546.26,1500.0,180.0,21,128.0,1.0,72.0,4.0,2.0
2019-05-03,16099.49,1851.5,192.0,31,144.0,0.0,79.0,6.0,2.0
2019-05-04,17020.4,4859.5,191.0,72,170.0,0.0,93.0,6.0,2.0
2019-05-05,14566.4,0.0,199.0,0,128.0,0.0,71.0,6.0,3.0
2019-05-06,13520.5,2461.5,165.0,38,128.0,0.0,75.0,4.0,2.0
2019-05-07,14714.75,1316.0,191.0,18,117.0,4.0,88.0,0.0,0.0
2019-05-08,12407.19,1442.5,169.0,22,119.0,0.0,72.0,0.0,0.0
2019-05-09,16126.6,178.0,191.0,4,130.0,0.0,65.0,4.0,2.0
2019-05-10,19271.04,5042.5,203.0,67,172.0,0.0,98.0,0.0,0.0
2019-05-11,18350.18,2363.5,201.0,38,139.0,0.0,100.0,4.0,2.0
2019-05-12,12262.59,0.0,168.0,0,114.0,2.0,52.0,2.0,1.0
2019-05-13,13163.0,0.0,180.0,0,134.0,0.0,46.0,10.0,3.0
2019-05-14,14125.75,0.0,162.0,0,124.0,0.0,38.0,16.0,4.0
2019-05-15,14089.71,3511.5,173.0,53,135.0,0.0,91.0,6.0,2.0
2019-05-16,14078.49,4345.0,170.0,65,136.0,0.0,99.0,2.0,1.0
2019-05-17,17464.989999999998,3885.5,184.0,53,146.0,0.0,91.0,4.0,2.0
2019-05-18,18383.4,6252.0,209.0,73,154.0,0.0,128.0,3.0,1.0
2019-05-19,13382.38,4178.25,189.0,68,146.0,0.0,111.0,2.0,1.0
2019-05-20,13036.25,3997.25,182.0,68,128.0,4.0,118.0,14.0,4.0
2019-05-21,15862.91,4445.0,186.0,62,119.0,3.0,126.0,12.0,4.0
2019-05-22,13316.46,4139.0,172.0,63,124.0,2.0,109.0,7.0,3.0
2019-05-23,13432.75,2651.75,168.0,43,126.0,0.0,85.0,0.0,0.0
2019-05-24,15825.64,5846.5,190.0,75,132.0,0.0,133.0,2.0,1.0
2019-05-25,25080.0,0.0,22.0,0,22.0,0.0,0.0,0.0,0.0
2019-05-26,17565.739999999998,3298.0,211.0,39,159.0,0.0,91.0,8.0,3.0
2019-05-27,13957.99,5125.5,179.0,75,115.0,1.0,138.0,2.0,1.0
2019-05-28,11861.49,1786.5,152.0,23,105.0,0.0,70.0,10.0,3.0
2019-05-29,13669.77,0.0,176.0,0,121.0,0.0,55.0,11.0,4.0
2019-05-30,14610.13,0.0,175.0,0,140.0,0.0,35.0,12.0,5.0
2019-05-31,15443.76,6923.5,190.0,86,159.0,2.0,115.0,6.0,1.0
2019-06-01,19493.5,5815.5,184.0,78,137.0,0.0,125.0,4.0,2.0
2019-06-02,15814.079999999998,2076.5,207.0,30,114.0,0.0,123.0,8.0,3.0
2019-06-03,13954.8,4900.0,177.0,65,120.0,2.0,120.0,11.0,4.0
2019-06-04,14353.46,4648.0,170.0,72,126.0,8.0,108.0,4.0,2.0
2019-06-05,14050.58,1563.0,181.0,29,92.0,0.0,118.0,18.0,6.0
2019-06-06,13202.26,5219.0,173.0,76,132.0,0.0,117.0,8.0,3.0
2019-06-07,15962.38,5061.5,178.0,80,138.0,0.0,120.0,0.0,0.0
2019-06-08,15591.25,5610.26,205.0,82,145.0,1.0,141.0,2.0,1.0
2019-06-09,15010.85,5605.25,195.0,84,143.0,0.0,136.0,6.0,3.0
2019-06-10,13564.7,0.0,176.0,0,126.0,2.0,48.0,10.0,5.0
2019-06-11,13822.22,4516.25,171.0,67,130.0,0.0,108.0,2.0,1.0
2019-06-12,13673.62,4358.75,171.0,61,123.0,0.0,109.0,10.0,3.0
2019-06-13,12934.25,2275.5,172.0,28,120.0,0.0,80.0,10.0,5.0
2019-06-14,14215.63,5472.75,178.0,86,141.0,0.0,123.0,7.0,3.0
2019-06-15,15994.31,5065.0,192.0,74,127.0,0.0,139.0,10.0,5.0
2019-06-16,14483.29,3322.0,179.0,48,128.0,0.0,99.0,6.0,3.0
2019-06-17,14572.47,3960.0,184.0,66,139.0,5.0,106.0,0.0,0.0
2019-06-18,14957.13,0.0,175.0,0,131.0,2.0,42.0,2.0,1.0
2019-06-19,14231.25,0.0,183.0,0,130.0,0.0,53.0,0.0,0.0
2019-06-20,14552.5,2166.0,184.0,34,123.0,2.0,93.0,10.0,4.0
2019-06-21,16328.99,4653.0,177.0,69,137.0,2.0,107.0,6.0,2.0
2019-06-22,10713.18,5551.0,185.0,88,132.0,0.0,141.0,4.0,2.0
2019-06-23,13662.13,5877.75,191.0,84,129.0,0.0,146.0,8.0,2.0
2019-06-24,13400.25,4736.25,177.0,79,136.0,0.0,120.0,8.0,4.0
2019-06-25,12388.7,4466.0,144.0,69,103.0,0.0,110.0,16.0,6.0
2019-06-26,12605.0,4487.5,179.0,67,149.0,0.0,97.0,6.0,2.0
2019-06-27,13675.62,5443.0,170.0,80,143.0,0.0,107.0,5.0,2.0
2019-06-28,14171.25,6180.5,177.0,74,145.0,0.0,106.0,12.0,4.0
2019-06-29,14695.5,5369.75,189.0,72,135.0,3.0,123.0,10.0,5.0
2019-06-30,14073.24,4925.5,221.0,75,156.0,2.0,138.0,4.0,1.0
