date,apparent_temperature,humidity,precip_intensity_max,precip_max_time,precip_prob,precip_type,pressure,summary,temperature
2017-01-01,37.83,0.54,0.0,05:01AM,0.0,none,1028.26,clear-night,37.83
2017-01-02,35.58,0.92,0.0242,03:00PM,0.79,rain,1027.98,rain,39.06
2017-01-03,41.5,0.94,0.0913,05:00PM,0.77,rain,1000.08,rain,43.19
2017-01-04,36.81,0.4,0.0176,12:00AM,0.0,rain,1002.55,clear-night,42.29
2017-01-05,27.11,0.48,0.0,05:01AM,0.0,none,1014.61,cloudy,31.36
2017-01-06,24.74,0.48,0.0019,12:00PM,0.0,snow,1022.8,partly-cloudy-night,29.42
2017-01-07,12.75,0.86,0.0005,04:00PM,0.0,snow,1019.96,fog,20.76
2017-01-08,12.43,0.5,0.0,05:01AM,0.0,none,1032.24,partly-cloudy-night,20.61
2017-01-09,20.6,0.6,0.0,05:01AM,0.0,none,1038.82,partly-cloudy-night,20.6
2017-01-10,36.32,0.82,0.0046,11:00PM,0.1,rain,1028.4,cloudy,36.32
2017-01-11,45.38,0.83,0.0999,03:00AM,0.0,rain,1024.75,partly-cloudy-night,45.38
2017-01-12,61.38,0.7,0.0873,12:00AM,0.0,rain,1016.83,partly-cloudy-night,61.38
2017-01-13,30.67,0.46,0.0,05:01AM,0.0,none,1036.88,clear-night,35.67
2017-01-14,29.35,0.9,0.0007,05:00PM,0.0,none,1029.87,cloudy,29.35
2017-01-15,32.81,0.64,0.0076,12:00PM,0.0,rain,1028.75,clear-night,32.81
2017-01-16,38.64,0.61,0.0003,02:00PM,0.0,none,1027.4,partly-cloudy-night,38.64
2017-01-17,39.16,0.92,0.0614,07:00PM,1.0,rain,1017.45,rain,39.16
2017-01-18,40.71,0.87,0.0218,04:00AM,0.0,rain,1017.04,cloudy,40.71
2017-01-19,41.9,0.73,0.0,05:01AM,0.0,none,1017.13,partly-cloudy-night,41.9
2017-01-20,40.89,0.9,0.023,06:00PM,0.56,rain,1013.34,rain,40.89
2017-01-21,45.52,0.93,0.0016,12:00AM,0.0,rain,1009.74,cloudy,45.52
2017-01-22,46.11,0.85,0.0034,06:00PM,0.07,rain,1007.34,cloudy,47.89
2017-01-23,30.42,0.9,0.1405,08:00PM,1.0,rain,1003.1,rain,37.0
2017-01-24,33.08,0.86,0.1224,12:00AM,0.65,rain,995.82,rain,38.69
2017-01-25,43.1,0.71,0.0015,12:00AM,0.0,rain,1004.03,partly-cloudy-night,43.1
2017-01-26,40.0,0.56,0.0061,11:00AM,0.0,rain,998.44,partly-cloudy-night,44.19
2017-01-27,34.08,0.58,0.0,05:01AM,0.0,none,1003.06,cloudy,38.99
2017-01-28,33.72,0.57,0.0,05:01AM,0.0,none,1007.07,cloudy,36.61
2017-01-29,37.06,0.47,0.0,05:01AM,0.0,none,1006.94,partly-cloudy-night,37.06
2017-01-30,31.76,0.44,0.0,05:01AM,0.0,none,1012.54,clear-night,31.76
2017-01-31,30.62,0.86,0.0003,03:00PM,0.0,none,1010.03,cloudy,30.62
2017-02-01,39.55,0.66,0.0052,12:00PM,0.0,rain,1015.95,partly-cloudy-night,41.24
2017-02-02,33.14,0.53,0.0,05:01AM,0.0,none,1020.64,partly-cloudy-night,36.37
2017-02-03,24.85,0.45,0.0,05:01AM,0.0,none,1020.68,cloudy,30.71
2017-02-04,28.06,0.4,0.0,05:01AM,0.0,none,1026.33,clear-night,31.29
2017-02-05,36.49,0.48,0.0,05:01AM,0.0,none,1012.31,partly-cloudy-night,38.94
2017-02-06,39.99,0.69,0.0,05:01AM,0.0,none,1018.27,clear-night,39.99
2017-02-07,35.25,0.93,0.0731,12:00PM,0.0,rain,1007.25,cloudy,38.14
2017-02-08,47.83,0.58,0.0147,04:00AM,0.0,rain,1006.03,partly-cloudy-night,47.83
2017-02-09,9.89,0.54,0.0075,06:00AM,0.0,snow,1011.08,partly-cloudy-night,20.88
2017-02-10,23.96,0.56,0.0071,03:00PM,0.0,snow,1022.18,cloudy,28.87
2017-02-11,40.32,0.65,0.0127,01:00PM,0.13,rain,1016.38,partly-cloudy-night,40.32
2017-02-12,34.4,0.94,0.0181,01:00PM,0.5,rain,1005.48,rain,34.4
2017-02-13,25.59,0.58,0.0061,12:00PM,0.0,snow,1014.03,partly-cloudy-night,32.6
2017-02-14,36.52,0.65,0.0059,03:00PM,0.0,rain,1008.79,clear-night,36.52
2017-02-15,32.07,0.78,0.0032,01:00PM,0.26,rain,995.37,cloudy,37.47
2017-02-16,23.62,0.53,0.0,05:01AM,0.0,none,1006.68,partly-cloudy-night,30.87
2017-02-17,37.94,0.45,0.0,05:01AM,0.0,none,1011.67,clear-night,37.94
2017-02-18,55.52,0.47,0.0,05:01AM,0.0,none,1004.57,clear-night,55.52
2017-02-19,54.49,0.46,0.0,05:01AM,0.0,none,1012.24,clear-night,54.49
2017-02-20,41.97,0.31,0.0,05:01AM,0.0,none,1026.07,clear-night,44.46
2017-02-21,41.45,0.71,0.0,05:01AM,0.0,none,1022.59,partly-cloudy-night,41.45
2017-02-22,49.82,0.73,0.0,05:01AM,0.0,none,1012.75,partly-cloudy-night,49.82
2017-02-23,56.74,0.78,0.0,05:01AM,0.0,none,1011.24,partly-cloudy-night,56.74
2017-02-24,61.06,0.77,0.0,05:01AM,0.0,none,1011.06,partly-cloudy-night,61.06
2017-02-25,52.18,0.9,0.1641,08:00PM,1.0,rain,1000.85,rain,52.18
2017-02-26,34.59,0.46,0.0,02:00AM,0.0,none,1022.15,partly-cloudy-night,37.75
2017-02-27,48.55,0.52,0.0,05:01AM,0.0,none,1029.25,partly-cloudy-night,48.55
2017-02-28,51.81,0.9,0.0,05:01AM,0.0,none,1020.57,cloudy,51.81
2017-03-01,65.76,0.61,0.0827,12:00PM,0.0,rain,997.46,clear-night,65.76
2017-03-02,35.75,0.34,0.0014,02:00AM,0.0,rain,1016.13,clear-night,40.41
2017-03-03,24.47,0.55,0.0,05:01AM,0.0,none,1026.66,partly-cloudy-night,31.1
2017-03-04,13.64,0.31,0.0,05:01AM,0.0,none,1034.61,clear-night,22.65
2017-03-05,30.91,0.26,0.0,05:01AM,0.0,none,1033.91,clear-night,30.91
2017-03-06,39.38,0.54,0.0,05:01AM,0.0,none,1030.78,cloudy,39.38
2017-03-07,48.34,0.87,0.0318,11:00AM,0.0,rain,1019.58,partly-cloudy-night,48.34
2017-03-08,55.23,0.33,0.0146,07:00AM,0.0,rain,1012.25,clear-night,55.23
2017-03-09,52.4,0.32,0.0,05:01AM,0.0,none,1014.93,partly-cloudy-night,52.4
2017-03-10,24.96,0.47,0.0232,04:00PM,0.13,snow,1012.52,partly-cloudy-night,31.61
2017-03-11,17.49,0.49,0.0,05:01AM,0.0,none,1022.62,partly-cloudy-night,25.07
2017-03-12,20.81,0.37,0.0,05:01AM,0.0,none,1026.9,clear-night,27.72
2017-03-13,27.76,0.49,0.0005,03:00PM,0.0,none,1028.04,partly-cloudy-night,31.26
2017-03-14,21.77,0.82,0.0212,10:00AM,0.0,snow,993.63,cloudy,29.62
2017-03-15,16.76,0.55,0.0,05:01AM,0.0,none,1006.81,cloudy,25.77
2017-03-16,33.02,0.35,0.021,03:00PM,0.19,rain,1015.55,clear-night,37.42
2017-03-17,41.57,0.37,0.0088,02:00PM,0.0,rain,1022.36,clear-night,41.57
2017-03-18,30.53,0.89,0.0109,07:00PM,0.83,sleet,1021.4,sleet,34.81
2017-03-19,43.82,0.37,0.0004,11:00AM,0.0,none,1020.4,clear-night,43.82
2017-03-20,48.54,0.32,0.0,05:01AM,0.0,none,1015.28,partly-cloudy-night,48.54
2017-03-21,54.19,0.43,0.0,05:01AM,0.0,none,1010.56,partly-cloudy-night,54.19
2017-03-22,21.24,0.27,0.0,05:01AM,0.0,none,1026.71,clear-night,29.42
2017-03-23,39.66,0.25,0.0,05:01AM,0.0,none,1033.22,clear-night,39.66
2017-03-24,52.53,0.55,0.001,02:00PM,0.0,none,1019.86,partly-cloudy-night,52.53
2017-03-25,44.57,0.8,0.0028,08:00PM,0.28,rain,1026.05,cloudy,45.58
2017-03-26,37.21,0.84,0.0083,04:00AM,0.0,rain,1028.38,cloudy,40.23
2017-03-27,50.48,0.85,0.0789,10:00AM,0.0,rain,1015.37,partly-cloudy-night,50.48
2017-03-28,42.62,0.94,0.0675,12:00PM,0.98,rain,1012.63,rain,42.62
2017-03-29,51.27,0.39,0.0047,12:00AM,0.0,rain,1020.19,clear-night,51.27
2017-03-30,43.81,0.57,0.0,05:01AM,0.0,none,1020.54,cloudy,45.03
2017-03-31,34.03,0.92,0.1179,08:00PM,1.0,rain,1008.21,rain,39.55
2017-04-01,44.38,0.69,0.0229,12:00AM,0.0,rain,1014.78,cloudy,45.85
2017-04-02,58.42,0.35,0.0,05:01AM,0.0,none,1017.19,clear-night,58.42
2017-04-03,52.91,0.59,0.0,05:01AM,0.0,none,1014.52,partly-cloudy-night,52.91
2017-04-04,49.02,0.9,0.3501,04:00AM,0.0,rain,1003.76,cloudy,49.02
2017-04-05,52.08,0.73,0.0,05:01AM,0.0,none,1014.6,clear-night,52.08
2017-04-06,48.43,0.94,0.2229,05:00PM,0.49,rain,989.22,rain,48.94
2017-04-07,38.8,0.61,0.0013,01:00PM,0.0,rain,1000.1,cloudy,43.56
2017-04-08,53.42,0.3,0.0,05:01AM,0.0,none,1011.65,clear-night,53.42
2017-04-09,56.58,0.42,0.0,05:01AM,0.0,none,1019.94,clear-night,56.58
2017-04-10,71.46,0.38,0.0,05:01AM,0.0,none,1018.55,clear-night,71.46
2017-04-11,71.97,0.49,0.0,05:01AM,0.0,none,1017.87,clear-night,71.97
2017-04-12,71.18,0.37,0.0094,01:00PM,0.0,rain,1020.55,clear-night,71.18
2017-04-13,60.35,0.32,0.0,05:01AM,0.0,none,1026.5,partly-cloudy-night,60.35
2017-04-14,57.04,0.42,0.0,05:01AM,0.0,none,1027.5,clear-night,57.04
2017-04-15,60.0,0.73,0.0,05:01AM,0.0,none,1021.51,cloudy,60.0
2017-04-16,80.52,0.41,0.0009,05:00PM,0.0,rain,1008.26,clear-day,80.52
2017-04-17,66.91,0.26,0.0,05:01AM,0.0,none,1016.94,clear-day,66.91
2017-04-18,52.69,0.59,0.0,05:01AM,0.0,none,1030.36,clear-day,52.69
2017-04-19,46.95,0.79,0.003,10:00PM,0.0,rain,1026.43,cloudy,48.52
2017-04-20,59.59,0.75,0.0329,08:00AM,0.0,rain,1017.07,cloudy,59.59
2017-04-21,51.96,0.89,0.0599,02:00AM,0.0,rain,1012.3,cloudy,51.96
2017-04-22,54.0,0.77,0.0123,04:00PM,0.0,rain,1014.26,cloudy,54.0
2017-04-23,55.1,0.61,0.0,05:01AM,0.0,none,1018.95,partly-cloudy-day,55.1
2017-04-24,55.3,0.66,0.0,05:01AM,0.0,none,1020.21,cloudy,55.3
2017-04-25,53.51,0.94,0.1511,10:00PM,1.0,rain,1012.24,rain,53.51
2017-04-26,60.21,0.9,0.0166,12:00AM,0.0,rain,1008.91,cloudy,60.21
2017-04-27,60.92,0.89,0.0016,02:00AM,0.0,rain,1011.89,cloudy,60.92
2017-04-28,78.5,0.34,0.0015,05:00AM,0.0,rain,1015.52,clear-day,78.5
2017-04-29,79.39,0.51,0.0539,06:00AM,0.0,rain,1015.61,partly-cloudy-day,79.36
2017-04-30,54.02,0.64,0.0,05:01AM,0.0,none,1022.75,cloudy,54.02
2017-05-01,69.73,0.72,0.0,05:01AM,0.0,none,1006.44,partly-cloudy-day,69.68
2017-05-02,68.36,0.35,0.0082,07:00AM,0.0,rain,1004.74,partly-cloudy-day,68.36
2017-05-03,59.72,0.36,0.0,05:01AM,0.0,none,1016.59,clear-day,59.72
2017-05-04,53.62,0.62,0.0,05:01AM,0.0,none,1022.08,partly-cloudy-day,53.62
2017-05-05,59.08,0.94,0.391,02:00PM,0.0,rain,1001.27,cloudy,59.05
2017-05-06,60.39,0.77,0.0265,03:00AM,0.04,rain,994.98,partly-cloudy-day,60.39
2017-05-07,50.4,0.69,0.0011,05:00PM,0.0,rain,1006.53,cloudy,50.4
2017-05-08,55.7,0.42,0.0,05:01AM,0.0,none,1012.09,partly-cloudy-day,55.7
2017-05-09,55.85,0.51,0.0,05:01AM,0.0,none,1014.82,partly-cloudy-day,55.85
2017-05-10,56.65,0.57,0.0,05:01AM,0.0,none,1016.27,partly-cloudy-day,56.65
2017-05-11,55.96,0.57,0.0,05:01AM,0.0,none,1015.44,partly-cloudy-day,55.96
2017-05-12,54.46,0.65,0.0,05:01AM,0.0,none,1016.98,partly-cloudy-day,54.46
2017-05-13,43.22,0.93,0.132,04:00PM,1.0,rain,1008.91,rain,46.41
2017-05-14,61.13,0.58,0.012,12:00AM,0.1,rain,1001.47,partly-cloudy-day,61.13
2017-05-15,65.81,0.45,0.0,05:01AM,0.0,none,1009.75,partly-cloudy-day,65.81
2017-05-16,74.97,0.39,0.0,05:01AM,0.0,none,1014.16,partly-cloudy-day,74.97
2017-05-17,86.35,0.46,0.0,05:01AM,0.0,none,1012.67,clear-day,85.59
2017-05-18,88.36,0.44,0.0,05:01AM,0.0,none,1010.21,clear-day,87.52
2017-05-19,87.03,0.43,0.0002,05:00PM,0.0,none,1011.19,partly-cloudy-day,86.7
2017-05-20,60.24,0.57,0.0015,08:00AM,0.0,rain,1026.08,partly-cloudy-day,60.24
2017-05-21,59.52,0.49,0.0,05:01AM,0.0,none,1025.58,partly-cloudy-day,59.52
2017-05-22,60.36,0.95,0.0784,04:00PM,0.48,rain,1014.7,rain,60.18
2017-05-23,65.15,0.62,0.0,05:01AM,0.0,none,1010.11,partly-cloudy-day,65.15
2017-05-24,63.35,0.67,0.0087,07:00AM,0.0,rain,1008.61,partly-cloudy-day,63.35
2017-05-25,58.22,0.95,0.07,11:00AM,0.41,rain,999.88,rain,58.22
2017-05-26,71.59,0.59,0.0978,01:00AM,0.0,rain,1005.1,partly-cloudy-day,71.59
2017-05-27,68.63,0.68,0.0,05:01AM,0.0,none,1011.78,cloudy,68.63
2017-05-28,63.69,0.66,0.0,11:00PM,0.0,none,1013.89,partly-cloudy-day,63.69
2017-05-29,57.07,0.86,0.0248,06:00AM,0.0,rain,1018.12,cloudy,57.07
2017-05-30,58.11,0.89,0.0035,03:00PM,0.0,rain,1019.81,cloudy,58.11
2017-05-31,71.83,0.69,0.0082,07:00AM,0.0,rain,1013.05,partly-cloudy-day,71.74
2017-06-01,75.22,0.39,0.0004,12:00AM,0.0,none,1012.01,partly-cloudy-day,75.22
2017-06-02,71.76,0.35,0.0,05:01AM,0.0,none,1012.49,clear-day,71.76
2017-06-03,72.09,0.34,0.0061,09:00AM,0.0,rain,1014.05,clear-day,72.09
2017-06-04,62.38,0.81,0.0086,04:00PM,0.1,rain,1011.63,cloudy,62.38
2017-06-05,63.66,0.9,0.0232,04:00AM,0.0,rain,1006.99,cloudy,63.41
2017-06-06,55.76,0.84,0.0151,08:00AM,0.0,rain,1011.09,cloudy,55.76
2017-06-07,65.89,0.61,0.0,05:01AM,0.0,none,1015.98,partly-cloudy-day,65.89
2017-06-08,62.37,0.58,0.0,05:01AM,0.0,none,1011.57,partly-cloudy-day,62.37
2017-06-09,79.13,0.38,0.0,05:01AM,0.0,none,1008.25,partly-cloudy-day,79.13
2017-06-10,81.93,0.47,0.0,05:01AM,0.0,none,1014.54,partly-cloudy-day,81.59
2017-06-11,88.88,0.43,0.0,05:01AM,0.0,none,1015.35,clear-day,88.03
2017-06-12,90.61,0.43,0.0,05:01AM,0.0,none,1013.26,clear-day,89.16
2017-06-13,93.58,0.45,0.0,05:01AM,0.0,none,1009.83,partly-cloudy-day,90.57
2017-06-14,75.25,0.47,0.0151,08:00AM,0.0,rain,1015.01,clear-day,75.25
2017-06-15,69.05,0.59,0.0,05:01AM,0.0,none,1016.57,partly-cloudy-day,69.05
2017-06-16,66.75,0.91,0.0142,07:00PM,0.17,rain,1013.65,cloudy,66.17
2017-06-17,72.05,0.91,0.126,02:00PM,0.13,rain,1013.07,cloudy,70.96
2017-06-18,85.77,0.74,0.0,05:01AM,0.0,none,1008.69,partly-cloudy-day,81.21
2017-06-19,72.12,0.92,0.1908,07:00PM,1.0,rain,1010.48,rain,70.98
2017-06-20,81.55,0.41,0.0099,02:00AM,0.0,rain,1013.33,partly-cloudy-day,81.55
2017-06-21,79.11,0.53,0.0005,06:00PM,0.0,none,1011.57,partly-cloudy-day,79.02
2017-06-22,82.49,0.59,0.0,05:01AM,0.0,none,1012.46,partly-cloudy-day,80.69
2017-06-23,85.71,0.76,0.0064,09:00PM,0.19,rain,1003.6,partly-cloudy-day,80.97
2017-06-24,82.89,0.43,0.309,08:00AM,0.0,rain,1009.53,partly-cloudy-day,82.89
2017-06-25,78.41,0.53,0.0003,03:00PM,0.0,none,1013.25,partly-cloudy-day,78.39
2017-06-26,75.35,0.46,0.0,05:01AM,0.0,none,1015.09,clear-day,75.35
2017-06-27,72.75,0.5,0.043,06:00AM,0.0,rain,1013.9,partly-cloudy-day,72.75
2017-06-28,76.45,0.44,0.0,05:01AM,0.0,none,1018.68,partly-cloudy-day,76.45
2017-06-29,78.85,0.64,0.0,05:01AM,0.0,none,1016.95,partly-cloudy-day,78.29
2017-06-30,87.17,0.61,0.0004,11:00PM,0.0,none,1013.02,partly-cloudy-day,83.56
2017-07-01,76.18,0.85,0.0593,08:00PM,0.65,rain,1011.97,rain,74.96
2017-07-02,86.61,0.53,0.0,05:01AM,0.0,none,1013.93,partly-cloudy-day,84.61
2017-07-03,84.41,0.55,0.0008,06:00PM,0.0,none,1014.54,partly-cloudy-day,82.64
2017-07-04,82.0,0.47,0.0026,12:00AM,0.0,rain,1017.71,partly-cloudy-day,81.65
2017-07-05,76.7,0.52,0.0,05:01AM,0.0,none,1021.97,clear-day,76.7
2017-07-06,74.11,0.65,0.0,05:01AM,0.0,none,1016.46,partly-cloudy-day,73.98
2017-07-07,79.68,0.7,0.3603,11:00AM,0.0,rain,1006.65,partly-cloudy-day,78.79
2017-07-08,79.49,0.6,0.0135,12:00AM,0.0,rain,1008.12,partly-cloudy-day,79.04
2017-07-09,78.63,0.48,0.0,05:01AM,0.0,none,1016.31,clear-day,78.63
2017-07-10,82.55,0.63,0.0,05:01AM,0.0,none,1014.54,partly-cloudy-day,80.31
2017-07-11,87.66,0.69,0.0138,05:00AM,0.0,rain,1013.71,partly-cloudy-day,82.75
2017-07-12,90.09,0.65,0.0032,10:00PM,0.02,rain,1014.15,cloudy,84.62
2017-07-13,78.26,0.83,0.0124,07:00PM,0.46,rain,1015.63,rain,76.97
2017-07-14,70.04,0.94,0.0743,10:00AM,0.06,rain,1015.87,cloudy,69.02
2017-07-15,81.86,0.58,0.0026,02:00AM,0.0,rain,1011.87,partly-cloudy-day,80.27
2017-07-16,82.93,0.63,0.0,05:01AM,0.0,none,1014.22,partly-cloudy-day,80.63
2017-07-17,79.84,0.75,0.0022,09:00PM,0.02,rain,1017.8,partly-cloudy-day,78.74
2017-07-18,87.38,0.69,0.0,05:01AM,0.0,none,1017.42,partly-cloudy-day,82.59
2017-07-19,92.44,0.55,0.0,05:01AM,0.0,none,1014.33,partly-cloudy-day,87.82
2017-07-20,92.22,0.58,0.0091,09:00PM,0.0,rain,1011.54,partly-cloudy-day,86.95
2017-07-21,91.68,0.54,0.0,05:01AM,0.0,none,1010.72,partly-cloudy-day,87.49
2017-07-22,83.59,0.64,0.0116,11:00PM,0.0,rain,1007.89,partly-cloudy-day,80.94
2017-07-23,75.81,0.78,0.1456,01:00AM,0.0,rain,1010.3,partly-cloudy-day,74.93
2017-07-24,68.04,0.77,0.1343,06:00AM,0.0,rain,1011.57,partly-cloudy-day,67.91
2017-07-25,68.82,0.77,0.0,05:01AM,0.0,none,1021.29,cloudy,68.64
2017-07-26,71.99,0.6,0.0,05:01AM,0.0,none,1020.81,partly-cloudy-day,71.99
2017-07-27,76.83,0.82,0.0,05:01AM,0.0,none,1012.14,cloudy,75.72
2017-07-28,78.98,0.72,0.0,05:01AM,0.0,none,1008.7,partly-cloudy-day,78.07
2017-07-29,74.53,0.55,0.0008,09:00AM,0.0,rain,1010.17,partly-cloudy-day,74.53
2017-07-30,77.85,0.46,0.0,05:01AM,0.0,none,1016.55,clear-day,77.85
2017-07-31,83.24,0.57,0.0,05:01AM,0.0,none,1016.42,partly-cloudy-day,81.47
2017-08-01,85.01,0.58,0.0,05:01AM,0.0,none,1016.13,clear-day,82.73
2017-08-02,71.6,0.87,0.0482,06:00PM,0.39,rain,1017.89,rain,70.75
2017-08-03,79.17,0.71,0.0005,08:00PM,0.03,none,1018.3,partly-cloudy-day,78.3
2017-08-04,79.5,0.72,0.0044,08:00AM,0.0,rain,1013.68,partly-cloudy-day,78.55
2017-08-05,74.96,0.53,0.1924,06:00AM,0.0,rain,1012.61,partly-cloudy-day,74.96
2017-08-06,72.92,0.56,0.0,05:01AM,0.0,none,1018.98,partly-cloudy-day,72.92
2017-08-07,67.23,0.91,0.1218,04:00PM,0.69,rain,1014.16,rain,66.61
2017-08-08,76.45,0.59,0.0005,12:00AM,0.0,none,1016.26,partly-cloudy-day,76.33
2017-08-09,78.45,0.56,0.0,05:01AM,0.0,none,1022.28,partly-cloudy-day,78.27
2017-08-10,76.29,0.61,0.0,05:01AM,0.0,none,1021.93,partly-cloudy-day,76.12
2017-08-11,75.53,0.66,0.0033,10:00PM,0.0,rain,1017.49,partly-cloudy-day,75.22
2017-08-12,75.74,0.84,0.0903,03:00AM,0.0,rain,1012.15,partly-cloudy-day,74.64
2017-08-13,79.49,0.55,0.0,05:01AM,0.0,none,1014.95,partly-cloudy-day,79.27
2017-08-14,77.12,0.73,0.0,05:01AM,0.0,none,1014.55,partly-cloudy-day,76.34
2017-08-15,74.61,0.9,0.0694,04:00AM,0.0,rain,1012.45,cloudy,73.34
2017-08-16,82.75,0.55,0.0,05:01AM,0.0,none,1014.63,clear-day,81.33
2017-08-17,76.83,0.71,0.0,05:01AM,0.0,none,1015.11,clear-day,76.19
2017-08-18,78.98,0.91,0.1191,09:00AM,0.77,rain,1008.81,rain,77.29
2017-08-19,84.54,0.59,0.0,05:01AM,0.0,none,1010.36,clear-day,82.23
2017-08-20,79.41,0.54,0.0,05:01AM,0.0,none,1018.85,clear-day,79.25
2017-08-21,84.37,0.68,0.0,05:01AM,0.0,none,1019.19,partly-cloudy-day,81.01
2017-08-22,92.29,0.67,0.0125,11:00PM,0.0,rain,1008.6,partly-cloudy-day,85.38
2017-08-23,76.86,0.49,0.1164,01:00AM,0.0,rain,1010.37,partly-cloudy-day,76.86
2017-08-24,74.26,0.46,0.0,05:01AM,0.0,none,1013.65,partly-cloudy-day,74.26
2017-08-25,72.9,0.54,0.0,05:01AM,0.0,none,1020.45,partly-cloudy-day,72.9
2017-08-26,71.28,0.49,0.0,05:01AM,0.0,none,1023.43,clear-day,71.28
2017-08-27,70.8,0.57,0.0,05:01AM,0.0,none,1023.77,partly-cloudy-day,70.8
2017-08-28,69.58,0.56,0.0,05:01AM,0.0,none,1025.13,partly-cloudy-night,69.58
2017-08-29,62.81,0.87,0.0288,05:00PM,0.45,rain,1018.01,rain,62.75
2017-08-30,74.01,0.57,0.0162,12:00AM,0.0,rain,1013.25,partly-cloudy-night,74.01
2017-08-31,72.64,0.55,0.0,04:00PM,0.0,none,1013.15,partly-cloudy-night,72.64
2017-09-01,66.61,0.45,0.0,05:01AM,0.0,none,1019.8,partly-cloudy-night,66.61
2017-09-02,62.39,0.73,0.0962,11:00PM,0.37,rain,1020.85,rain,62.39
2017-09-03,68.11,0.74,0.0567,10:00AM,0.0,rain,1011.72,partly-cloudy-night,68.11
2017-09-04,75.31,0.57,0.0,05:01AM,0.0,none,1011.21,clear-night,75.31
2017-09-05,77.93,0.73,0.0108,09:00PM,0.0,rain,1008.1,partly-cloudy-night,77.1
2017-09-06,62.49,0.89,0.0824,10:00PM,0.63,rain,1012.01,rain,62.36
2017-09-07,68.26,0.55,0.0509,12:00AM,0.0,rain,1013.45,clear-night,68.26
2017-09-08,66.67,0.58,0.0,05:01AM,0.0,none,1020.01,partly-cloudy-night,66.67
2017-09-09,62.51,0.62,0.0,05:01AM,0.0,none,1024.8,clear-night,62.51
2017-09-10,67.62,0.52,0.0,05:01AM,0.0,none,1027.21,clear-night,67.62
2017-09-11,70.24,0.52,0.0,05:01AM,0.0,none,1020.81,clear-night,70.24
2017-09-12,73.23,0.64,0.0,05:01AM,0.0,none,1013.44,clear-night,73.21
2017-09-13,72.86,0.87,0.0045,04:00PM,0.0,rain,1011.47,cloudy,71.88
2017-09-14,76.8,0.74,0.0,05:01AM,0.0,none,1011.96,partly-cloudy-night,76.01
2017-09-15,76.28,0.76,0.0,05:01AM,0.0,none,1018.14,partly-cloudy-night,75.45
2017-09-16,73.75,0.85,0.0,05:01AM,0.0,none,1020.62,partly-cloudy-night,72.79
2017-09-17,72.94,0.82,0.0,05:01AM,0.0,none,1019.53,partly-cloudy-night,72.17
2017-09-18,72.44,0.83,0.0,05:01AM,0.0,none,1018.97,partly-cloudy-night,71.66
2017-09-19,71.75,0.83,0.0143,04:00PM,0.42,rain,1011.88,rain,71.04
2017-09-20,76.82,0.7,0.0,05:01AM,0.0,none,1012.64,partly-cloudy-night,76.2
2017-09-21,76.16,0.66,0.0,05:01AM,0.0,none,1016.06,partly-cloudy-night,75.79
2017-09-22,76.73,0.54,0.0,05:01AM,0.0,none,1014.22,partly-cloudy-night,76.73
2017-09-23,79.34,0.45,0.0,05:01AM,0.0,none,1016.71,clear-night,79.34
2017-09-24,79.85,0.63,0.0,05:01AM,0.0,none,1017.0,clear-night,79.27
2017-09-25,76.65,0.7,0.0,05:01AM,0.0,none,1017.18,clear-night,76.04
2017-09-26,74.98,0.78,0.0,05:01AM,0.0,none,1015.29,clear-night,74.21
2017-09-27,81.84,0.81,0.0,05:01AM,0.0,none,1008.96,partly-cloudy-night,78.77
2017-09-28,68.08,0.49,0.0,05:01AM,0.0,none,1011.28,clear-night,68.08
2017-09-29,62.42,0.57,0.0,05:01AM,0.0,none,1016.74,clear-night,62.42
2017-09-30,56.63,0.74,0.0,03:00PM,0.0,none,1025.48,partly-cloudy-night,56.63
2017-10-01,60.83,0.58,0.0,05:01AM,0.0,none,1025.77,clear-night,60.83
2017-10-02,63.71,0.57,0.0,05:01AM,0.0,none,1030.77,clear-night,63.71
2017-10-03,61.04,0.64,0.0,05:01AM,0.0,none,1035.47,clear-night,61.04
2017-10-04,69.58,0.69,0.0,05:01AM,0.0,none,1023.59,clear-night,69.58
2017-10-05,77.22,0.63,0.0028,11:00PM,0.0,rain,1017.44,partly-cloudy-night,76.85
2017-10-06,72.01,0.79,0.0028,12:00AM,0.0,rain,1017.86,partly-cloudy-night,71.45
2017-10-07,74.35,0.8,0.0,05:01AM,0.0,none,1017.57,partly-cloudy-night,73.55
2017-10-08,77.13,0.87,0.0382,10:00AM,0.0,rain,1014.8,partly-cloudy-night,75.79
2017-10-09,76.49,0.93,0.0719,02:00PM,0.26,rain,1011.43,cloudy,74.93
2017-10-10,73.0,0.71,0.0,05:01AM,0.0,none,1018.64,clear-night,72.7
2017-10-11,67.66,0.82,0.0035,07:00PM,0.38,rain,1020.72,rain,67.38
2017-10-12,59.62,0.65,0.0179,05:00AM,0.0,rain,1028.38,partly-cloudy-night,59.62
2017-10-13,63.0,0.8,0.0,05:01AM,0.0,none,1027.56,cloudy,63.0
2017-10-14,68.93,0.83,0.0045,04:00AM,0.0,rain,1022.05,cloudy,68.48
2017-10-15,69.74,0.8,0.0,09:00AM,0.0,none,1010.85,cloudy,69.33
2017-10-16,53.92,0.56,0.0054,05:00AM,0.0,rain,1020.18,partly-cloudy-night,53.92
2017-10-17,53.79,0.57,0.0,05:01AM,0.0,none,1025.23,clear-night,53.79
2017-10-18,63.3,0.64,0.0,05:01AM,0.0,none,1025.18,clear-night,63.3
2017-10-19,64.13,0.56,0.0,05:01AM,0.0,none,1018.98,clear-night,64.13
2017-10-20,65.49,0.41,0.0,05:01AM,0.0,none,1021.09,clear-night,65.49
2017-10-21,64.6,0.55,0.0,05:01AM,0.0,none,1027.42,clear-night,64.6
2017-10-22,63.95,0.66,0.0,05:01AM,0.0,none,1028.28,clear-night,63.95
2017-10-23,68.88,0.83,0.0,05:01AM,0.0,none,1019.07,cloudy,68.44
2017-10-24,69.26,0.92,0.0734,03:00PM,0.23,rain,1008.45,cloudy,68.41
2017-10-25,60.44,0.66,0.0008,01:00AM,0.0,none,1005.42,partly-cloudy-night,60.44
2017-10-26,54.58,0.57,0.0002,01:00PM,0.0,none,1009.54,partly-cloudy-night,54.58
2017-10-27,56.06,0.63,0.0,05:01AM,0.0,none,1019.15,clear-night,56.06
2017-10-28,63.46,0.81,0.0,05:01AM,0.0,none,1013.4,partly-cloudy-night,63.46
2017-10-29,65.62,0.95,0.3206,10:00PM,1.0,rain,993.26,rain,64.98
2017-10-30,52.52,0.55,0.066,12:00AM,0.0,rain,1008.39,clear-night,52.52
2017-10-31,50.68,0.49,0.0,05:01AM,0.0,none,1021.19,clear-night,50.68
2017-11-01,53.95,0.7,0.0,05:01AM,0.0,none,1025.93,cloudy,53.95
2017-11-02,65.98,0.8,0.0,05:01AM,0.0,none,1022.51,partly-cloudy-night,65.91
2017-11-03,63.92,0.68,0.0,05:01AM,0.0,none,1018.66,partly-cloudy-night,63.92
2017-11-04,51.0,0.7,0.0,05:01AM,0.0,none,1026.58,clear-night,51.0
2017-11-05,59.8,0.94,0.0047,02:00AM,0.08,rain,1018.59,cloudy,59.7
2017-11-06,55.48,0.74,0.0,10:00AM,0.0,none,1016.77,partly-cloudy-night,55.48
2017-11-07,38.47,0.9,0.1053,07:00PM,0.99,rain,1021.84,rain,40.98
2017-11-08,45.83,0.75,0.0169,12:00AM,0.0,rain,1025.12,cloudy,45.83
2017-11-09,51.54,0.79,0.0,05:01AM,0.0,none,1016.86,cloudy,51.54
2017-11-10,20.6,0.42,0.001,01:00AM,0.0,rain,1031.9,clear-night,27.93
2017-11-11,32.98,0.44,0.0,05:01AM,0.0,none,1034.36,clear-night,32.98
2017-11-12,39.95,0.62,0.0,05:01AM,0.0,none,1029.81,partly-cloudy-night,39.95
2017-11-13,41.59,0.78,0.0141,09:00AM,0.0,rain,1026.59,clear-night,41.59
2017-11-14,42.56,0.74,0.0,05:01AM,0.0,none,1026.28,cloudy,42.56
2017-11-15,47.29,0.7,0.0,05:01AM,0.0,none,1020.18,cloudy,47.29
2017-11-16,44.55,0.62,0.0302,07:00AM,0.0,rain,1011.33,clear-night,47.73
2017-11-17,40.84,0.42,0.0,05:01AM,0.0,none,1018.66,clear-night,40.84
2017-11-18,48.08,0.87,0.0306,07:00PM,0.91,rain,1002.2,rain,48.08
2017-11-19,42.93,0.53,0.0432,05:00AM,0.0,rain,1006.12,partly-cloudy-night,44.87
2017-11-20,40.26,0.53,0.0,05:01AM,0.0,none,1019.7,clear-night,42.98
2017-11-21,50.38,0.62,0.0,05:01AM,0.0,none,1017.73,clear-night,50.38
2017-11-22,35.17,0.59,0.0356,09:00AM,0.0,rain,1017.22,partly-cloudy-night,40.31
2017-11-23,36.8,0.58,0.0,05:01AM,0.0,none,1016.83,partly-cloudy-night,36.8
2017-11-24,43.9,0.58,0.0,05:01AM,0.0,none,1015.17,clear-night,43.9
2017-11-25,52.61,0.56,0.0,05:01AM,0.0,none,1005.98,partly-cloudy-night,52.61
2017-11-26,39.84,0.56,0.0,05:01AM,0.0,none,1015.62,clear-night,39.84
2017-11-27,43.92,0.5,0.0,05:01AM,0.0,none,1022.93,clear-night,43.92
2017-11-28,49.17,0.79,0.0,05:01AM,0.0,none,1025.57,clear-night,49.71
2017-11-29,47.47,0.45,0.0,05:01AM,0.0,none,1025.0,clear-night,48.87
2017-11-30,46.68,0.81,0.0008,11:00PM,0.0,none,1018.06,partly-cloudy-night,46.68
2017-12-01,43.64,0.61,0.0088,12:00AM,0.0,rain,1024.93,clear-night,43.64
2017-12-02,42.72,0.69,0.0,05:01AM,0.0,none,1024.06,partly-cloudy-night,42.72
2017-12-03,43.22,0.82,0.0,05:01AM,0.0,none,1024.31,partly-cloudy-night,43.22
2017-12-04,46.98,0.77,0.0,05:01AM,0.0,none,1030.05,partly-cloudy-night,46.98
2017-12-05,57.96,0.92,0.0694,10:00PM,0.49,rain,1013.23,rain,57.96
2017-12-06,38.49,0.45,0.0329,12:00AM,0.0,rain,1016.32,partly-cloudy-night,40.76
2017-12-07,38.35,0.5,0.0,05:01AM,0.0,none,1016.19,partly-cloudy-night,40.27
2017-12-08,36.26,0.5,0.0,05:01AM,0.0,none,1016.69,partly-cloudy-night,36.26
2017-12-09,31.21,0.92,0.0004,04:00PM,0.0,snow,1006.77,cloudy,31.21
2017-12-10,31.96,0.62,0.0221,01:00PM,0.0,rain,1016.18,partly-cloudy-night,35.64
2017-12-11,36.07,0.61,0.0028,01:00PM,0.0,rain,1016.44,partly-cloudy-night,36.07
2017-12-12,32.84,0.71,0.0012,02:00PM,0.0,rain,997.86,cloudy,38.51
2017-12-13,20.67,0.45,0.0,05:01AM,0.0,none,1005.13,clear-night,27.32
2017-12-14,20.26,0.5,0.0044,01:00PM,0.0,snow,1017.07,clear-night,25.62
2017-12-15,24.05,0.87,0.0002,06:00PM,0.0,none,1013.28,cloudy,24.05
2017-12-16,37.39,0.65,0.0054,02:00PM,0.13,rain,1019.96,cloudy,37.39
2017-12-17,34.77,0.7,0.0016,02:00PM,0.0,rain,1025.15,partly-cloudy-night,34.77
2017-12-18,44.32,0.72,0.0006,03:00AM,0.0,rain,1014.99,cloudy,44.32
2017-12-19,51.62,0.58,0.0,05:01AM,0.0,none,1007.98,clear-night,51.62
2017-12-20,33.96,0.48,0.0,05:01AM,0.0,none,1016.38,clear-night,37.21
2017-12-21,36.7,0.49,0.0,05:01AM,0.0,none,1025.06,partly-cloudy-night,36.7
2017-12-22,43.79,0.78,0.0,05:01AM,0.0,none,1020.96,cloudy,43.79
2017-12-23,45.43,0.93,0.0766,01:00PM,0.97,rain,1007.61,rain,46.77
2017-12-24,34.82,0.67,0.0018,11:00PM,0.0,sleet,1018.31,cloudy,38.13
2017-12-25,22.73,0.47,0.0189,05:00AM,0.0,rain,1021.05,partly-cloudy-night,30.38
2017-12-26,24.33,0.46,0.0,05:01AM,0.0,none,1030.84,clear-night,24.33
2017-12-27,12.86,0.43,0.0,05:01AM,0.0,none,1033.11,clear-night,20.21
2017-12-28,5.35,0.43,0.0,05:01AM,0.0,none,1033.04,clear-night,14.88
2017-12-29,12.52,0.53,0.0,05:01AM,0.0,none,1025.5,clear-night,18.42
2017-12-30,20.19,0.77,0.0,05:01AM,0.0,none,1015.58,clear-night,20.19
2017-12-31,2.33,0.53,0.0,05:01AM,0.0,none,1026.88,clear-night,11.63
2018-01-01,16.02,0.46,0.0,05:01AM,0.0,none,1028.5,clear-night,16.02
2018-01-02,13.67,0.55,0.0,05:01AM,0.0,none,1027.49,clear-night,21.33
2018-01-03,25.05,0.54,0.0,05:01AM,0.0,none,1021.1,partly-cloudy-night,25.05
2018-01-04,13.26,0.75,0.0004,12:00PM,0.0,snow,996.53,partly-cloudy-night,24.01
2018-01-05,1.39,0.42,0.0,05:01AM,0.0,none,1015.4,clear-night,13.38
2018-01-06,-1.65,0.42,0.0,05:01AM,0.0,none,1028.69,clear-night,9.16
2018-01-07,10.84,0.49,0.0,05:01AM,0.0,none,1031.55,partly-cloudy-night,17.27
2018-01-08,25.31,0.76,0.0,05:01AM,0.0,none,1019.12,cloudy,29.33
2018-01-09,36.7,0.57,0.0044,01:00PM,0.0,rain,1026.36,clear-night,36.7
2018-01-10,36.25,0.76,0.0,05:01AM,0.0,none,1031.24,cloudy,36.25
2018-01-11,42.89,0.89,0.0,05:01AM,0.0,none,1025.48,clear-night,42.89
2018-01-12,56.77,0.95,0.1344,04:00PM,0.68,rain,1005.95,rain,56.77
2018-01-13,15.25,0.58,0.0356,04:00AM,0.0,rain,1024.44,clear-night,23.83
2018-01-14,12.59,0.43,0.0,05:01AM,0.0,none,1038.51,clear-night,19.64
2018-01-15,25.81,0.72,0.0,05:01AM,0.0,none,1034.38,clear-night,25.81
2018-01-16,33.43,0.81,0.0,05:01AM,0.0,none,1029.68,cloudy,33.43
2018-01-17,19.35,0.72,0.0087,07:00AM,0.0,snow,1022.16,partly-cloudy-night,25.89
2018-01-18,27.91,0.57,0.0,05:01AM,0.0,none,1017.3,clear-night,27.91
2018-01-19,34.16,0.58,0.0004,03:00PM,0.0,none,1015.8,clear-night,34.16
2018-01-20,44.62,0.55,0.0022,11:00AM,0.0,rain,1015.82,partly-cloudy-night,44.62
2018-01-21,45.02,0.65,0.0,05:01AM,0.0,none,1022.01,cloudy,45.02
2018-01-22,39.64,0.89,0.0007,03:00AM,0.0,rain,1020.67,cloudy,41.2
2018-01-23,46.74,0.63,0.0646,08:00AM,0.0,rain,1004.55,partly-cloudy-night,49.2
2018-01-24,25.71,0.56,0.0,05:01AM,0.0,none,1019.32,clear-night,31.9
2018-01-25,30.05,0.33,0.0,05:01AM,0.0,none,1033.78,clear-night,30.05
2018-01-26,32.65,0.62,0.0,05:01AM,0.0,none,1038.2,clear-night,32.65
2018-01-27,52.24,0.66,0.0,05:01AM,0.0,none,1026.02,partly-cloudy-night,52.24
2018-01-28,44.82,0.78,0.0272,07:00AM,0.0,rain,1024.22,partly-cloudy-night,44.82
2018-01-29,36.55,0.65,0.0,05:01AM,0.0,none,1017.94,cloudy,40.11
2018-01-30,20.54,0.57,0.0054,01:00PM,0.0,snow,1019.15,cloudy,28.44
2018-01-31,25.57,0.51,0.0,05:01AM,0.0,none,1018.89,partly-cloudy-night,30.69
2018-02-01,40.85,0.72,0.0015,11:00PM,0.16,rain,1013.05,cloudy,40.85
2018-02-02,9.79,0.45,0.0463,02:00AM,0.0,rain,1024.98,partly-cloudy-night,19.97
2018-02-03,23.41,0.49,0.0,05:01AM,0.0,none,1028.93,clear-night,28.78
2018-02-04,40.8,0.93,0.1461,10:00PM,1.0,rain,1009.06,rain,40.8
2018-02-05,27.82,0.48,0.0232,12:00AM,0.0,rain,1024.86,clear-night,27.82
2018-02-06,31.52,0.67,0.0,05:01AM,0.0,none,1031.47,clear-night,31.52
2018-02-07,37.76,0.91,0.0895,07:00PM,0.95,rain,1013.33,rain,40.45
2018-02-08,28.37,0.57,0.0002,12:00AM,0.0,none,1030.14,partly-cloudy-night,28.37
2018-02-09,34.49,0.71,0.0,05:01AM,0.0,none,1031.5,partly-cloudy-night,34.49
2018-02-10,43.36,0.93,0.0848,08:00PM,0.98,rain,1018.71,rain,43.36
2018-02-11,52.78,0.94,0.0955,10:00AM,0.38,rain,1011.84,rain,52.78
2018-02-12,36.01,0.4,0.0,12:00AM,0.0,none,1034.94,clear-night,38.67
2018-02-13,31.71,0.66,0.0,05:01AM,0.0,none,1039.82,partly-cloudy-night,31.71
2018-02-14,47.04,0.71,0.0015,11:00PM,0.0,rain,1020.05,partly-cloudy-night,47.04
2018-02-15,54.32,0.84,0.0209,12:00AM,0.0,rain,1007.39,partly-cloudy-night,54.32
2018-02-16,37.39,0.62,0.0255,12:00AM,0.0,rain,1014.32,partly-cloudy-night,42.43
2018-02-17,33.21,0.89,0.0066,08:00PM,0.15,snow,1022.26,fog,33.21
2018-02-18,37.32,0.64,0.0666,01:00PM,0.0,rain,1031.99,clear-night,37.32
2018-02-19,44.78,0.92,0.0114,09:00PM,0.66,rain,1028.03,rain,44.78
2018-02-20,58.48,0.8,0.0006,12:00AM,0.0,none,1026.56,partly-cloudy-night,58.48
2018-02-21,68.37,0.7,0.0127,10:00PM,0.1,rain,1025.3,partly-cloudy-night,68.37
2018-02-22,35.0,0.9,0.0415,05:00PM,0.39,rain,1037.32,rain,37.76
2018-02-23,39.2,0.94,0.0254,07:00PM,0.71,rain,1026.2,rain,39.2
2018-02-24,45.85,0.9,0.0186,05:00PM,0.44,rain,1022.43,rain,45.85
2018-02-25,42.95,0.93,0.136,07:00AM,0.0,rain,1016.07,cloudy,42.95
2018-02-26,45.29,0.54,0.0,05:01AM,0.0,none,1022.7,clear-night,45.29
2018-02-27,46.23,0.52,0.0,05:01AM,0.0,none,1024.85,clear-night,46.23
2018-02-28,52.77,0.57,0.0,05:01AM,0.0,none,1012.52,clear-night,52.77
2018-03-01,51.71,0.67,0.119,11:00PM,0.0,rain,1004.34,cloudy,51.71
2018-03-02,26.41,0.89,0.1647,04:00AM,0.74,rain,1003.01,sleet,34.77
2018-03-03,36.22,0.67,0.0021,11:00AM,0.0,rain,1019.16,cloudy,41.23
2018-03-04,31.79,0.49,0.0,05:01AM,0.0,none,1019.57,partly-cloudy-night,37.42
2018-03-05,35.54,0.6,0.0,05:01AM,0.0,none,1018.69,partly-cloudy-night,38.42
2018-03-06,36.18,0.68,0.0,05:01AM,0.0,none,1015.58,partly-cloudy-night,39.51
2018-03-07,29.36,0.94,0.0343,01:00PM,0.69,snow,1002.85,snow,33.28
2018-03-08,36.18,0.62,0.052,01:00PM,0.22,rain,1006.95,cloudy,36.18
2018-03-09,32.9,0.57,0.0109,01:00PM,0.0,rain,1009.8,partly-cloudy-night,37.69
2018-03-10,34.46,0.5,0.0007,02:00PM,0.0,rain,1016.21,cloudy,37.85
2018-03-11,40.73,0.48,0.0,05:01AM,0.0,none,1018.39,clear-night,40.73
2018-03-12,36.79,0.61,0.0023,11:00PM,0.0,rain,1010.4,cloudy,40.71
2018-03-13,31.21,0.55,0.0156,01:00PM,0.0,snow,1005.83,partly-cloudy-night,36.76
2018-03-14,29.4,0.71,0.0,05:01AM,0.0,none,1000.52,cloudy,35.51
2018-03-15,36.87,0.6,0.0,05:01AM,0.0,none,1001.42,partly-cloudy-night,40.88
2018-03-16,27.92,0.45,0.0,05:01AM,0.0,none,1011.61,clear-night,34.26
2018-03-17,42.8,0.32,0.0,05:01AM,0.0,none,1006.42,clear-night,44.94
2018-03-18,40.69,0.3,0.0,05:01AM,0.0,none,1012.85,clear-night,40.69
2018-03-19,41.51,0.27,0.0,05:01AM,0.0,none,1014.15,clear-night,41.51
2018-03-20,34.26,0.47,0.0,05:01AM,0.0,none,1010.22,cloudy,37.34
2018-03-21,28.41,0.92,0.0052,03:00PM,0.42,snow,1004.64,snow,32.07
2018-03-22,43.41,0.43,0.0979,01:00PM,0.0,rain,1012.01,partly-cloudy-night,46.03
2018-03-23,41.83,0.47,0.0,05:01AM,0.0,none,1016.43,cloudy,44.54
2018-03-24,45.46,0.35,0.0,05:01AM,0.0,none,1018.12,partly-cloudy-night,45.46
2018-03-25,40.34,0.53,0.0,05:01AM,0.0,none,1033.05,partly-cloudy-night,40.34
2018-03-26,41.06,0.57,0.0,05:01AM,0.0,none,1038.68,clear-night,41.06
2018-03-27,40.35,0.5,0.0,05:01AM,0.0,none,1025.98,cloudy,40.35
2018-03-28,48.76,0.76,0.0138,06:00AM,0.0,rain,1016.55,cloudy,48.76
2018-03-29,48.6,0.92,0.007,11:00AM,0.0,rain,1013.31,fog,48.6
2018-03-30,46.76,0.69,0.014,06:00PM,0.36,rain,1011.37,rain,49.21
2018-03-31,45.2,0.43,0.0,05:01AM,0.0,none,1021.03,clear-night,47.85
2018-04-01,51.23,0.41,0.0,05:01AM,0.0,none,1016.79,partly-cloudy-night,51.23
2018-04-02,39.92,0.71,0.0747,03:00PM,0.22,rain,1020.5,partly-cloudy-night,39.92
2018-04-03,40.36,0.93,0.0478,01:00PM,0.64,rain,1013.94,rain,40.36
2018-04-04,43.65,0.38,0.0217,02:00PM,0.0,rain,1004.51,partly-cloudy-night,48.15
2018-04-05,37.9,0.33,0.0,05:01AM,0.0,none,1018.91,partly-cloudy-night,41.47
2018-04-06,57.51,0.44,0.0197,11:00AM,0.0,rain,1005.59,partly-cloudy-night,57.51
2018-04-07,42.98,0.34,0.0,05:01AM,0.0,none,1012.49,cloudy,44.22
2018-04-08,34.73,0.37,0.0,05:01AM,0.0,none,1014.47,partly-cloudy-night,39.12
2018-04-09,39.6,0.54,0.0,05:01AM,0.0,none,1021.38,cloudy,41.9
2018-04-10,42.2,0.39,0.0026,05:00AM,0.0,rain,1020.63,partly-cloudy-night,45.77
2018-04-11,45.22,0.55,0.0,05:01AM,0.0,none,1018.54,partly-cloudy-night,46.08
2018-04-12,55.9,0.62,0.0,05:01AM,0.0,none,1010.79,partly-cloudy-night,55.9
2018-04-13,73.24,0.38,0.0,05:01AM,0.0,none,1010.56,partly-cloudy-night,73.24
2018-04-14,54.39,0.72,0.0,05:01AM,0.0,none,1017.66,partly-cloudy-night,54.39
2018-04-15,32.12,0.88,0.0543,09:00PM,0.77,rain,1023.52,rain,38.18
2018-04-16,52.11,0.75,0.3883,10:00AM,0.0,rain,998.88,cloudy,52.11
2018-04-17,37.23,0.64,0.0,05:01AM,0.0,none,1005.44,cloudy,41.27
2018-04-18,50.93,0.47,0.0,05:01AM,0.0,none,1008.68,clear-day,50.93
2018-04-19,39.42,0.53,0.0296,03:00PM,0.0,rain,1012.25,partly-cloudy-day,43.75
2018-04-20,40.89,0.47,0.0,05:01AM,0.0,none,1025.83,clear-day,44.79
2018-04-21,57.78,0.28,0.0,05:01AM,0.0,none,1025.62,partly-cloudy-day,57.78
2018-04-22,56.17,0.34,0.0,05:01AM,0.0,none,1027.53,clear-day,56.17
2018-04-23,54.14,0.53,0.0,05:01AM,0.0,none,1030.56,clear-day,54.14
2018-04-24,56.87,0.6,0.0025,11:00PM,0.0,rain,1023.71,cloudy,56.87
2018-04-25,56.42,0.94,0.0759,08:00AM,0.09,rain,1004.59,fog,56.42
2018-04-26,65.94,0.44,0.0153,02:00AM,0.0,rain,1009.21,clear-day,65.94
2018-04-27,51.72,0.92,0.0202,12:00PM,0.08,rain,1007.17,cloudy,51.72
2018-04-28,58.2,0.76,0.0523,09:00PM,0.2,rain,1008.44,partly-cloudy-day,58.2
2018-04-29,50.21,0.55,0.0118,04:00AM,0.0,rain,1014.97,partly-cloudy-day,50.21
2018-04-30,47.76,0.75,0.004,07:00PM,0.34,rain,1016.63,rain,48.46
2018-05-01,75.87,0.23,0.0,05:01AM,0.0,none,1016.47,partly-cloudy-day,75.87
2018-05-02,84.18,0.24,0.0,05:01AM,0.0,none,1014.45,partly-cloudy-day,84.18
2018-05-03,81.33,0.56,0.0257,08:00PM,0.29,rain,1013.38,partly-cloudy-day,79.98
2018-05-04,82.07,0.51,0.0008,12:00AM,0.0,rain,1007.93,partly-cloudy-day,81.18
2018-05-05,67.78,0.45,0.0,05:01AM,0.0,none,1018.27,partly-cloudy-day,67.78
2018-05-06,60.36,0.7,0.0043,10:00AM,0.0,rain,1011.77,cloudy,60.36
2018-05-07,64.23,0.64,0.0,05:01AM,0.0,none,1019.73,partly-cloudy-day,64.23
2018-05-08,63.17,0.61,0.0,05:01AM,0.0,none,1022.66,clear-day,63.17
2018-05-09,64.77,0.52,0.0,05:01AM,0.0,none,1018.66,clear-day,64.77
2018-05-10,64.74,0.72,0.064,10:00PM,0.0,rain,1009.07,partly-cloudy-day,64.74
2018-05-11,69.03,0.3,0.0027,12:00AM,0.0,rain,1017.43,partly-cloudy-day,69.03
2018-05-12,54.77,0.91,0.0413,06:00AM,0.87,rain,1017.87,rain,54.77
2018-05-13,53.19,0.89,0.0449,02:00PM,0.0,rain,1019.62,cloudy,53.19
2018-05-14,64.2,0.79,0.0112,02:00AM,0.0,rain,1013.63,partly-cloudy-day,64.2
2018-05-15,67.27,0.92,0.1227,06:00PM,0.99,rain,1011.55,rain,66.58
2018-05-16,57.78,0.93,0.0487,03:00PM,0.96,rain,1018.54,rain,57.78
2018-05-17,69.32,0.84,0.0617,07:00AM,0.0,rain,1017.42,partly-cloudy-day,68.77
2018-05-18,58.99,0.52,0.0,05:01AM,0.0,none,1027.35,cloudy,58.99
2018-05-19,55.82,0.97,0.0839,02:00PM,0.16,rain,1019.46,fog,55.82
2018-05-20,74.18,0.61,0.002,03:00AM,0.0,rain,1015.13,partly-cloudy-day,74.18
2018-05-21,69.6,0.49,0.0,05:01AM,0.0,none,1020.8,clear-day,69.6
2018-05-22,57.99,0.92,0.1001,04:00PM,0.0,rain,1016.59,cloudy,57.99
2018-05-23,78.7,0.38,0.1069,04:00AM,0.0,rain,1014.04,clear-day,78.7
2018-05-24,76.35,0.33,0.0,05:01AM,0.0,none,1018.11,clear-day,76.35
2018-05-25,82.51,0.41,0.0,05:01AM,0.0,none,1010.05,clear-day,82.51
2018-05-26,83.63,0.56,0.0,05:01AM,0.0,none,1009.26,partly-cloudy-day,81.96
2018-05-27,59.11,0.82,0.0916,09:00AM,0.0,rain,1017.92,cloudy,59.11
2018-05-28,64.44,0.76,0.0,05:01AM,0.0,none,1016.79,cloudy,64.44
2018-05-29,82.8,0.58,0.0,05:01AM,0.0,none,1014.79,partly-cloudy-day,81.02
2018-05-30,63.22,0.79,0.0,05:01AM,0.0,none,1019.77,partly-cloudy-day,63.22
2018-05-31,67.34,0.95,0.006,02:00PM,0.0,rain,1014.02,cloudy,66.52
2018-06-01,76.82,0.79,0.0116,06:00AM,0.0,rain,1007.01,partly-cloudy-day,75.81
2018-06-02,79.48,0.63,0.0206,01:00AM,0.0,rain,1008.45,partly-cloudy-day,78.92
2018-06-03,58.45,0.71,0.0409,01:00AM,0.0,rain,1014.48,partly-cloudy-day,58.45
2018-06-04,67.7,0.68,0.0869,01:00AM,0.0,rain,1005.5,partly-cloudy-day,67.7
2018-06-05,70.55,0.51,0.0,05:01AM,0.0,none,1003.96,partly-cloudy-day,70.55
2018-06-06,63.08,0.7,0.0,05:01AM,0.0,none,1014.38,cloudy,63.08
2018-06-07,64.37,0.68,0.0,05:01AM,0.0,none,1019.72,clear-day,64.37
2018-06-08,79.21,0.5,0.0,05:01AM,0.0,none,1018.32,partly-cloudy-day,79.21
2018-06-09,72.87,0.55,0.0,05:01AM,0.0,none,1017.94,partly-cloudy-day,72.87
2018-06-10,63.74,0.7,0.0011,05:00PM,0.0,rain,1016.3,cloudy,63.74
2018-06-11,64.79,0.47,0.0064,01:00AM,0.0,rain,1019.89,partly-cloudy-day,64.79
2018-06-12,67.77,0.52,0.0,05:01AM,0.0,none,1019.71,clear-day,67.77
2018-06-13,77.49,0.73,0.0124,02:00PM,0.0,rain,1008.52,partly-cloudy-day,76.67
2018-06-14,80.7,0.3,0.0021,01:00AM,0.0,rain,1008.2,clear-day,80.7
2018-06-15,73.13,0.48,0.0,05:01AM,0.0,none,1014.36,partly-cloudy-day,73.13
2018-06-16,78.17,0.41,0.0,05:01AM,0.0,none,1015.33,partly-cloudy-day,78.17
2018-06-17,81.18,0.43,0.0,05:01AM,0.0,none,1017.77,clear-day,81.18
2018-06-18,92.45,0.57,0.057,09:00PM,0.0,rain,1008.56,partly-cloudy-day,87.26
2018-06-19,83.64,0.32,0.0108,03:00AM,0.0,rain,1009.05,clear-day,83.64
2018-06-20,76.01,0.66,0.0,05:01AM,0.0,none,1008.34,partly-cloudy-day,75.63
2018-06-21,79.61,0.49,0.0701,02:00AM,0.0,rain,1008.1,partly-cloudy-day,79.61
2018-06-22,67.73,0.75,0.0,05:01AM,0.0,none,1015.92,clear-day,67.73
2018-06-23,66.68,0.84,0.0134,01:00AM,0.0,none,1009.84,cloudy,66.38
2018-06-24,84.2,0.55,0.0148,09:00PM,0.0,none,1007.76,partly-cloudy-day,82.45
2018-06-25,77.59,0.33,0.0,05:01AM,0.0,none,1018.49,partly-cloudy-day,77.59
2018-06-26,72.29,0.64,0.0,05:01AM,0.0,none,1022.18,partly-cloudy-day,72.29
2018-06-27,70.89,0.75,0.0017,08:00PM,0.08,rain,1014.26,cloudy,70.62
2018-06-28,79.28,0.8,0.0831,07:00AM,0.12,none,1008.42,partly-cloudy-day,78.02
2018-06-29,86.85,0.39,0.0,05:01AM,0.0,none,1014.31,partly-cloudy-day,86.85
2018-06-30,90.84,0.44,0.0,05:01AM,0.0,none,1015.92,clear-day,89.23
2018-07-01,96.24,0.53,0.0,05:01AM,0.0,none,1015.36,partly-cloudy-day,90.11
2018-07-02,90.05,0.64,0.0,05:01AM,0.0,none,1017.38,clear-day,84.81
2018-07-03,82.16,0.85,0.1362,05:00PM,0.1,rain,1022.26,partly-cloudy-day,78.82
2018-07-04,83.93,0.75,0.0006,03:00PM,0.0,none,1025.56,partly-cloudy-day,80.17
2018-07-05,91.0,0.74,0.0,05:01AM,0.0,none,1021.1,partly-cloudy-day,83.68
2018-07-06,80.82,0.5,0.0854,06:00AM,0.0,rain,1016.93,partly-cloudy-day,80.01
2018-07-07,70.59,0.48,0.0,05:01AM,0.0,none,1026.34,clear-day,70.59
2018-07-08,75.88,0.46,0.0,05:01AM,0.0,none,1025.96,clear-day,75.88
2018-07-09,80.0,0.52,0.0,05:01AM,0.0,none,1018.01,clear-day,79.87
2018-07-10,88.22,0.44,0.0,05:01AM,0.0,none,1010.03,clear-day,87.33
2018-07-11,77.64,0.66,0.0,05:01AM,0.0,none,1014.96,partly-cloudy-day,77.13
2018-07-12,76.92,0.54,0.0,05:01AM,0.0,none,1022.23,partly-cloudy-day,76.92
2018-07-13,79.09,0.47,0.0,05:01AM,0.0,none,1021.48,clear-day,79.09
2018-07-14,86.59,0.46,0.0,05:01AM,0.0,none,1015.76,partly-cloudy-day,85.85
2018-07-15,84.75,0.66,0.1458,05:00AM,0.0,rain,1014.03,partly-cloudy-day,81.49
2018-07-16,89.53,0.67,0.0,05:01AM,0.0,none,1012.57,partly-cloudy-day,84.03
2018-07-17,73.67,0.94,0.1937,03:00PM,0.49,none,1010.2,rain,72.31
2018-07-18,81.16,0.36,0.0,05:01AM,0.0,none,1012.67,clear-day,81.16
2018-07-19,77.2,0.46,0.0,05:01AM,0.0,none,1018.34,clear-day,77.2
2018-07-20,75.24,0.53,0.0,05:01AM,0.0,none,1019.97,partly-cloudy-day,75.24
2018-07-21,75.24,0.53,0.0763,11:00PM,0.0,none,1015.16,clear-day,75.24
2018-07-22,76.28,0.93,0.1222,02:00AM,0.84,none,1015.15,rain,74.72
2018-07-23,79.51,0.83,0.0299,05:00AM,0.0,rain,1020.58,cloudy,78.09
2018-07-24,81.8,0.82,0.0006,03:00AM,0.0,none,1019.98,clear-day,78.73
2018-07-25,76.84,0.93,0.1647,07:00AM,0.0,none,1012.76,clear-day,75.24
2018-07-26,87.13,0.66,0.0074,01:00AM,0.0,rain,1011.66,partly-cloudy-day,82.94
2018-07-27,76.08,0.83,0.0642,10:00PM,0.44,rain,1015.51,rain,75.0
2018-07-28,83.39,0.7,0.0022,12:00AM,0.0,rain,1014.27,partly-cloudy-day,80.26
2018-07-29,78.97,0.54,0.0,05:01AM,0.0,none,1018.33,partly-cloudy-day,78.84
2018-07-30,75.53,0.74,0.0,05:01AM,0.0,none,1020.42,partly-cloudy-day,74.89
2018-07-31,76.43,0.67,0.0,05:01AM,0.0,none,1019.6,partly-cloudy-day,75.97
2018-08-01,89.53,0.68,0.0897,02:00PM,0.0,rain,1015.68,partly-cloudy-day,83.87
2018-08-02,85.75,0.76,0.0685,05:00PM,0.0,rain,1018.6,partly-cloudy-day,81.07
2018-08-03,81.6,0.83,0.1254,04:00PM,0.0,rain,1019.82,partly-cloudy-day,78.61
2018-08-04,88.73,0.61,0.1766,10:00AM,0.0,rain,1017.58,partly-cloudy-day,84.59
2018-08-05,90.06,0.58,0.0,05:01AM,0.0,none,1018.95,partly-cloudy-day,85.87
2018-08-06,93.04,0.64,0.0,05:01AM,0.0,none,1016.15,partly-cloudy-day,86.28
2018-08-07,82.82,0.8,0.0519,08:00PM,0.51,rain,1012.7,rain,79.3
2018-08-08,88.89,0.72,0.0,05:01AM,0.0,none,1009.09,partly-cloudy-day,83.01
2018-08-09,85.99,0.48,0.0648,03:00AM,0.0,rain,1008.73,clear-day,85.08
2018-08-10,82.91,0.65,0.0,05:01AM,0.0,none,1011.29,cloudy,80.36
2018-08-11,75.65,0.91,0.2247,06:00PM,0.43,rain,1013.82,rain,74.24
2018-08-12,79.57,0.8,0.0021,08:00PM,0.03,rain,1016.35,partly-cloudy-day,78.27
2018-08-13,75.8,0.93,0.0655,11:00AM,0.24,rain,1011.98,cloudy,74.32
2018-08-14,74.46,0.84,0.0302,04:00PM,0.05,rain,1010.11,partly-cloudy-day,73.48
2018-08-15,87.08,0.59,0.0,05:01AM,0.0,none,1013.32,partly-cloudy-day,83.9
2018-08-16,89.22,0.59,0.0,05:01AM,0.0,none,1017.25,partly-cloudy-day,85.15
2018-08-17,89.17,0.79,0.0833,11:00PM,0.32,rain,1013.55,rain,82.31
2018-08-18,76.44,0.87,0.2674,01:00AM,0.74,rain,1009.46,rain,75.15
2018-08-19,72.5,0.79,0.0023,03:00PM,0.0,rain,1017.14,cloudy,71.91
2018-08-20,72.83,0.79,0.0,05:01AM,0.0,none,1019.95,partly-cloudy-day,72.2
2018-08-21,73.84,0.8,0.0,05:01AM,0.0,none,1014.66,partly-cloudy-day,73.09
2018-08-22,81.5,0.58,0.2323,02:00AM,0.0,rain,1006.8,partly-cloudy-day,79.93
2018-08-23,74.84,0.45,0.0023,08:00AM,0.0,rain,1016.47,clear-day,74.84
2018-08-24,76.36,0.52,0.0,05:01AM,0.0,none,1023.17,clear-day,76.36
2018-08-25,73.69,0.63,0.0,05:01AM,0.0,none,1023.28,clear-day,73.67
2018-08-26,83.49,0.62,0.0,05:01AM,0.0,none,1017.33,cloudy,81.05
2018-08-27,88.14,0.68,0.0,05:01AM,0.0,none,1017.08,partly-cloudy-day,83.08
2018-08-28,95.55,0.56,0.0,05:01AM,0.0,none,1015.5,clear-night,89.08
2018-08-29,94.23,0.54,0.0,05:01AM,0.0,none,1013.09,clear-night,88.92
2018-08-30,85.65,0.54,0.0,05:01AM,0.0,none,1017.35,clear-night,83.72
2018-08-31,71.49,0.8,0.0375,03:00PM,0.0,none,1024.81,clear-night,70.95
2018-09-01,72.72,0.72,0.0,05:01AM,0.0,none,1024.72,partly-cloudy-night,72.38
2018-09-02,77.92,0.79,0.0,05:01AM,0.0,none,1022.68,partly-cloudy-night,76.81
2018-09-03,91.56,0.73,0.0,05:01AM,0.0,none,1022.15,clear-night,84.06
2018-09-04,90.82,0.63,0.0,05:01AM,0.0,none,1021.75,partly-cloudy-night,85.35
2018-09-05,85.14,0.76,0.0009,11:00PM,0.0,rain,1021.35,clear-night,80.7
2018-09-06,78.89,0.87,0.0503,07:00PM,0.67,rain,1019.62,rain,77.38
2018-09-07,72.76,0.8,0.0075,02:00AM,0.0,rain,1019.38,cloudy,72.08
2018-09-08,63.38,0.85,0.0063,10:00AM,0.37,rain,1020.8,rain,63.35
2018-09-09,59.93,0.92,0.0322,06:00PM,0.97,rain,1022.81,rain,59.91
2018-09-10,62.72,1.0,0.0849,05:00AM,0.83,rain,1019.81,rain,62.11
2018-09-11,74.35,0.92,0.0131,02:00PM,0.0,rain,1020.37,cloudy,73.01
2018-09-12,75.67,0.97,0.007,09:00PM,0.35,rain,1023.26,rain,74.01
2018-09-13,74.33,0.88,0.0017,03:00AM,0.0,rain,1023.94,cloudy,73.17
2018-09-14,72.81,0.8,0.0003,02:00AM,0.0,none,1022.8,cloudy,72.12
2018-09-15,73.28,0.77,0.0003,07:00AM,0.0,none,1022.0,clear-night,72.68
2018-09-16,75.57,0.74,0.0,05:01AM,0.0,none,1022.03,clear-night,74.91
2018-09-17,76.34,0.88,0.0011,06:00PM,0.0,rain,1015.47,partly-cloudy-night,75.01
2018-09-18,73.4,0.94,0.1312,02:00PM,0.0,rain,1008.17,partly-cloudy-night,72.09
2018-09-19,73.84,0.85,0.0003,05:00PM,0.0,none,1014.83,partly-cloudy-night,72.88
2018-09-20,68.45,0.76,0.0,05:01AM,0.0,none,1023.84,cloudy,68.35
2018-09-21,73.1,0.8,0.0001,08:00AM,0.0,none,1016.51,cloudy,72.39
2018-09-22,65.89,0.58,0.0081,05:00AM,0.0,rain,1022.04,partly-cloudy-night,65.89
2018-09-23,63.97,0.83,0.0025,06:00PM,0.0,rain,1024.18,cloudy,63.96
2018-09-24,63.0,0.69,0.0006,01:00AM,0.0,rain,1032.1,partly-cloudy-night,63.0
2018-09-25,72.77,0.98,0.18,03:00PM,0.92,rain,1021.57,rain,71.32
2018-09-26,77.27,0.89,0.1104,04:00AM,0.0,rain,1011.6,partly-cloudy-night,75.83
2018-09-27,68.08,0.75,0.0159,10:00PM,0.0,rain,1019.13,cloudy,68.04
2018-09-28,60.78,0.86,0.3667,07:00AM,0.0,rain,1019.3,partly-cloudy-night,60.78
2018-09-29,66.59,0.64,0.0,05:01AM,0.0,none,1023.21,partly-cloudy-night,66.59
2018-09-30,64.95,0.77,0.0,05:01AM,0.0,none,1025.7,clear-night,64.95
2018-10-01,71.82,0.85,0.0005,11:00PM,0.0,none,1023.44,partly-cloudy-night,71.01
2018-10-02,74.56,0.83,0.3115,11:00PM,0.0,rain,1016.33,partly-cloudy-night,73.62
2018-10-03,68.82,0.73,0.1656,12:00AM,0.0,rain,1017.87,partly-cloudy-night,68.8
2018-10-04,73.93,0.86,0.0213,06:00PM,0.06,rain,1013.78,cloudy,72.89
2018-10-05,64.83,0.75,0.0,05:01AM,0.0,none,1021.12,partly-cloudy-night,64.83
2018-10-06,66.41,0.94,0.0016,11:00AM,0.13,rain,1022.27,cloudy,65.73
2018-10-07,75.49,0.86,0.0016,08:00PM,0.0,rain,1022.94,partly-cloudy-night,74.32
2018-10-08,64.41,0.96,0.0047,07:00AM,0.16,rain,1029.85,cloudy,63.83
2018-10-09,72.49,0.92,0.0029,02:00AM,0.0,rain,1023.76,partly-cloudy-night,71.32
2018-10-10,74.4,0.94,0.0011,12:00PM,0.0,rain,1014.62,partly-cloudy-night,73.0
2018-10-11,71.6,0.99,0.0914,05:00PM,0.94,rain,1002.63,rain,70.23
2018-10-12,54.88,0.56,0.0761,05:00AM,0.0,rain,1007.48,clear-night,54.88
2018-10-13,52.59,0.66,0.0248,09:00AM,0.0,rain,1015.66,clear-night,52.59
2018-10-14,54.79,0.61,0.0011,01:00PM,0.0,rain,1023.24,partly-cloudy-night,54.79
2018-10-15,66.56,0.86,0.0164,11:00AM,0.0,rain,1012.09,cloudy,66.2
2018-10-16,51.83,0.57,0.0089,01:00AM,0.0,rain,1018.44,partly-cloudy-night,51.83
2018-10-17,56.08,0.47,0.0,05:01AM,0.0,none,1015.56,partly-cloudy-night,56.08
2018-10-18,45.91,0.39,0.0,05:01AM,0.0,none,1027.4,clear-night,47.84
2018-10-19,56.66,0.56,0.0,05:01AM,0.0,none,1017.41,partly-cloudy-night,56.66
2018-10-20,56.18,0.67,0.0071,04:00AM,0.0,rain,1002.76,partly-cloudy-night,56.18
2018-10-21,38.18,0.48,0.0025,07:00AM,0.0,rain,1019.6,clear-night,42.64
2018-10-22,48.31,0.59,0.0,05:01AM,0.0,none,1021.93,partly-cloudy-night,49.0
2018-10-23,56.73,0.52,0.0008,07:00PM,0.01,none,1014.55,partly-cloudy-night,56.73
2018-10-24,50.3,0.5,0.001,01:00AM,0.0,none,1020.18,partly-cloudy-night,50.3
2018-10-25,42.26,0.55,0.0,05:01AM,0.0,none,1018.81,clear-night,45.31
2018-10-26,44.55,0.71,0.0002,01:00PM,0.0,none,1018.39,cloudy,47.79
2018-10-27,50.69,0.97,0.0922,05:00AM,0.29,rain,999.12,cloudy,50.69
2018-10-28,51.17,0.76,0.0063,12:00AM,0.0,rain,1009.41,cloudy,51.17
2018-10-29,52.67,0.62,0.0104,01:00AM,0.01,rain,1012.57,partly-cloudy-night,52.67
2018-10-30,50.76,0.43,0.0016,07:00PM,0.0,rain,1019.24,clear-night,50.76
2018-10-31,60.15,0.72,0.0001,07:00AM,0.0,none,1013.57,partly-cloudy-night,60.15
2018-11-01,64.0,0.8,0.0,05:01AM,0.0,none,1009.78,partly-cloudy-night,64.0
2018-11-02,64.52,0.99,0.1424,10:00PM,0.0,rain,1006.04,cloudy,63.8
2018-11-03,52.95,0.48,0.1557,03:00AM,0.0,rain,1020.86,clear-night,52.95
2018-11-04,47.5,0.65,0.0023,06:00AM,0.0,rain,1032.36,clear-night,47.5
2018-11-05,51.76,0.96,0.0524,11:00AM,0.8,rain,1021.07,rain,51.76
2018-11-06,57.28,0.98,0.5273,12:00PM,0.29,rain,1009.28,partly-cloudy-night,57.25
2018-11-07,59.32,0.49,0.0002,05:00AM,0.0,none,1016.92,partly-cloudy-night,59.32
2018-11-08,45.85,0.52,0.0,05:01AM,0.0,none,1026.27,clear-night,48.73
2018-11-09,50.51,0.98,0.2149,07:00PM,0.98,rain,1013.95,rain,50.51
2018-11-10,31.68,0.39,0.0108,12:00AM,0.0,rain,1021.84,clear-night,38.02
2018-11-11,40.71,0.53,0.0011,12:00AM,0.0,none,1028.08,clear-night,40.71
2018-11-12,45.55,0.7,0.0029,11:00PM,0.0,rain,1027.88,partly-cloudy-night,45.55
2018-11-13,38.89,0.65,0.1403,05:00AM,0.0,rain,1016.94,cloudy,44.6
2018-11-14,27.8,0.45,0.0,05:01AM,0.0,none,1034.06,partly-cloudy-night,34.42
2018-11-15,22.44,1.0,0.0627,05:00PM,0.5,snow,1021.26,sleet,31.52
2018-11-16,34.86,0.66,0.0571,06:00AM,0.0,rain,1011.73,partly-cloudy-night,40.76
2018-11-17,40.87,0.6,0.0,05:01AM,0.0,none,1024.01,cloudy,44.65
2018-11-18,43.03,0.7,0.0,05:01AM,0.0,none,1025.14,cloudy,43.03
2018-11-19,46.52,0.78,0.0,05:01AM,0.0,none,1015.63,partly-cloudy-night,46.52
2018-11-20,39.48,0.6,0.0012,07:00AM,0.0,rain,1015.97,cloudy,43.64
2018-11-21,30.39,0.64,0.006,07:00PM,0.0,snow,1019.16,cloudy,37.68
2018-11-22,11.1,0.32,0.0,05:01AM,0.0,none,1034.67,clear-night,21.87
2018-11-23,29.97,0.39,0.0,05:01AM,0.0,none,1031.22,clear-night,29.97
2018-11-24,41.77,0.94,0.3288,11:00PM,0.7,rain,1009.06,rain,46.14
2018-11-25,50.77,0.63,0.2538,01:00AM,0.0,rain,1014.02,cloudy,50.77
2018-11-26,44.07,0.95,0.1992,04:00PM,1.0,rain,995.96,rain,48.74
2018-11-27,32.92,0.58,0.0117,12:00AM,0.0,rain,998.13,cloudy,39.81
2018-11-28,35.0,0.57,0.0,05:01AM,0.0,none,1004.0,cloudy,40.96
2018-11-29,35.68,0.55,0.0,05:01AM,0.0,none,1015.51,cloudy,40.91
2018-11-30,39.34,0.85,0.0041,03:00PM,0.0,rain,1018.61,cloudy,39.34
2018-12-01,38.82,0.82,0.0083,09:00PM,0.75,rain,1021.39,rain,41.63
2018-12-02,52.59,1.0,0.0782,04:00AM,0.54,rain,1002.83,rain,52.59
2018-12-03,44.53,0.59,0.0003,12:00AM,0.0,none,1006.88,partly-cloudy-night,48.32
2018-12-04,29.57,0.46,0.0,05:01AM,0.0,none,1017.54,clear-night,34.79
2018-12-05,29.92,0.51,0.0,05:01AM,0.0,none,1018.63,partly-cloudy-night,33.54
2018-12-06,31.9,0.54,0.0,05:01AM,0.0,none,1021.65,partly-cloudy-night,37.66
2018-12-07,23.97,0.44,0.0,05:01AM,0.0,none,1030.74,clear-night,31.27
2018-12-08,31.25,0.57,0.0,05:01AM,0.0,none,1033.41,partly-cloudy-night,31.25
2018-12-09,28.54,0.58,0.0003,11:00AM,0.0,none,1023.64,clear-night,32.69
2018-12-10,33.42,0.54,0.0,05:01AM,0.0,none,1021.34,clear-night,33.42
2018-12-11,30.31,0.62,0.0,05:01AM,0.0,none,1014.72,clear-night,34.68
2018-12-12,34.48,0.64,0.0,05:01AM,0.0,none,1023.64,partly-cloudy-night,34.48
2018-12-13,34.91,0.93,0.0014,01:00PM,0.0,rain,1031.63,cloudy,38.99
2018-12-14,47.66,0.96,0.0092,11:00PM,0.09,rain,1026.89,cloudy,47.66
2018-12-15,47.36,0.72,0.0339,02:00AM,0.0,rain,1020.0,partly-cloudy-night,49.93
2018-12-16,32.24,0.95,0.1232,06:00AM,1.0,rain,1009.31,rain,38.66
2018-12-17,36.31,0.5,0.0031,01:00AM,0.0,rain,1008.34,cloudy,42.55
2018-12-18,23.28,0.49,0.0,05:01AM,0.0,none,1020.9,clear-night,31.16
2018-12-19,36.08,0.64,0.0,05:01AM,0.0,none,1020.01,clear-night,36.08
2018-12-20,40.62,0.96,0.04,07:00PM,1.0,rain,1014.6,rain,44.01
2018-12-21,54.71,0.96,0.2207,07:00AM,0.0,rain,991.23,cloudy,54.71
2018-12-22,36.57,0.56,0.0005,07:00AM,0.0,none,1011.24,cloudy,42.81
2018-12-23,37.32,0.61,0.0003,11:00PM,0.0,none,1019.19,partly-cloudy-night,39.58
2018-12-24,33.29,0.56,0.0098,04:00AM,0.0,rain,1018.88,partly-cloudy-night,39.27
2018-12-25,31.22,0.52,0.0,05:01AM,0.0,none,1027.22,partly-cloudy-night,36.79
2018-12-26,34.19,0.63,0.0,05:01AM,0.0,none,1031.81,clear-night,37.98
2018-12-27,36.64,0.73,0.0,05:01AM,0.0,none,1035.16,partly-cloudy-night,38.71
2018-12-28,56.75,0.99,0.1741,11:00AM,0.12,rain,1010.94,cloudy,56.73
2018-12-29,38.94,0.56,0.0001,06:00AM,0.0,none,1021.11,partly-cloudy-night,43.43
2018-12-30,37.71,0.79,0.0001,10:00PM,0.0,none,1025.1,partly-cloudy-night,37.71
2018-12-31,38.77,0.97,0.2171,10:00PM,1.0,rain,1019.36,rain,43.74
2019-01-01,39.07,0.59,0.1339,12:00AM,0.0,rain,1019.33,partly-cloudy-night,44.29
2019-01-02,31.74,0.61,0.0,05:01AM,0.0,none,1023.7,cloudy,36.51
2019-01-03,37.38,0.59,0.0001,07:00AM,0.0,none,1016.86,partly-cloudy-night,37.38
2019-01-04,42.03,0.76,0.0001,01:00PM,0.0,none,1011.72,clear-night,43.4
2019-01-05,40.82,0.9,0.0778,03:00AM,0.06,rain,1003.25,partly-cloudy-night,44.58
2019-01-06,30.14,0.43,0.0001,12:00PM,0.0,none,1021.61,partly-cloudy-night,38.52
2019-01-07,31.42,0.34,0.0,05:01AM,0.0,none,1028.62,cloudy,31.42
2019-01-08,41.85,0.94,0.0112,04:00AM,0.06,rain,1006.92,cloudy,41.85
2019-01-09,30.54,0.41,0.0792,12:00AM,0.0,rain,1003.79,partly-cloudy-night,38.06
2019-01-10,21.95,0.54,0.0,05:01AM,0.0,none,1012.98,partly-cloudy-night,31.23
2019-01-11,16.29,0.32,0.0,05:01AM,0.0,none,1028.1,clear-night,25.7
2019-01-12,27.6,0.43,0.0,05:01AM,0.0,none,1033.23,partly-cloudy-night,30.63
2019-01-13,19.81,0.46,0.0023,02:00AM,0.0,snow,1026.45,partly-cloudy-night,28.95
2019-01-14,28.52,0.48,0.0,05:01AM,0.0,none,1021.2,clear-night,28.52
2019-01-15,30.92,0.57,0.0,05:01AM,0.0,none,1020.63,clear-night,30.92
2019-01-16,31.77,0.52,0.0,05:01AM,0.0,none,1019.97,partly-cloudy-night,38.04
2019-01-17,26.49,0.49,0.0,05:01AM,0.0,none,1026.56,partly-cloudy-night,29.64
2019-01-18,30.79,0.86,0.0034,12:00PM,0.0,snow,1019.53,partly-cloudy-night,34.98
2019-01-19,30.32,0.79,0.0237,10:00PM,0.0,rain,1017.36,cloudy,36.56
2019-01-20,2.33,0.59,0.1636,03:00AM,0.0,rain,1003.67,partly-cloudy-night,17.74
2019-01-21,-4.4,0.43,0.0,05:01AM,0.0,none,1025.0,clear-night,11.17
2019-01-22,27.1,0.42,0.0,05:01AM,0.0,none,1036.97,partly-cloudy-night,27.1
2019-01-23,39.46,0.76,0.0,05:01AM,0.0,none,1017.19,cloudy,41.71
2019-01-24,33.49,0.69,0.218,12:00PM,0.0,rain,1001.6,cloudy,40.59
2019-01-25,26.06,0.33,0.0,05:01AM,0.0,none,1019.55,clear-night,33.29
2019-01-26,31.98,0.47,0.0,05:01AM,0.0,none,1024.05,cloudy,31.98
2019-01-27,39.64,0.55,0.0001,10:00PM,0.0,none,1014.55,partly-cloudy-night,42.29
2019-01-28,26.59,0.4,0.0,05:01AM,0.0,none,1017.74,clear-night,26.59
2019-01-29,33.8,0.93,0.0611,08:00PM,1.0,rain,1009.38,rain,39.89
2019-01-30,-5.44,0.33,0.005,04:00PM,0.0,snow,1020.07,clear-night,11.12
2019-01-31,2.43,0.36,0.0,05:01AM,0.0,none,1029.62,clear-night,14.3
2019-02-01,13.23,0.44,0.0001,04:00PM,0.0,none,1028.79,partly-cloudy-night,19.49
2019-02-02,22.75,0.65,0.0,05:01AM,0.0,none,1019.13,partly-cloudy-night,31.23
2019-02-03,36.51,0.79,0.0,05:01AM,0.0,none,1020.07,partly-cloudy-night,39.32
2019-02-04,43.67,0.75,0.0,05:01AM,0.0,none,1016.14,clear-night,43.67
2019-02-05,53.62,0.66,0.0002,04:00AM,0.0,none,1016.2,partly-cloudy-night,53.62
2019-02-06,35.38,0.92,0.1027,10:00PM,0.86,rain,1019.84,rain,40.53
2019-02-07,40.72,0.94,0.0822,12:00AM,0.0,rain,1019.02,cloudy,42.65
2019-02-08,32.91,0.36,0.0844,02:00AM,0.0,rain,1019.34,clear-night,40.92
2019-02-09,22.36,0.4,0.0,05:01AM,0.0,none,1039.34,clear-night,29.1
2019-02-10,28.29,0.36,0.0,05:01AM,0.0,none,1030.9,partly-cloudy-night,33.48
2019-02-11,31.55,0.46,0.0019,11:00AM,0.0,snow,1027.46,partly-cloudy-night,35.1
2019-02-12,26.21,0.98,0.043,06:00PM,0.68,rain,1013.07,rain,33.89
2019-02-13,26.4,0.53,0.0435,12:00AM,0.0,rain,1009.46,clear-night,34.7
2019-02-14,41.24,0.44,0.0082,01:00PM,0.0,rain,1017.32,partly-cloudy-night,41.24
2019-02-15,52.07,0.63,0.0013,05:00AM,0.0,rain,1003.66,cloudy,52.07
2019-02-16,31.23,0.44,0.0002,12:00AM,0.0,none,1013.95,clear-night,37.25
2019-02-17,28.41,0.64,0.0077,11:00PM,0.0,rain,1017.4,cloudy,33.92
2019-02-18,20.83,0.54,0.0258,06:00AM,0.0,rain,1021.88,partly-cloudy-night,30.91
2019-02-19,27.88,0.34,0.0,05:01AM,0.0,none,1035.88,clear-night,32.6
2019-02-20,23.35,0.97,0.0245,11:00PM,0.55,snow,1026.25,sleet,29.51
2019-02-21,44.12,0.57,0.0923,01:00AM,0.0,rain,1017.4,clear-night,46.46
2019-02-22,35.63,0.49,0.0006,10:00PM,0.0,none,1030.21,clear-night,39.72
2019-02-23,34.88,0.78,0.0007,10:00AM,0.0,rain,1026.73,cloudy,38.03
2019-02-24,39.25,0.82,0.1716,07:00AM,0.0,rain,995.93,partly-cloudy-night,45.5
2019-02-25,26.98,0.34,0.0013,11:00AM,0.0,rain,1018.54,clear-night,35.4
2019-02-26,21.11,0.36,0.0016,06:00AM,0.0,snow,1029.37,partly-cloudy-night,30.04
2019-02-27,20.94,0.58,0.0015,11:00PM,0.0,snow,1020.77,cloudy,28.19
2019-02-28,26.66,0.42,0.0034,03:00AM,0.0,snow,1024.76,clear-night,32.1
2019-03-01,27.87,0.82,0.0168,01:00PM,0.0,snow,1024.77,cloudy,33.83
2019-03-02,33.76,0.76,0.0419,05:00AM,0.0,snow,1017.53,cloudy,38.35
2019-03-03,32.93,0.98,0.0881,10:00PM,0.76,snow,1014.59,snow,32.93
2019-03-04,28.36,0.52,0.0775,01:00AM,0.0,snow,1012.87,partly-cloudy-night,33.74
2019-03-05,20.16,0.43,0.0019,01:00PM,0.0,snow,1014.58,clear-night,28.44
2019-03-06,14.43,0.5,0.0018,04:00AM,0.0,snow,1022.99,partly-cloudy-night,23.02
2019-03-07,24.59,0.45,0.0013,06:00AM,0.0,snow,1026.88,partly-cloudy-night,29.77
2019-03-08,35.55,0.58,0.0054,12:00PM,0.0,snow,1024.26,partly-cloudy-night,35.55
2019-03-09,35.6,0.6,0.003,11:00AM,0.0,rain,1026.8,clear-night,38.24
2019-03-10,39.6,0.98,0.0946,11:00AM,0.0,rain,1013.2,cloudy,39.6
2019-03-11,50.69,0.31,0.0001,12:00AM,0.0,none,1015.78,clear-night,50.69
2019-03-12,33.54,0.41,0.0003,01:00PM,0.0,none,1024.61,clear-night,39.81
2019-03-13,34.2,0.62,0.0016,05:00PM,0.0,rain,1026.38,partly-cloudy-night,39.59
2019-03-14,44.82,0.72,0.0,05:01AM,0.0,none,1018.32,partly-cloudy-night,48.14
2019-03-15,62.3,0.69,0.1669,10:00PM,0.0,rain,1003.37,partly-cloudy-night,62.3
2019-03-16,38.5,0.39,0.0123,12:00AM,0.0,rain,1017.83,partly-cloudy-night,44.01
2019-03-17,36.7,0.28,0.0,05:01AM,0.0,none,1021.4,clear-night,41.92
2019-03-18,39.84,0.37,0.0,05:01AM,0.0,none,1025.66,partly-cloudy-night,42.05
2019-03-19,42.32,0.38,0.0014,02:00AM,0.0,rain,1028.72,partly-cloudy-night,44.33
2019-03-20,38.46,0.63,0.0001,04:00AM,0.0,none,1026.03,clear-night,43.91
2019-03-21,37.92,0.88,0.0583,11:00PM,0.68,rain,1009.01,rain,43.89
2019-03-22,39.92,0.52,0.1578,01:00AM,0.0,rain,997.06,partly-cloudy-night,45.75
2019-03-23,38.78,0.24,0.0001,05:00AM,0.0,none,1017.07,clear-night,44.97
2019-03-24,57.43,0.23,0.0,05:01AM,0.0,none,1016.86,partly-cloudy-night,57.43
2019-03-25,45.46,0.48,0.0001,06:00AM,0.0,none,1017.9,cloudy,47.56
2019-03-26,41.56,0.16,0.0003,02:00PM,0.0,none,1025.35,clear-night,45.52
2019-03-27,33.11,0.53,0.001,05:00AM,0.0,none,1032.99,clear-night,38.35
2019-03-28,40.2,0.73,0.0,05:01AM,0.0,none,1024.33,partly-cloudy-night,44.32
2019-03-29,54.7,0.68,0.0,05:01AM,0.0,none,1018.96,cloudy,54.7
2019-03-30,56.92,0.59,0.0002,06:00AM,0.0,none,1012.84,partly-cloudy-night,56.92
2019-03-31,40.07,0.48,0.0212,01:00PM,0.0,rain,1010.04,partly-cloudy-night,46.06
2019-04-01,40.02,0.26,0.0,05:01AM,0.0,none,1026.0,clear-night,43.61
2019-04-02,39.7,0.63,0.0031,11:00PM,0.0,rain,1022.97,cloudy,43.95
2019-04-03,63.3,0.14,0.0083,03:00AM,0.0,rain,1016.19,clear-night,63.3
2019-04-04,54.5,0.22,0.0014,12:00PM,0.0,rain,1028.37,clear-night,54.5
2019-04-05,33.62,0.9,0.0334,11:00PM,0.91,rain,1027.13,rain,38.27
2019-04-06,61.36,0.45,0.0201,12:00AM,0.0,rain,1021.61,clear-night,61.36
2019-04-07,55.13,0.65,0.0,05:01AM,0.0,none,1020.13,partly-cloudy-night,55.13
2019-04-08,72.78,0.46,0.0781,03:00AM,0.0,rain,1005.54,partly-cloudy-night,72.78
2019-04-09,43.05,0.98,0.0246,07:00PM,0.55,rain,1002.15,rain,45.12
2019-04-10,52.81,0.37,0.0011,02:00PM,0.0,rain,1014.03,clear-night,52.81
2019-04-11,43.99,0.44,0.0,05:01AM,0.0,none,1025.17,cloudy,46.42
2019-04-12,60.21,0.85,0.1513,11:00PM,0.27,rain,1020.13,cloudy,60.21
2019-04-13,66.51,0.67,0.1411,06:00AM,0.0,rain,1015.84,clear-night,66.51
2019-04-14,60.49,0.93,0.0041,11:00PM,0.0,rain,1005.14,cloudy,60.37
2019-04-15,43.41,0.53,0.668,05:00AM,0.0,rain,1004.43,partly-cloudy-day,48.99
2019-04-16,60.47,0.28,0.0015,05:00PM,0.0,rain,1014.86,partly-cloudy-day,60.47
2019-04-17,51.72,0.44,0.0021,03:00PM,0.0,rain,1022.23,partly-cloudy-day,51.72
2019-04-18,57.47,0.78,0.0001,06:00AM,0.0,none,1011.85,partly-cloudy-day,57.47
2019-04-19,64.7,0.8,0.0251,10:00PM,0.0,rain,1007.57,cloudy,64.7
2019-04-20,56.88,0.75,0.1668,03:00AM,0.0,rain,1009.84,partly-cloudy-day,56.88
2019-04-21,57.49,0.66,0.0052,05:00AM,0.0,rain,1017.73,partly-cloudy-day,57.49
2019-04-22,58.06,0.95,0.0786,04:00PM,0.42,rain,1015.6,rain,58.06
2019-04-23,62.89,0.64,0.0007,12:00AM,0.0,none,1010.11,partly-cloudy-day,62.89
2019-04-24,66.52,0.35,0.0168,01:00AM,0.0,rain,1009.32,clear-day,66.52
2019-04-25,52.3,0.79,0.0101,07:00PM,0.1,rain,1013.7,cloudy,52.3
2019-04-26,57.45,0.98,0.1243,01:00PM,0.39,rain,994.6,rain,57.41
2019-04-27,56.05,0.39,0.0217,04:00AM,0.0,rain,1007.29,clear-day,56.05
2019-04-28,46.58,0.7,0.0,05:01AM,0.0,none,1020.04,partly-cloudy-day,49.8
2019-04-29,50.15,0.55,0.0,05:01AM,0.0,none,1026.24,partly-cloudy-day,50.15
2019-04-30,56.14,0.76,0.0259,05:00AM,0.0,rain,1026.9,partly-cloudy-day,56.14
2019-05-01,48.07,0.96,0.0008,09:00PM,0.0,rain,1025.57,cloudy,49.98
2019-05-02,55.26,0.84,0.0097,10:00PM,0.29,rain,1021.35,cloudy,55.26
2019-05-03,53.32,0.97,0.0009,10:00PM,0.0,rain,1015.81,cloudy,53.32
2019-05-04,61.52,0.83,0.1101,02:00AM,0.0,rain,1009.84,partly-cloudy-day,61.52
2019-05-05,51.61,0.97,0.1056,08:00PM,1.0,rain,1009.73,rain,51.61
2019-05-06,57.95,0.67,0.0257,12:00AM,0.0,rain,1017.89,cloudy,57.95
2019-05-07,64.13,0.71,0.0618,09:00PM,0.0,rain,1018.84,partly-cloudy-day,64.13
2019-05-08,59.94,0.63,0.0013,02:00AM,0.0,rain,1022.75,clear-day,59.94
2019-05-09,54.27,0.72,0.0,05:01AM,0.0,none,1024.73,cloudy,54.27
2019-05-10,70.89,0.7,0.0143,02:00PM,0.0,rain,1013.22,partly-cloudy-day,70.83
2019-05-11,65.38,0.44,0.0175,04:00AM,0.0,rain,1015.17,cloudy,65.38
2019-05-12,40.03,0.95,0.1532,02:00PM,0.39,rain,1011.95,rain,44.99
2019-05-13,42.6,0.95,0.1593,06:00PM,0.55,rain,1009.92,rain,47.1
2019-05-14,48.27,0.95,0.0773,08:00PM,0.85,rain,1009.36,rain,48.88
2019-05-15,62.85,0.56,0.005,12:00AM,0.0,rain,1009.25,partly-cloudy-day,62.85
2019-05-16,67.17,0.44,0.0117,05:00AM,0.0,rain,1010.54,partly-cloudy-day,67.17
2019-05-17,74.62,0.59,0.031,10:00PM,0.0,rain,1006.66,partly-cloudy-day,74.62
2019-05-18,64.37,0.5,0.0003,12:00AM,0.0,none,1016.12,partly-cloudy-day,64.37
2019-05-19,72.15,0.77,0.011,08:00AM,0.0,rain,1013.08,partly-cloudy-day,71.67
2019-05-20,82.19,0.49,0.1401,02:00AM,0.01,rain,1005.67,partly-cloudy-day,81.64
2019-05-21,69.3,0.24,0.0,05:01AM,0.0,none,1015.14,partly-cloudy-day,69.3
2019-05-22,70.35,0.33,0.0,05:01AM,0.0,none,1022.58,partly-cloudy-day,70.35
2019-05-23,66.06,0.87,0.0811,05:00PM,0.0,rain,1012.6,partly-cloudy-day,65.7
2019-05-24,70.48,0.48,0.0015,12:00AM,0.0,rain,1017.44,partly-cloudy-day,70.48
2019-05-25,62.38,0.59,0.0017,11:00PM,0.0,rain,1019.62,partly-cloudy-day,62.38
2019-05-26,72.42,0.83,0.0469,07:00PM,0.4,rain,1011.56,rain,71.66
2019-05-27,77.58,0.36,0.0003,12:00AM,0.0,none,1012.08,partly-cloudy-day,77.58
2019-05-28,69.35,0.84,0.0581,10:00PM,0.0,rain,1004.72,partly-cloudy-day,68.83
2019-05-29,56.73,0.99,0.4723,06:00PM,1.0,rain,1007.09,rain,56.7
2019-05-30,62.63,0.97,0.3532,07:00PM,1.0,rain,1005.95,rain,62.18
2019-05-31,76.58,0.51,0.0226,01:00AM,0.0,rain,1007.83,partly-cloudy-day,76.58
2019-06-01,69.61,0.69,0.0002,01:00AM,0.0,none,1008.73,partly-cloudy-day,69.61
2019-06-02,74.8,0.66,0.0729,10:00PM,0.0,rain,1004.34,partly-cloudy-day,74.56
2019-06-03,67.91,0.28,0.0056,12:00AM,0.0,rain,1014.77,clear-day,67.91
2019-06-04,69.82,0.37,0.0006,11:00AM,0.0,none,1016.41,partly-cloudy-day,69.82
2019-06-05,76.16,0.71,0.0003,04:00PM,0.0,none,1007.12,partly-cloudy-day,75.58
2019-06-06,79.64,0.5,0.0968,01:00AM,0.0,rain,1008.55,partly-cloudy-day,79.61
2019-06-07,70.06,0.77,0.0004,05:00PM,0.0,rain,1014.2,partly-cloudy-day,69.79
2019-06-08,70.84,0.41,0.0001,01:00AM,0.0,none,1022.42,partly-cloudy-day,70.84
2019-06-09,69.31,0.38,0.0,05:01AM,0.0,none,1025.01,clear-day,69.31
2019-06-10,68.58,0.99,0.1024,03:00PM,0.0,rain,1013.2,cloudy,67.48
2019-06-11,74.89,0.3,0.1434,04:00AM,0.0,rain,1015.6,clear-day,74.89
2019-06-12,66.54,0.51,0.0,05:01AM,0.0,none,1020.57,partly-cloudy-day,66.54
2019-06-13,64.57,0.75,0.1757,10:00AM,0.0,rain,1007.25,cloudy,64.57
2019-06-14,74.05,0.31,0.0217,12:00AM,0.0,rain,1014.42,partly-cloudy-day,74.05
2019-06-15,76.93,0.42,0.0009,11:00PM,0.0,rain,1015.02,partly-cloudy-day,76.93
2019-06-16,76.2,0.76,0.0092,08:00PM,0.15,rain,1009.46,partly-cloudy-day,75.37
2019-06-17,73.91,0.75,0.0037,02:00AM,0.0,rain,1015.23,partly-cloudy-day,73.36
2019-06-18,70.47,0.97,0.156,06:00PM,0.86,rain,1010.87,rain,69.27
2019-06-19,68.69,0.97,0.1459,09:00PM,0.0,rain,1008.31,cloudy,67.67
2019-06-20,75.72,0.88,0.0671,08:00PM,0.22,rain,997.72,partly-cloudy-day,74.43
2019-06-21,76.28,0.4,0.1372,09:00AM,0.0,rain,1006.7,clear-day,76.28
2019-06-22,78.12,0.33,0.0,05:01AM,0.0,none,1012.66,partly-cloudy-day,78.12
2019-06-23,81.97,0.36,0.0,05:01AM,0.0,none,1011.6,clear-day,81.97
2019-06-24,77.51,0.63,0.0002,06:00PM,0.0,none,1010.18,partly-cloudy-day,77.15
2019-06-25,83.96,0.65,0.2181,08:00AM,0.0,rain,1010.0,partly-cloudy-day,81.11
2019-06-26,84.66,0.44,0.0005,12:00AM,0.0,rain,1015.75,partly-cloudy-day,84.66
2019-06-27,86.3,0.34,0.0002,12:00AM,0.0,none,1018.94,partly-cloudy-day,86.3
2019-06-28,83.14,0.43,0.0,05:01AM,0.0,none,1019.31,partly-cloudy-day,83.14
2019-06-29,77.2,0.77,0.0571,06:00PM,0.01,rain,1011.84,partly-cloudy-day,76.27
2019-06-30,79.12,0.41,0.0033,04:00PM,0.0,rain,1008.89,partly-cloudy-day,79.12
